date,pid,name,team,min,pts,reb,ast,fg3m,stl,blk,tov,fp,base_season,base_last,stamp,logged_at
2026-10-09,4397189,Jalen Smith,CHI,29.14,14.644,8.088,2.07,1.935,0.839,0.835,1.542,31.402,23.184,17.9,628a1a5c,2026-10-09T04:03:47+00:00
2026-10-09,4683750,Jordan Hawkins,CHI,26.96,12.262,3.69,2.689,1.889,0.894,0.359,1.572,23.572,9.48,26.75,628a1a5c,2026-10-09T04:03:47+00:00
2026-10-09,4711294,Matas Buzelis,CHI,22.07,12.288,4.584,1.725,1.565,0.642,0.882,1.513,23.678,31.143,35.45,628a1a5c,2026-10-09T04:03:47+00:00
2026-10-09,4871145,Josh Giddey,CHI,22.02,11.516,5.097,5.54,1.359,0.759,0.341,2.14,28.008,43.287,39.05,628a1a5c,2026-10-09T04:03:47+00:00
2026-10-09,4395626,Tre Jones,CHI,20.25,10.982,2.55,3.758,0.791,0.833,0.185,1.129,21.674,28.346,35.3,628a1a5c,2026-10-09T04:03:47+00:00
2026-10-09,2595516,Norman Powell,CHI,20.22,13.829,2.527,1.984,1.678,0.76,0.209,1.276,22.103,31.942,22.9,628a1a5c,2026-10-09T04:03:47+00:00
2026-10-09,4432822,Isaac Okoro,CHI,19.93,7.761,2.627,1.413,0.951,0.637,0.388,0.742,15.319,17.679,19.95,628a1a5c,2026-10-09T04:03:47+00:00
2026-10-09,4431687,Patrick Williams,CHI,19.69,7.729,3.268,1.615,1.223,0.688,0.405,1.038,16.515,15.156,29.2,628a1a5c,2026-10-09T04:03:47+00:00
2026-10-09,4278067,Nic Claxton,CHI,19.06,8.512,5.152,2.33,0.192,0.487,0.797,1.02,20.602,28.761,22.25,628a1a5c,2026-10-09T04:03:47+00:00
2026-10-09,5044385,Leonard Miller,CHI,18.85,9.56,4.404,1.403,0.954,0.577,0.423,1.028,19.132,15.418,35.25,628a1a5c,2026-10-09T04:03:47+00:00
2026-10-09,2990984,Buddy Hield,CHI,17.33,8.699,2.491,1.925,1.392,0.722,0.206,1.069,16.719,14.716,11.7,628a1a5c,2026-10-09T04:03:47+00:00
2026-10-09,4898238,John Poulakidas,DAL,30.46,14.726,3.748,3.043,2.513,1.117,0.424,1.438,27.594,15.731,22.8,628a1a5c,2026-10-09T04:03:47+00:00
2026-10-09,4278049,Daniel Gafford,DAL,30.0,13.678,8.034,1.91,0.686,1.055,1.122,1.545,30.512,23.164,26.75,628a1a5c,2026-10-09T04:03:47+00:00
2026-10-09,4701208,Moussa Cisse,DAL,28.09,11.039,9.867,1.426,0.447,0.9,1.529,1.529,29.83,15.311,31.75,628a1a5c,2026-10-09T04:03:47+00:00
2026-10-09,5211175,Zaccharie Risacher,DAL,26.2,11.357,4.676,1.634,1.498,0.972,0.603,1.183,22.959,19.175,13.15,628a1a5c,2026-10-09T04:03:47+00:00
2026-10-09,2531367,Dwight Powell,DAL,22.71,7.286,5.669,1.902,0.632,0.811,0.509,1.131,19.616,11.673,18.8,628a1a5c,2026-10-09T04:03:47+00:00
2026-10-09,4278078,P.J. Washington,DAL,21.82,9.965,4.684,1.36,1.022,0.716,0.596,1.142,20.423,29.527,25.95,628a1a5c,2026-10-09T04:03:47+00:00
2026-10-09,4278594,Naji Marshall,DAL,21.66,10.907,3.555,2.253,0.755,0.819,0.239,1.164,20.641,28.0,27.15,628a1a5c,2026-10-09T04:03:47+00:00
2026-10-09,5041939,Cooper Flagg,DAL,21.63,13.047,4.268,2.679,0.802,0.759,0.538,1.377,24.707,39.729,43.9,628a1a5c,2026-10-09T04:03:47+00:00
2026-10-09,4432582,Max Christie,DAL,20.91,9.065,2.365,1.688,1.573,0.614,0.263,0.992,16.596,21.724,22.1,628a1a5c,2026-10-09T04:03:47+00:00
2026-10-09,5105806,Jett Howard,DAL,16.79,7.616,2.103,1.59,1.17,0.524,0.225,0.736,14.346,9.795,8.3,628a1a5c,2026-10-09T04:03:47+00:00
2026-10-09,4432107,Marcus Sasser,DAL,14.38,6.468,1.631,2.052,1.059,0.562,0.17,0.891,13.134,10.862,6.15,628a1a5c,2026-10-09T04:03:47+00:00
2026-10-09,4432827,Oscar Tshiebwe,HOU,28.53,13.969,10.296,2.282,0.478,0.861,1.017,1.545,33.483,19.046,34.7,628a1a5c,2026-10-09T04:03:47+00:00
2026-10-09,4684740,Amen Thompson,HOU,25.97,12.96,5.096,3.717,0.553,1.041,0.375,1.629,27.201,39.139,45.6,628a1a5c,2026-10-09T04:03:47+00:00
2026-10-09,3202,Kevin Durant,HOU,24.53,16.73,3.962,3.093,1.515,0.638,0.601,1.876,28.619,41.731,47.95,628a1a5c,2026-10-09T04:03:47+00:00
2026-10-09,4432639,Jabari Smith Jr.,HOU,23.68,10.986,4.683,1.412,1.486,0.593,0.581,1.001,21.549,30.919,31.15,628a1a5c,2026-10-09T04:03:47+00:00
2026-10-09,3037789,Bogdan Bogdanovic,HOU,22.63,10.084,3.006,2.773,1.553,0.765,0.266,1.321,20.179,15.228,10.3,628a1a5c,2026-10-09T04:03:47+00:00
2026-10-09,4871144,Alperen Sengun,HOU,21.84,12.751,6.1,3.648,0.408,0.683,0.79,1.806,28.092,42.936,36.5,628a1a5c,2026-10-09T04:03:47+00:00
2026-10-09,2990992,Marcus Smart,HOU,21.14,7.653,2.298,2.5,1.179,0.932,0.264,1.153,16.682,20.871,20.25,628a1a5c,2026-10-09T04:03:47+00:00
2026-10-09,4433192,Tari Eason,HOU,19.24,8.203,4.438,1.314,1.061,0.769,0.379,0.999,18.049,23.967,21.9,628a1a5c,2026-10-09T04:03:47+00:00
2026-10-09,4711272,Reed Sheppard,HOU,18.23,9.38,2.15,2.372,1.671,0.881,0.352,1.024,18.417,27.159,22.1,628a1a5c,2026-10-09T04:03:47+00:00
2026-10-09,3102529,Clint Capela,HOU,16.53,6.245,5.766,1.117,0.236,0.532,0.86,0.799,17.631,12.883,14.95,628a1a5c,2026-10-09T04:03:47+00:00
2026-10-09,3136777,Jae'Sean Tate,HOU,15.17,6.309,3.033,1.268,0.652,0.475,0.284,0.755,13.469,6.239,12.3,628a1a5c,2026-10-09T04:03:47+00:00
2026-10-09,5105553,Julian Phillips,HOU,14.86,6.203,2.396,0.953,0.747,0.539,0.301,0.67,12.345,5.807,6.55,628a1a5c,2026-10-09T04:03:47+00:00
2026-10-09,4592857,Isaiah Crawford,HOU,10.39,4.753,2.061,0.887,0.515,0.333,0.228,0.543,9.767,4.643,6.6,628a1a5c,2026-10-09T04:03:47+00:00
2026-10-09,4709131,Sean Pedulla,HOU,5.87,2.796,0.788,0.793,0.378,0.217,0.07,0.34,5.564,3.607,2.1,628a1a5c,2026-10-09T04:03:47+00:00
2026-10-09,4684806,Taylor Hendricks,MEM,28.3,12.101,5.616,1.811,1.582,1.107,0.663,1.349,25.495,16.326,19.5,628a1a5c,2026-10-09T04:03:47+00:00
2026-10-09,4432810,Isaiah Stewart,MEM,27.62,12.81,6.904,1.744,0.79,0.585,1.539,1.463,27.966,21.5,18.6,628a1a5c,2026-10-09T04:03:47+00:00
2026-10-09,4595400,Olivier-Maxence Prosper,MEM,27.38,15.076,5.336,1.879,1.651,1.011,0.511,1.358,27.755,18.322,29.95,628a1a5c,2026-10-09T04:03:47+00:00
2026-10-09,4593016,Quinten Post,MEM,24.05,11.054,6.194,2.027,1.384,0.606,0.935,1.234,24.995,16.877,17.2,628a1a5c,2026-10-09T04:03:47+00:00
2026-10-09,2991070,Jerami Grant,MEM,22.52,13.363,3.148,1.732,1.612,0.664,0.501,1.425,22.322,29.035,27.4,628a1a5c,2026-10-09T04:03:47+00:00
2026-10-09,4683934,Jahmai Mashack,MEM,20.24,7.538,2.664,2.634,0.985,0.854,0.297,1.403,16.913,16.125,25.5,628a1a5c,2026-10-09T04:03:47+00:00
2026-10-09,4432185,Micah Peavy,MEM,18.81,6.851,2.433,1.759,0.911,0.781,0.225,0.752,14.623,9.963,22.9,628a1a5c,2026-10-09T04:03:47+00:00
2026-10-09,4903027,Cedric Coward,MEM,18.76,9.897,4.039,1.92,1.077,0.557,0.379,1.113,19.68,27.137,25.4,628a1a5c,2026-10-09T04:03:47+00:00
2026-10-09,5112087,Jaylen Wells,MEM,18.52,8.888,2.602,1.277,1.209,0.623,0.242,0.82,15.979,21.362,14.8,628a1a5c,2026-10-09T04:03:47+00:00
2026-10-09,4433083,Cam Spencer,MEM,18.01,8.512,2.056,3.848,1.42,0.619,0.171,0.998,18.644,24.712,25.9,628a1a5c,2026-10-09T04:03:47+00:00
2026-10-09,4065733,Ty Jerome,MEM,17.97,11.735,2.338,3.284,1.538,0.688,0.225,1.179,21.589,34.833,35.2,628a1a5c,2026-10-09T04:03:47+00:00
2026-10-09,4896372,Walter Clayton Jr.,MEM,17.18,7.292,1.884,3.146,1.034,0.586,0.219,1.257,15.866,17.909,25.3,628a1a5c,2026-10-09T04:03:47+00:00
2026-10-09,4781746,Javon Small,MEM,16.76,8.247,2.423,2.715,1.175,0.67,0.192,1.047,17.136,21.762,24.9,628a1a5c,2026-10-09T04:03:47+00:00
2026-10-09,4594326,Kris Murray,MEM,16.73,5.352,2.821,1.212,0.626,0.602,0.335,0.722,12.522,14.904,14.05,628a1a5c,2026-10-09T04:03:47+00:00
2026-10-09,5105550,GG Jackson,MEM,16.64,9.46,3.315,1.34,0.914,0.493,0.481,1.073,17.481,22.94,28.15,628a1a5c,2026-10-09T04:03:47+00:00
