season,week,player_id,name,pos,team,opp,kickoff,logged_at,late,stamp,status,car,tgt,att,rtd,rectd,ptd,int,fum,two,p_rushY,p_recY,p_passY,p_rec,p_comp,p_sacks,p_pts,bs_rushY,bs_recY,bs_passY,bs_rec,bs_comp,bs_sacks,bs_pts,bl_rushY,bl_recY,bl_passY,bl_rec,bl_comp,bl_sacks,bl_pts
2026,5,00-0023459,Aaron Rodgers,QB,PIT,IND,2026-10-11T17:00:00+00:00,2026-10-10T06:31:13+00:00,0,fdcb0cd3,,1.5,0.0,37.3,0.036,0.0,1.879,0.966,0.227,0.1522,6.08,0.0,249.375,0.0,20.931,2.745,17.425,3.0,0.0,249.75,0.0,22.0,3.25,16.54,5.0,0.0,259.333,0.0,21.333,3.667,17.873
2026,5,00-0026498,Matthew Stafford,QB,LA,BUF,2026-10-13T00:15:00+00:00,2026-10-10T06:31:13+00:00,0,fdcb0cd3,,2.4,0.0,38.8,0.07,0.0,1.539,1.345,0.11,0.0456,8.955,0.0,265.233,0.0,22.554,2.115,16.721,5.25,0.0,297.25,0.0,24.75,1.5,16.915,7.333,0.0,344.667,0.0,28.0,2.0,20.853
2026,5,00-0029604,Kirk Cousins,QB,LV,NE,2026-10-11T17:00:00+00:00,2026-10-10T06:31:13+00:00,0,fdcb0cd3,,2.8,0.0,35.7,0.058,0.0,2.353,0.97,0.109,0.1528,8.794,0.0,234.144,0.0,22.042,1.923,19.23,-0.5,0.0,256.5,0.0,23.25,1.25,20.71,1.333,0.0,288.667,0.0,24.0,1.667,22.347
2026,5,00-0030279,Keenan Allen,WR,IND,PIT,2026-10-11T17:00:00+00:00,2026-10-10T06:31:13+00:00,0,fdcb0cd3,Questionable,0.0,5.5,0.0,0.0,0.26,0.0,0.0,0.018,0.0103,0.0,38.084,0.0,3.61,0.0,0.0,8.98,0.0,33.333,0.0,4.333,0.0,0.0,9.667,0.0,33.333,0.0,4.333,0.0,0.0,9.667
2026,5,00-0030565,Geno Smith,QB,NYJ,CLE,2026-10-11T17:00:00+00:00,2026-10-10T06:31:13+00:00,0,fdcb0cd3,,2.7,0.0,31.8,0.075,0.0,1.408,0.203,0.226,0.1477,10.761,0.0,231.997,0.0,20.987,2.591,16.304,9.0,0.0,225.5,0.0,21.25,3.0,15.17,9.667,0.0,229.0,0.0,22.0,4.0,17.127
2026,5,00-0031381,Davante Adams,WR,LA,BUF,2026-10-13T00:15:00+00:00,2026-10-10T06:31:13+00:00,0,fdcb0cd3,,0.0,7.8,0.0,0.0,0.407,0.0,0.0,0.023,0.0135,0.0,75.919,0.0,4.66,0.0,0.0,14.697,0.0,97.5,0.0,5.5,0.0,0.0,18.25,0.0,121.333,0.0,6.333,0.0,0.0,22.467
2026,5,00-0031408,Mike Evans,WR,SF,SEA,2026-10-11T20:25:00+00:00,2026-10-10T06:31:13+00:00,0,fdcb0cd3,,0.0,5.4,0.0,0.0,0.328,0.0,0.0,0.017,0.0099,0.0,43.163,0.0,3.498,0.0,0.0,9.785,0.0,53.25,0.0,4.25,0.0,0.0,12.575,0.0,54.667,0.0,3.667,0.0,0.0,11.133
2026,5,00-0031588,Stefon Diggs,WR,WAS,NYG,2026-10-11T17:00:00+00:00,2026-10-10T06:31:13+00:00,0,fdcb0cd3,Out,0.0,6.1,0.0,0.0,0.439,0.0,0.0,0.018,0.0109,0.0,40.933,0.0,3.605,0.0,0.0,10.336,0.0,42.5,0.0,4.5,0.0,0.0,13.25,0.0,38.333,0.0,4.667,0.0,0.0,12.5
2026,5,00-0032464,Kalif Raymond,WR,CHI,GB,2026-10-11T17:00:00+00:00,2026-10-10T06:31:13+00:00,0,fdcb0cd3,,0.0,5.3,0.0,0.0,0.219,0.0,0.0,0.02,0.0098,0.0,45.9,0.0,4.129,0.0,0.0,10.034,0.0,55.0,0.0,5.25,0.0,0.0,12.25,0.0,45.333,0.0,4.333,0.0,0.0,10.867
2026,5,00-0032764,Derrick Henry,RB,BAL,ATL,2026-10-12T00:20:00+00:00,2026-10-10T06:31:13+00:00,0,fdcb0cd3,,19.0,1.5,0.0,1.096,0.053,0.0,0.0,0.068,0.0286,74.1,7.846,0.0,1.209,0.0,0.0,16.282,93.5,11.0,0.0,1.75,0.0,0.0,22.7,76.667,8.333,0.0,2.0,0.0,0.0,18.5
2026,5,00-0032775,Demarcus Robinson,WR,SF,SEA,2026-10-11T20:25:00+00:00,2026-10-10T06:31:13+00:00,0,fdcb0cd3,,0.0,2.7,0.0,0.0,0.186,0.0,0.0,0.009,0.0054,0.0,23.66,0.0,1.75,0.0,0.0,5.236,0.0,42.0,0.0,2.5,0.0,0.0,9.7,0.0,42.0,0.0,2.5,0.0,0.0,9.7
2026,5,00-0032950,Carson Wentz,QB,MIN,NO,2026-10-11T17:00:00+00:00,2026-10-10T06:31:13+00:00,0,fdcb0cd3,,3.2,0.0,21.4,0.084,0.0,1.292,0.271,0.105,0.1407,11.765,0.0,169.878,0.0,15.498,1.679,13.55,2.5,0.0,138.0,0.0,11.5,3.0,12.77,2.5,0.0,138.0,0.0,11.5,3.0,12.77
2026,5,00-0032951,Laquon Treadwell,WR,IND,PIT,2026-10-11T17:00:00+00:00,2026-10-10T06:31:13+00:00,0,fdcb0cd3,,0.0,2.4,0.0,0.0,0.075,0.0,0.0,0.009,0.0047,0.0,22.324,0.0,1.695,0.0,0.0,4.377,0.0,30.75,0.0,2.25,0.0,0.0,5.325,0.0,41.0,0.0,3.0,0.0,0.0,7.1
2026,5,00-0033077,Dak Prescott,QB,DAL,TB,2026-10-09T00:15:00+00:00,2026-10-10T06:31:13+00:00,1,fdcb0cd3,,2.8,0.0,36.6,0.089,0.0,1.871,0.385,0.11,0.1537,12.046,0.0,244.568,0.0,23.965,1.967,18.819,16.5,0.0,266.25,0.0,26.25,1.5,20.55,17.333,0.0,296.667,0.0,27.667,2.0,22.267
2026,5,00-0033090,Hunter Henry,TE,NE,LV,2026-10-11T17:00:00+00:00,2026-10-10T06:31:13+00:00,0,fdcb0cd3,,0.0,3.1,0.0,0.0,0.091,0.0,0.0,0.012,0.0059,0.0,24.187,0.0,2.269,0.0,0.0,5.237,0.0,33.25,0.0,3.0,0.0,0.0,6.325,0.0,35.667,0.0,3.0,0.0,0.0,6.567
2026,5,00-0033106,Jared Goff,QB,DET,ARI,2026-10-11T20:25:00+00:00,2026-10-10T06:31:13+00:00,0,fdcb0cd3,,2.4,0.0,38.2,0.078,0.0,2.213,0.19,0.109,0.0453,8.744,0.0,269.277,0.0,23.609,2.308,20.759,3.75,0.0,303.5,0.0,27.25,2.0,21.515,4.333,0.0,336.0,0.0,27.667,2.333,23.207
2026,5,00-0033110,Tyler Higbee,TE,LA,BUF,2026-10-13T00:15:00+00:00,2026-10-10T06:31:13+00:00,0,fdcb0cd3,,0.0,5.1,0.0,0.0,0.253,0.0,0.0,0.042,0.0096,0.0,37.478,0.0,3.779,0.0,0.0,9.023,0.0,47.0,0.0,5.0,0.0,0.0,11.367,0.0,47.0,0.0,5.0,0.0,0.0,11.367
2026,5,00-0033119,Jacoby Brissett,QB,ARI,DET,2026-10-11T20:25:00+00:00,2026-10-10T06:31:13+00:00,0,fdcb0cd3,,3.5,0.0,36.9,0.15,0.0,1.627,0.961,0.113,0.0454,13.814,0.0,220.693,0.0,23.752,2.235,16.635,10.75,0.0,204.5,0.0,25.75,1.75,15.755,9.667,0.0,180.333,0.0,25.333,2.0,15.513
2026,5,00-0033280,Christian McCaffrey,RB,SF,SEA,2026-10-11T20:25:00+00:00,2026-10-10T06:31:13+00:00,0,fdcb0cd3,,10.7,4.8,0.0,0.578,0.164,0.0,0.0,0.055,0.0235,43.588,25.658,0.0,3.693,0.0,0.0,15.058,54.5,30.5,0.0,4.0,0.0,0.0,18.5,50.0,34.0,0.0,3.667,0.0,0.0,20.067
2026,5,00-0033288,George Kittle,TE,SF,SEA,2026-10-11T20:25:00+00:00,2026-10-10T06:31:13+00:00,0,fdcb0cd3,,0.0,5.0,0.0,0.0,0.509,0.0,0.0,0.018,0.0093,0.0,42.883,0.0,3.587,0.0,0.0,10.929,0.0,61.0,0.0,4.0,0.0,0.0,16.1,0.0,77.333,0.0,4.667,0.0,0.0,20.4
2026,5,00-0033293,Aaron Jones,RB,MIN,NO,2026-10-11T17:00:00+00:00,2026-10-10T06:31:13+00:00,0,fdcb0cd3,,14.7,3.7,0.0,0.322,0.119,0.0,0.0,0.063,0.0264,62.496,19.0,0.0,2.72,0.0,0.0,13.505,74.25,17.0,0.0,2.25,0.0,0.0,12.875,85.667,22.667,0.0,3.0,0.0,0.0,13.833
2026,5,00-0033307,Kendrick Bourne,WR,ARI,DET,2026-10-11T20:25:00+00:00,2026-10-10T06:31:13+00:00,0,fdcb0cd3,,0.0,4.1,0.0,0.0,0.139,0.0,0.0,0.015,0.0079,0.0,34.99,0.0,2.997,0.0,0.0,7.332,0.0,36.0,0.0,4.0,0.0,0.0,7.6,0.0,36.0,0.0,4.0,0.0,0.0,7.6
2026,5,00-0033526,Samaje Perine,RB,CIN,MIA,2026-10-11T17:00:00+00:00,2026-10-10T06:31:13+00:00,0,fdcb0cd3,,3.6,1.5,0.0,0.084,0.06,0.0,0.0,0.024,0.0095,13.501,8.605,0.0,1.148,0.0,0.0,4.221,10.5,12.75,0.0,1.25,0.0,0.0,3.575,7.333,7.0,0.0,0.667,0.0,0.0,2.1
2026,5,00-0033537,Deshaun Watson,QB,CLE,NYJ,2026-10-11T17:00:00+00:00,2026-10-10T06:31:13+00:00,0,fdcb0cd3,,7.8,0.0,31.6,0.146,0.0,1.516,0.612,0.172,0.1609,32.11,0.0,218.256,0.0,21.069,2.425,18.417,31.75,0.0,213.75,0.0,20.0,2.75,17.475,29.667,0.0,216.667,0.0,21.333,2.0,18.3
2026,5,00-0033555,Mack Hollins,WR,NE,LV,2026-10-11T17:00:00+00:00,2026-10-10T06:31:13+00:00,0,fdcb0cd3,Out,0.0,4.1,0.0,0.0,0.116,0.0,0.0,0.014,0.0077,0.0,38.466,0.0,2.715,0.0,0.0,7.257,0.0,52.25,0.0,3.75,0.0,0.0,8.975,0.0,52.667,0.0,3.667,0.0,0.0,8.933
2026,5,00-0033662,Cooper Rush,QB,ATL,BAL,2026-10-12T00:20:00+00:00,2026-10-10T06:31:13+00:00,0,fdcb0cd3,,0.8,0.0,22.1,0.033,0.0,0.778,1.399,0.101,0.0392,3.578,0.0,165.89,0.0,15.531,1.598,8.882,10.0,0.0,114.5,0.0,11.0,2.5,5.08,10.0,0.0,114.5,0.0,11.0,2.5,5.08
2026,5,00-0033881,Evan Engram,TE,DEN,LAC,2026-10-11T20:05:00+00:00,2026-10-10T06:31:13+00:00,0,fdcb0cd3,,0.0,2.6,0.0,0.0,0.147,0.0,0.0,0.009,0.005,0.0,16.389,0.0,1.631,0.0,0.0,4.155,0.0,16.5,0.0,1.5,0.0,0.0,4.65,0.0,7.667,0.0,0.667,0.0,0.0,1.433
2026,5,00-0033885,David Njoku,TE,LAC,DEN,2026-10-11T20:05:00+00:00,2026-10-10T06:31:13+00:00,0,fdcb0cd3,,0.0,3.4,0.0,0.0,0.12,0.0,0.0,0.013,0.0067,0.0,25.334,0.0,2.411,0.0,0.0,5.664,0.0,33.5,0.0,3.0,0.0,0.0,6.35,0.0,33.5,0.0,3.0,0.0,0.0,6.35
2026,5,00-0033908,Cooper Kupp,WR,SEA,SF,2026-10-11T20:25:00+00:00,2026-10-10T06:31:13+00:00,0,fdcb0cd3,,0.0,2.8,0.0,0.0,0.176,0.0,0.0,0.01,0.0054,0.0,24.129,0.0,1.843,0.0,0.0,5.31,0.0,28.5,0.0,2.25,0.0,0.0,6.6,0.0,26.333,0.0,2.333,0.0,0.0,6.967
2026,5,00-0033921,Chris Godwin Jr.,WR,TB,DAL,2026-10-09T00:15:00+00:00,2026-10-10T06:31:13+00:00,1,fdcb0cd3,,0.4,4.4,0.0,0.013,0.119,0.0,0.0,0.019,0.009,1.737,35.979,0.0,3.335,0.0,0.0,7.899,3.75,35.5,0.0,4.0,0.0,0.0,7.925,4.0,34.0,0.0,4.0,0.0,0.0,7.8
2026,5,00-0034348,Courtland Sutton,WR,DEN,LAC,2026-10-11T20:05:00+00:00,2026-10-10T06:31:13+00:00,0,fdcb0cd3,,0.0,4.6,0.0,0.0,0.129,0.0,0.0,0.013,0.0085,0.0,28.927,0.0,2.455,0.0,0.0,6.127,0.0,21.5,0.0,2.25,0.0,0.0,4.4,0.0,25.0,0.0,2.333,0.0,0.0,4.833
2026,5,00-0034351,Dallas Goedert,TE,PHI,JAX,2026-10-11T13:30:00+00:00,2026-10-10T06:31:13+00:00,0,fdcb0cd3,,0.0,3.1,0.0,0.0,0.331,0.0,0.0,0.012,0.0062,0.0,25.044,0.0,2.244,0.0,0.0,6.733,0.0,40.5,0.0,2.5,0.0,0.0,12.55,0.0,40.5,0.0,2.5,0.0,0.0,12.55
2026,5,00-0034383,Dalton Schultz,TE,HOU,TEN,2026-10-11T17:00:00+00:00,2026-10-10T06:31:13+00:00,0,fdcb0cd3,,0.0,5.3,0.0,0.0,0.127,0.0,0.0,0.02,0.0096,0.0,40.16,0.0,4.081,0.0,0.0,8.857,0.0,53.5,0.0,5.25,0.0,0.0,10.6,0.0,59.667,0.0,5.667,0.0,0.0,11.633
2026,5,00-0034753,Mark Andrews,TE,BAL,ATL,2026-10-12T00:20:00+00:00,2026-10-10T06:31:13+00:00,0,fdcb0cd3,,0.0,5.1,0.0,0.0,0.225,0.0,0.0,0.018,0.0094,0.0,32.542,0.0,3.667,0.0,0.0,8.273,0.0,37.25,0.0,4.5,0.0,0.0,9.725,0.0,33.333,0.0,4.667,0.0,0.0,10.0
2026,5,00-0034796,Lamar Jackson,QB,BAL,ATL,2026-10-12T00:20:00+00:00,2026-10-10T06:31:13+00:00,0,fdcb0cd3,Out,4.0,0.0,27.2,0.167,0.0,1.434,0.4,0.217,0.0409,19.606,0.0,228.673,0.0,18.568,1.779,17.315,36.0,0.0,241.75,0.0,17.0,1.75,20.27,34.667,0.0,214.333,0.0,17.0,1.667,18.373
2026,5,00-0034827,DJ Moore,WR,BUF,LA,2026-10-13T00:15:00+00:00,2026-10-10T06:31:13+00:00,0,fdcb0cd3,,0.5,4.6,0.0,0.024,0.2,0.0,0.0,0.016,0.0095,1.984,36.997,0.0,2.748,0.0,0.0,7.994,1.25,44.5,0.0,3.0,0.0,0.0,9.075,1.667,26.0,0.0,2.333,0.0,0.0,5.1
2026,5,00-0034829,Mike Gesicki,TE,CIN,MIA,2026-10-11T17:00:00+00:00,2026-10-10T06:31:13+00:00,0,fdcb0cd3,,0.0,4.0,0.0,0.0,0.415,0.0,0.0,0.015,0.0077,0.0,33.445,0.0,2.975,0.0,0.0,8.807,0.0,51.667,0.0,3.667,0.0,0.0,14.833,0.0,51.667,0.0,3.667,0.0,0.0,14.833
2026,5,00-0034844,Saquon Barkley,RB,PHI,JAX,2026-10-11T13:30:00+00:00,2026-10-10T06:31:13+00:00,0,fdcb0cd3,Out,8.2,1.5,0.0,0.131,0.071,0.0,0.0,0.041,0.0165,35.249,6.832,0.0,1.137,0.0,0.0,6.55,45.5,2.0,0.0,1.0,0.0,0.0,5.75,33.0,3.667,0.0,1.0,0.0,0.0,4.667
2026,5,00-0034855,Baker Mayfield,QB,TB,DAL,2026-10-09T00:15:00+00:00,2026-10-10T06:31:13+00:00,1,fdcb0cd3,Out,3.1,0.0,37.4,0.141,0.0,1.099,0.825,0.458,0.0544,14.129,0.0,239.237,0.0,23.206,3.096,15.052,21.667,0.0,205.0,0.0,20.333,4.333,13.367,21.667,0.0,205.0,0.0,20.333,4.333,13.367
2026,5,00-0034857,Josh Allen,QB,BUF,LA,2026-10-13T00:15:00+00:00,2026-10-10T06:31:13+00:00,0,fdcb0cd3,,7.8,0.3,32.1,0.866,0.013,1.363,0.808,0.249,0.047,29.512,2.043,233.601,0.201,19.964,2.168,22.463,29.5,0.25,259.75,0.25,19.75,2.25,29.115,31.667,0.333,235.0,0.333,19.667,2.333,26.933
2026,5,00-0034869,Sam Darnold,QB,SEA,SF,2026-10-11T20:25:00+00:00,2026-10-10T06:31:13+00:00,0,fdcb0cd3,,1.1,0.0,27.6,0.032,0.0,1.845,1.013,0.105,0.0434,4.432,0.0,208.714,0.0,18.52,1.704,15.333,3.667,0.0,186.667,0.0,15.0,1.333,14.833,3.667,0.0,186.667,0.0,15.0,1.333,14.833
2026,5,00-0034960,Jakobi Meyers,WR,JAX,PHI,2026-10-11T13:30:00+00:00,2026-10-10T06:31:13+00:00,0,fdcb0cd3,,0.2,4.1,0.0,0.007,0.342,0.0,0.0,0.016,0.0082,0.834,38.676,0.0,2.937,0.0,0.0,8.981,0.5,41.25,0.0,3.25,0.0,0.0,10.425,0.0,41.667,0.0,3.667,0.0,0.0,9.833
2026,5,00-0035021,Ashton Dulin,WR,IND,PIT,2026-10-11T17:00:00+00:00,2026-10-10T06:31:13+00:00,0,fdcb0cd3,Out,0.0,2.9,0.0,0.0,0.101,0.0,0.0,0.009,0.0058,0.0,21.729,0.0,1.744,0.0,0.0,4.523,0.0,14.5,0.0,1.5,0.0,0.0,2.95,0.0,14.5,0.0,1.5,0.0,0.0,2.95
2026,5,00-0035228,Kyler Murray,QB,MIN,NO,2026-10-11T17:00:00+00:00,2026-10-10T06:31:13+00:00,0,fdcb0cd3,,2.7,0.0,26.0,0.069,0.0,0.652,0.703,0.106,0.0421,11.58,0.0,180.898,0.0,17.845,1.911,10.688,14.0,0.0,144.333,0.0,15.0,2.333,7.84,14.0,0.0,144.333,0.0,15.0,2.333,7.84
2026,5,00-0035229,T.J. Hockenson,TE,MIN,NO,2026-10-11T17:00:00+00:00,2026-10-10T06:31:13+00:00,0,fdcb0cd3,,0.0,6.2,0.0,0.0,0.266,0.0,0.0,0.024,0.0113,0.0,44.843,0.0,4.909,0.0,0.0,10.986,0.0,48.75,0.0,5.5,0.0,0.0,11.875,0.0,53.0,0.0,6.0,0.0,0.0,11.3
2026,5,00-0035250,Devin Singletary,RB,NYG,WAS,2026-10-11T17:00:00+00:00,2026-10-10T06:31:13+00:00,0,fdcb0cd3,,3.6,2.4,0.0,0.075,0.174,0.0,0.0,0.028,0.0116,13.687,12.202,0.0,1.854,0.0,0.0,5.933,12.5,11.0,0.0,2.0,0.0,0.0,7.35,12.5,11.0,0.0,2.0,0.0,0.0,7.35
2026,5,00-0035261,Tony Pollard,RB,TEN,HOU,2026-10-11T17:00:00+00:00,2026-10-10T06:31:13+00:00,0,fdcb0cd3,,13.7,3.0,0.0,0.346,0.087,0.0,0.0,0.063,0.026,55.254,13.344,0.0,2.298,0.0,0.0,11.745,55.25,6.0,0.0,2.0,0.0,0.0,9.625,62.0,8.333,0.0,2.333,0.0,0.0,11.367
2026,5,00-0035640,DK Metcalf,WR,PIT,IND,2026-10-11T17:00:00+00:00,2026-10-10T06:31:13+00:00,0,fdcb0cd3,,0.0,6.8,0.0,0.0,0.302,0.0,0.0,0.018,0.012,0.0,51.458,0.0,3.678,0.0,0.0,10.639,0.0,53.25,0.0,4.0,0.0,0.0,10.825,0.0,57.667,0.0,4.0,0.0,0.0,11.767
2026,5,00-0035644,Noah Fant,TE,NO,MIN,2026-10-11T17:00:00+00:00,2026-10-10T06:31:13+00:00,0,fdcb0cd3,,0.0,3.2,0.0,0.0,0.366,0.0,0.0,0.011,0.0062,0.0,21.12,0.0,2.175,0.0,0.0,6.483,0.0,22.0,0.0,2.667,0.0,0.0,10.867,0.0,22.0,0.0,2.667,0.0,0.0,10.867
2026,5,00-0035659,Terry McLaurin,WR,WAS,NYG,2026-10-11T17:00:00+00:00,2026-10-10T06:31:13+00:00,0,fdcb0cd3,Questionable,0.0,5.9,0.0,0.0,0.282,0.0,0.0,0.016,0.011,0.0,43.553,0.0,3.168,0.0,0.0,9.22,0.0,47.0,0.0,3.333,0.0,0.0,10.033,0.0,47.0,0.0,3.333,0.0,0.0,10.033
2026,5,00-0035676,A.J. Brown,WR,NE,LV,2026-10-11T17:00:00+00:00,2026-10-10T06:31:13+00:00,0,fdcb0cd3,,0.0,3.3,0.0,0.0,0.138,0.0,0.0,0.011,0.0067,0.0,26.959,0.0,2.065,0.0,0.0,5.591,0.0,26.0,0.0,3.0,0.0,0.0,5.6,0.0,26.0,0.0,3.0,0.0,0.0,5.6
2026,5,00-0035685,David Montgomery,RB,HOU,TEN,2026-10-11T17:00:00+00:00,2026-10-10T06:31:13+00:00,0,fdcb0cd3,,12.3,1.3,0.0,0.457,0.087,0.0,0.0,0.055,0.0221,39.56,8.23,0.0,1.1,0.0,0.0,9.13,31.75,16.75,0.0,1.75,0.0,0.0,11.1,22.333,16.0,0.0,1.333,0.0,0.0,5.167
2026,5,00-0035704,Drew Lock,QB,SEA,SF,2026-10-11T20:25:00+00:00,2026-10-10T06:31:13+00:00,0,fdcb0cd3,,0.9,0.0,28.8,0.027,0.0,1.773,0.327,0.119,0.049,3.842,0.0,219.94,0.0,19.861,1.715,16.09,6.5,0.0,211.0,0.0,17.5,1.0,17.09,6.5,0.0,211.0,0.0,17.5,1.0,17.09
2026,5,00-0035710,Daniel Jones,QB,IND,PIT,2026-10-11T17:00:00+00:00,2026-10-10T06:31:13+00:00,0,fdcb0cd3,,2.7,0.0,34.0,0.141,0.0,0.968,0.988,0.47,0.0441,9.834,0.0,208.274,0.0,21.417,2.269,12.666,5.25,0.0,188.5,0.0,21.0,2.0,10.815,5.667,0.0,196.0,0.0,21.667,2.0,11.073
2026,5,00-0035719,Deebo Samuel Sr.,WR,SF,SEA,2026-10-11T20:25:00+00:00,2026-10-10T06:31:13+00:00,0,fdcb0cd3,,1.5,3.7,0.0,0.046,0.326,0.0,0.0,0.02,0.0096,7.324,32.209,0.0,2.54,0.0,0.0,8.723,18.5,46.25,0.0,3.5,0.0,0.0,14.475,20.667,45.667,0.0,2.667,0.0,0.0,13.3
2026,5,00-0035891,Cody White,WR,LV,NE,2026-10-11T17:00:00+00:00,2026-10-10T06:31:13+00:00,0,fdcb0cd3,,0.0,2.1,0.0,0.0,0.245,0.0,0.0,0.007,0.0141,0.0,16.03,0.0,1.264,0.0,0.0,4.357,0.0,16.0,0.0,1.25,0.0,0.0,7.85,0.0,21.333,0.0,1.667,0.0,0.0,10.467
2026,5,00-0036040,Juwan Johnson,TE,NO,MIN,2026-10-11T17:00:00+00:00,2026-10-10T06:31:13+00:00,0,fdcb0cd3,,0.0,5.4,0.0,0.0,0.444,0.0,0.0,0.042,0.0098,0.0,42.647,0.0,3.922,0.0,0.0,10.826,0.0,58.0,0.0,5.25,0.0,0.0,15.3,0.0,59.333,0.0,6.0,0.0,0.0,15.6
2026,5,00-0036139,Rico Dowdle,RB,PIT,IND,2026-10-11T17:00:00+00:00,2026-10-10T06:31:13+00:00,0,fdcb0cd3,Questionable,6.6,2.9,0.0,0.138,0.126,0.0,0.0,0.043,0.0177,26.053,15.256,0.0,2.088,0.0,0.0,7.796,18.5,14.0,0.0,2.0,0.0,0.0,5.25,18.5,14.0,0.0,2.0,0.0,0.0,5.25
2026,5,00-0036158,J.K. Dobbins,RB,DEN,LAC,2026-10-11T20:05:00+00:00,2026-10-10T06:31:13+00:00,0,fdcb0cd3,,10.6,0.9,0.0,0.17,0.036,0.0,0.0,0.047,0.019,38.736,4.542,0.0,0.684,0.0,0.0,6.239,40.25,4.0,0.0,0.75,0.0,0.0,5.175,41.667,5.333,0.0,1.0,0.0,0.0,5.7
2026,5,00-0036223,Jonathan Taylor,RB,IND,PIT,2026-10-11T17:00:00+00:00,2026-10-10T06:31:13+00:00,0,fdcb0cd3,,20.4,3.1,0.0,1.192,0.085,0.0,0.0,0.169,0.0322,83.193,15.635,0.0,2.29,0.0,0.0,19.731,88.25,17.25,0.0,2.5,0.0,0.0,21.8,85.0,15.333,0.0,2.333,0.0,0.0,20.367
2026,5,00-0036252,Michael Pittman,WR,PIT,IND,2026-10-11T17:00:00+00:00,2026-10-10T06:31:13+00:00,0,fdcb0cd3,Out,0.0,3.3,0.0,0.0,0.128,0.0,0.0,0.011,0.0064,0.0,27.616,0.0,2.003,0.0,0.0,5.538,0.0,29.667,0.0,2.333,0.0,0.0,5.3,0.0,29.667,0.0,2.333,0.0,0.0,5.3
2026,5,00-0036264,Jordan Love,QB,GB,CHI,2026-10-11T17:00:00+00:00,2026-10-10T06:31:13+00:00,0,fdcb0cd3,,1.8,0.0,37.2,0.045,0.0,2.007,0.767,0.228,0.0447,6.574,0.0,245.76,0.0,20.381,2.342,17.884,-2.0,0.0,260.25,0.0,21.75,2.0,17.21,-2.667,0.0,218.0,0.0,22.0,1.333,15.787
2026,5,00-0036275,D'Andre Swift,RB,CHI,GB,2026-10-11T17:00:00+00:00,2026-10-10T06:31:13+00:00,0,fdcb0cd3,,13.8,2.8,0.0,0.59,0.098,0.0,0.0,0.2,0.0245,59.348,17.057,0.0,2.343,0.0,0.0,13.961,77.75,21.0,0.0,2.5,0.0,0.0,16.375,62.333,24.667,0.0,3.0,0.0,0.0,11.033
2026,5,00-0036309,Darnell Mooney,WR,NYG,WAS,2026-10-11T17:00:00+00:00,2026-10-10T06:31:13+00:00,0,fdcb0cd3,,0.2,2.4,0.0,0.005,0.088,0.0,0.0,0.009,0.0051,0.833,20.716,0.0,1.531,0.0,0.0,4.248,2.25,23.75,0.0,1.5,0.0,0.0,4.1,3.0,22.667,0.0,1.333,0.0,0.0,3.9
2026,5,00-0036322,Justin Jefferson,WR,MIN,NO,2026-10-11T17:00:00+00:00,2026-10-10T06:31:13+00:00,0,fdcb0cd3,Questionable,0.0,5.4,0.0,0.0,0.38,0.0,0.0,0.019,0.0352,0.0,48.6,0.0,3.694,0.0,0.0,10.885,0.0,59.667,0.0,4.333,0.0,0.0,14.967,0.0,59.667,0.0,4.333,0.0,0.0,14.967
2026,5,00-0036355,Justin Herbert,QB,LAC,DEN,2026-10-11T20:05:00+00:00,2026-10-10T06:31:13+00:00,0,fdcb0cd3,,4.2,0.2,32.2,0.106,0.009,1.197,1.418,0.235,0.0447,19.429,1.451,222.531,0.127,19.023,2.447,15.029,22.0,0.0,204.0,0.0,17.75,3.0,12.61,19.667,0.0,202.333,0.0,18.0,3.0,12.06
2026,5,00-0036358,CeeDee Lamb,WR,DAL,TB,2026-10-09T00:15:00+00:00,2026-10-10T06:31:13+00:00,1,fdcb0cd3,,0.4,10.4,0.0,0.015,0.723,0.0,0.0,0.036,0.0615,1.472,103.086,0.0,7.699,0.0,0.0,22.671,-1.5,124.5,0.0,9.25,0.0,0.0,28.05,-2.0,151.333,0.0,10.667,0.0,0.0,32.267
2026,5,00-0036389,Jalen Hurts,QB,PHI,JAX,2026-10-11T13:30:00+00:00,2026-10-10T06:31:13+00:00,0,fdcb0cd3,,4.9,0.0,31.4,0.156,0.0,1.896,0.816,0.117,0.0447,20.452,0.0,209.936,0.0,19.679,2.518,18.12,26.25,0.0,178.25,0.0,17.0,3.0,17.505,19.667,0.0,170.0,0.0,18.0,3.0,15.1
2026,5,00-0036407,Jerry Jeudy,WR,CLE,NYJ,2026-10-11T17:00:00+00:00,2026-10-10T06:31:13+00:00,0,fdcb0cd3,,0.0,2.5,0.0,0.0,0.092,0.0,0.0,0.009,0.005,0.0,19.923,0.0,1.585,0.0,0.0,4.131,0.0,20.667,0.0,1.667,0.0,0.0,3.733,0.0,20.667,0.0,1.667,0.0,0.0,3.733
2026,5,00-0036410,Tee Higgins,WR,CIN,MIA,2026-10-11T17:00:00+00:00,2026-10-10T06:31:13+00:00,0,fdcb0cd3,Questionable,0.0,8.0,0.0,0.0,0.275,0.0,0.0,0.025,0.0138,0.0,75.841,0.0,5.236,0.0,0.0,14.473,0.0,100.25,0.0,6.25,0.0,0.0,17.775,0.0,114.0,0.0,7.333,0.0,0.0,20.733
2026,5,00-0036442,Joe Burrow,QB,CIN,MIA,2026-10-11T17:00:00+00:00,2026-10-10T06:31:13+00:00,0,fdcb0cd3,,3.0,0.0,37.7,0.12,0.0,1.784,0.765,0.234,0.0456,11.468,0.0,262.733,0.0,25.109,2.267,18.602,9.5,0.0,292.75,0.0,28.0,2.25,20.16,6.0,0.0,305.667,0.0,29.0,2.667,21.827
2026,5,00-0036550,Rashod Bateman,WR,BAL,ATL,2026-10-12T00:20:00+00:00,2026-10-10T06:31:13+00:00,0,fdcb0cd3,,0.0,3.3,0.0,0.0,0.175,0.0,0.0,0.011,0.0063,0.0,29.74,0.0,2.138,0.0,0.0,6.166,0.0,42.75,0.0,2.75,0.0,0.0,8.525,0.0,57.0,0.0,3.667,0.0,0.0,11.367
2026,5,00-0036554,Nico Collins,WR,HOU,TEN,2026-10-11T17:00:00+00:00,2026-10-10T06:31:13+00:00,0,fdcb0cd3,,0.5,7.2,0.0,0.017,0.689,0.0,0.0,0.028,0.0145,2.019,67.706,0.0,5.118,0.0,0.0,16.327,3.5,96.5,0.0,7.0,0.0,0.0,26.0,3.5,96.5,0.0,7.0,0.0,0.0,26.0
2026,5,00-0036613,Jaylen Waddle,WR,DEN,LAC,2026-10-11T20:05:00+00:00,2026-10-10T06:31:13+00:00,0,fdcb0cd3,,0.2,5.6,0.0,0.006,0.255,0.0,0.0,0.019,0.0361,0.846,43.381,0.0,3.535,0.0,0.0,9.573,3.5,46.25,0.0,4.0,0.0,0.0,10.975,4.667,61.0,0.0,5.0,0.0,0.0,14.233
2026,5,00-0036626,Dyami Brown,WR,WAS,NYG,2026-10-11T17:00:00+00:00,2026-10-10T06:31:13+00:00,0,fdcb0cd3,,0.0,2.7,0.4,0.0,0.095,0.017,0.01,0.021,0.006,0.0,20.767,4.489,1.584,0.427,0.025,4.457,0.0,21.5,0.0,1.75,0.25,0.0,3.65,0.0,28.667,0.0,2.333,0.333,0.0,4.867
2026,5,00-0036875,Rhamondre Stevenson,RB,NE,LV,2026-10-11T17:00:00+00:00,2026-10-10T06:31:13+00:00,0,fdcb0cd3,Questionable,9.1,3.2,0.0,0.262,0.096,0.0,0.0,0.103,0.0668,38.32,18.03,0.0,2.459,0.0,0.0,10.273,40.75,22.5,0.0,3.0,0.0,0.0,11.075,37.333,15.333,0.0,2.333,0.0,0.0,9.933
2026,5,00-0036894,Pat Freiermuth,TE,PIT,IND,2026-10-11T17:00:00+00:00,2026-10-10T06:31:13+00:00,0,fdcb0cd3,,0.5,4.0,0.0,0.013,0.314,0.0,0.0,0.017,0.0084,2.154,28.477,0.0,2.871,0.0,0.0,7.895,0.75,31.25,0.0,3.5,0.0,0.0,9.7,1.0,26.333,0.0,3.0,0.0,0.0,7.733
2026,5,00-0036900,Ja'Marr Chase,WR,CIN,MIA,2026-10-11T17:00:00+00:00,2026-10-10T06:31:13+00:00,0,fdcb0cd3,Questionable,0.0,5.8,0.0,0.0,0.435,0.0,0.0,0.02,0.0105,0.0,45.791,0.0,4.133,0.0,0.0,11.321,0.0,53.0,0.0,5.25,0.0,0.0,15.05,0.0,66.667,0.0,6.333,0.0,0.0,19.0
2026,5,00-0036912,DeVonta Smith,WR,PHI,JAX,2026-10-11T13:30:00+00:00,2026-10-10T06:31:13+00:00,0,fdcb0cd3,Out,0.0,7.9,0.0,0.0,0.392,0.0,0.0,0.026,0.0144,0.0,67.253,0.0,5.293,0.0,0.0,14.375,0.0,78.333,0.0,6.333,0.0,0.0,16.167,0.0,78.333,0.0,6.333,0.0,0.0,16.167
2026,5,00-0036919,Kenny Gainwell,RB,TB,DAL,2026-10-09T00:15:00+00:00,2026-10-10T06:31:13+00:00,1,fdcb0cd3,,2.7,3.0,0.0,0.073,0.171,0.0,0.0,0.024,0.0105,9.851,14.589,0.0,2.298,0.0,0.0,6.204,6.5,11.0,0.0,2.0,0.0,0.0,5.25,3.667,13.667,0.0,2.333,0.0,0.0,6.067
2026,5,00-0036963,Amon-Ra St. Brown,WR,DET,ARI,2026-10-11T20:25:00+00:00,2026-10-10T06:31:13+00:00,0,fdcb0cd3,,0.0,10.1,0.0,0.0,0.922,0.0,0.0,0.03,0.0169,0.0,71.626,0.0,6.532,0.0,0.0,19.229,0.0,75.75,0.0,7.75,0.0,0.0,22.825,0.0,78.667,0.0,7.0,0.0,0.0,20.867
2026,5,00-0036970,Kyle Pitts,TE,ATL,BAL,2026-10-12T00:20:00+00:00,2026-10-10T06:31:13+00:00,0,fdcb0cd3,,0.0,2.5,0.0,0.0,0.085,0.0,0.0,0.009,0.0049,0.0,18.389,0.0,1.701,0.0,0.0,4.052,0.0,16.75,0.0,1.25,0.0,0.0,2.925,0.0,22.333,0.0,1.667,0.0,0.0,3.9
2026,5,00-0036971,Trevor Lawrence,QB,JAX,PHI,2026-10-11T13:30:00+00:00,2026-10-10T06:31:13+00:00,0,fdcb0cd3,,2.5,0.0,29.9,0.071,0.0,2.01,0.623,0.105,0.0424,9.971,0.0,227.294,0.0,19.945,1.994,17.912,8.5,0.0,210.75,0.0,18.0,2.0,16.78,10.333,0.0,199.333,0.0,18.0,2.333,13.673
2026,5,00-0036973,Travis Etienne,RB,NO,MIN,2026-10-11T17:00:00+00:00,2026-10-10T06:31:13+00:00,0,fdcb0cd3,,8.2,3.5,0.0,0.192,0.123,0.0,0.0,0.048,0.068,35.208,17.175,0.0,2.733,0.0,0.0,9.95,42.667,17.0,0.0,3.667,0.0,0.0,10.3,42.667,17.0,0.0,3.667,0.0,0.0,10.3
2026,5,00-0036988,Josh Palmer,WR,BUF,LA,2026-10-13T00:15:00+00:00,2026-10-10T06:31:13+00:00,0,fdcb0cd3,,0.0,2.9,0.0,0.0,0.231,0.0,0.0,0.008,0.0057,0.0,23.033,0.0,1.548,0.0,0.0,5.243,0.0,26.667,0.0,1.0,0.0,0.0,7.667,0.0,26.667,0.0,1.0,0.0,0.0,7.667
2026,5,00-0036997,Javonte Williams,RB,DAL,TB,2026-10-09T00:15:00+00:00,2026-10-10T06:31:13+00:00,1,fdcb0cd3,,14.2,3.7,0.0,0.819,0.206,0.0,0.0,0.064,0.0265,53.203,19.281,0.0,3.134,0.0,0.0,16.521,57.75,19.25,0.0,3.75,0.0,0.0,20.45,63.333,15.333,0.0,3.333,0.0,0.0,19.2
2026,5,00-0037228,Jaylen Warren,RB,PIT,IND,2026-10-11T17:00:00+00:00,2026-10-10T06:31:13+00:00,0,fdcb0cd3,,12.4,4.1,0.0,0.173,0.131,0.0,0.0,0.129,0.0248,66.131,26.13,0.0,2.901,0.0,0.0,13.87,77.25,35.75,0.0,3.25,0.0,0.0,14.3,87.667,38.667,0.0,2.667,0.0,0.0,15.3
2026,5,00-0037238,Drake London,WR,ATL,BAL,2026-10-12T00:20:00+00:00,2026-10-10T06:31:13+00:00,0,fdcb0cd3,,0.4,7.0,0.0,0.016,0.175,0.0,0.0,0.027,0.0134,1.636,83.857,0.0,5.12,0.0,0.0,14.816,1.0,92.5,0.0,5.0,0.0,0.0,14.35,-0.667,113.667,0.0,6.0,0.0,0.0,17.3
2026,5,00-0037239,Chris Olave,WR,NO,MIN,2026-10-11T17:00:00+00:00,2026-10-10T06:31:13+00:00,0,fdcb0cd3,,0.0,9.5,0.0,0.0,0.312,0.0,0.0,0.029,0.0158,0.0,90.898,0.0,6.404,0.0,0.0,17.366,0.0,122.75,0.0,8.75,0.0,0.0,22.525,0.0,103.0,0.0,8.333,0.0,0.0,20.633
2026,5,00-0037240,Jameson Williams,WR,DET,ARI,2026-10-11T20:25:00+00:00,2026-10-10T06:31:13+00:00,0,fdcb0cd3,,0.0,5.4,0.0,0.0,0.16,0.0,0.0,0.017,0.0099,0.0,46.504,0.0,3.366,0.0,0.0,8.981,0.0,57.25,0.0,4.0,0.0,0.0,9.725,0.0,61.333,0.0,4.0,0.0,0.0,10.133
2026,5,00-0037247,George Pickens,WR,DAL,TB,2026-10-09T00:15:00+00:00,2026-10-10T06:31:13+00:00,1,fdcb0cd3,,0.0,6.3,0.0,0.0,0.159,0.0,0.0,0.02,0.0114,0.0,51.307,0.0,3.995,0.0,0.0,10.085,0.0,56.25,0.0,4.5,0.0,0.0,10.125,0.0,65.667,0.0,5.0,0.0,0.0,11.567
2026,5,00-0037248,James Cook,RB,BUF,LA,2026-10-13T00:15:00+00:00,2026-10-10T06:31:13+00:00,0,fdcb0cd3,,16.6,2.3,0.0,0.766,0.072,0.0,0.0,0.148,0.0278,86.001,9.778,0.0,1.631,0.0,0.0,16.145,105.25,6.0,0.0,1.5,0.0,0.0,16.875,121.333,4.0,0.0,1.0,0.0,0.0,19.2
2026,5,00-0037252,Greg Dulcich,TE,MIA,CIN,2026-10-11T17:00:00+00:00,2026-10-10T06:31:13+00:00,0,fdcb0cd3,,0.0,3.4,0.0,0.0,0.096,0.0,0.0,0.013,0.0066,0.0,25.347,0.0,2.481,0.0,0.0,5.592,0.0,30.0,0.0,3.0,0.0,0.0,6.0,0.0,30.0,0.0,3.0,0.0,0.0,6.0
2026,5,00-0037256,Rachaad White,RB,WAS,NYG,2026-10-11T17:00:00+00:00,2026-10-10T06:31:13+00:00,0,fdcb0cd3,,5.9,2.4,0.0,0.112,0.16,0.0,0.0,0.037,0.0148,26.572,13.569,0.0,2.075,0.0,0.0,7.719,33.333,17.0,0.0,3.0,0.0,0.0,10.033,33.333,17.0,0.0,3.0,0.0,0.0,10.033
2026,5,00-0037261,Khalil Shakir,WR,BUF,LA,2026-10-13T00:15:00+00:00,2026-10-10T06:31:13+00:00,0,fdcb0cd3,,0.0,5.4,0.0,0.0,0.133,0.0,0.0,0.037,0.01,0.0,40.505,0.0,3.352,0.0,0.0,8.181,0.0,44.0,0.0,3.75,0.0,0.0,7.9,0.0,42.0,0.0,3.667,0.0,0.0,7.533
2026,5,00-0037263,Tyler Allgeier,RB,ARI,DET,2026-10-11T20:25:00+00:00,2026-10-10T06:31:13+00:00,0,fdcb0cd3,,7.2,2.3,0.0,0.243,0.075,0.0,0.0,0.04,0.0162,28.843,11.333,0.0,1.958,0.0,0.0,7.874,28.0,8.75,0.0,2.5,0.0,0.0,7.675,17.0,8.667,0.0,2.667,0.0,0.0,7.233
2026,5,00-0037291,Jalen Nailor,WR,LV,NE,2026-10-11T17:00:00+00:00,2026-10-10T06:31:13+00:00,0,fdcb0cd3,Out,0.0,2.9,0.0,0.0,0.119,0.0,0.0,0.009,0.0057,0.0,20.573,0.0,1.697,0.0,0.0,4.468,0.0,17.333,0.0,1.667,0.0,0.0,3.4,0.0,17.333,0.0,1.667,0.0,0.0,3.4
2026,5,00-0037525,Jordan Mason,RB,MIN,NO,2026-10-11T17:00:00+00:00,2026-10-10T06:31:13+00:00,0,fdcb0cd3,,12.0,0.0,0.0,0.485,0.0,0.0,0.0,0.061,0.023,50.596,0.0,0.0,0.0,0.0,0.0,7.953,59.0,0.0,0.0,0.0,0.0,0.0,11.9,59.0,0.0,0.0,0.0,0.0,0.0,11.9
2026,5,00-0037545,Rashid Shaheed,WR,SEA,SF,2026-10-11T20:25:00+00:00,2026-10-10T06:31:13+00:00,0,fdcb0cd3,,0.7,3.6,0.0,0.035,0.134,0.0,0.0,0.014,0.0081,3.308,25.042,0.0,2.014,0.0,0.0,5.863,9.25,18.25,0.0,1.75,0.0,0.0,6.0,12.333,23.0,0.0,2.0,0.0,0.0,7.533
2026,5,00-0037664,Alec Pierce,WR,IND,PIT,2026-10-11T17:00:00+00:00,2026-10-10T06:31:13+00:00,0,fdcb0cd3,,0.0,2.9,0.0,0.0,0.101,0.0,0.0,0.01,0.0058,0.0,25.671,0.0,1.93,0.0,0.0,5.103,0.0,36.0,0.0,2.5,0.0,0.0,6.1,0.0,36.0,0.0,2.5,0.0,0.0,6.1
2026,5,00-0037740,Garrett Wilson,WR,NYJ,CLE,2026-10-11T17:00:00+00:00,2026-10-10T06:31:13+00:00,0,fdcb0cd3,,0.0,6.2,0.0,0.0,0.365,0.0,0.0,0.02,0.0111,0.0,52.373,0.0,4.238,0.0,0.0,11.67,0.0,67.5,0.0,6.0,0.0,0.0,15.75,0.0,63.667,0.0,6.0,0.0,0.0,16.367
2026,5,00-0037741,Jahan Dotson,WR,ATL,BAL,2026-10-12T00:20:00+00:00,2026-10-10T06:31:13+00:00,0,fdcb0cd3,,0.0,3.6,0.0,0.0,0.203,0.0,0.0,0.011,0.007,0.0,29.747,0.0,2.106,0.0,0.0,6.299,0.0,23.75,0.0,1.5,0.0,0.0,5.375,0.0,25.333,0.0,1.667,0.0,0.0,6.2
2026,5,00-0037744,Trey McBride,TE,ARI,DET,2026-10-11T20:25:00+00:00,2026-10-10T06:31:13+00:00,0,fdcb0cd3,,0.0,10.1,0.0,0.0,0.489,0.0,0.0,0.034,0.0169,0.0,62.52,0.0,7.42,0.0,0.0,16.603,0.0,60.5,0.0,8.25,0.0,0.0,17.3,0.0,49.0,0.0,8.0,0.0,0.0,14.9
2026,5,00-0037746,Brian Robinson,RB,ATL,BAL,2026-10-12T00:20:00+00:00,2026-10-10T06:31:13+00:00,0,fdcb0cd3,,9.2,0.9,0.0,0.596,0.033,0.0,0.0,0.042,0.0169,39.721,5.038,0.0,0.729,0.0,0.0,8.971,48.5,5.25,0.0,0.75,0.0,0.0,12.125,54.333,7.0,0.0,1.0,0.0,0.0,15.133
2026,5,00-0037809,Chig Okonkwo,TE,WAS,NYG,2026-10-11T17:00:00+00:00,2026-10-10T06:31:13+00:00,0,fdcb0cd3,,0.0,2.8,0.0,0.0,0.117,0.0,0.0,0.01,0.0056,0.0,17.537,0.0,1.916,0.0,0.0,4.374,0.0,10.5,0.0,2.0,0.0,0.0,3.05,0.0,10.5,0.0,2.0,0.0,0.0,3.05
2026,5,00-0037816,Romeo Doubs,WR,NE,LV,2026-10-11T17:00:00+00:00,2026-10-10T06:31:13+00:00,0,fdcb0cd3,,0.0,4.2,0.0,0.0,0.303,0.0,0.0,0.013,0.0079,0.0,38.838,0.0,2.509,0.0,0.0,8.214,0.0,50.75,0.0,3.0,0.0,0.0,11.075,0.0,67.667,0.0,4.0,0.0,0.0,14.767
2026,5,00-0037834,Brock Purdy,QB,SF,SEA,2026-10-11T20:25:00+00:00,2026-10-10T06:31:13+00:00,0,fdcb0cd3,,4.2,0.0,31.2,0.162,0.0,2.259,0.408,0.113,0.0439,19.264,0.0,231.221,0.0,20.696,1.448,20.746,30.5,0.0,251.75,0.0,19.75,0.0,25.37,31.0,0.0,267.333,0.0,18.0,0.0,26.46
2026,5,00-0037838,Isaiah Likely,TE,NYG,WAS,2026-10-11T17:00:00+00:00,2026-10-10T06:31:13+00:00,0,fdcb0cd3,,0.0,8.3,0.0,0.0,0.457,0.0,0.0,0.027,0.0146,0.0,50.559,0.0,5.597,0.0,0.0,13.4,0.0,47.5,0.0,5.5,0.0,0.0,13.25,0.0,37.333,0.0,4.667,0.0,0.0,8.4
2026,5,00-0037840,Kyren Williams,RB,LA,BUF,2026-10-13T00:15:00+00:00,2026-10-10T06:31:13+00:00,0,fdcb0cd3,,11.6,5.2,0.0,0.531,0.225,0.0,0.0,0.128,0.0248,57.59,32.082,0.0,4.101,0.0,0.0,17.528,73.5,43.25,0.0,5.25,0.0,0.0,22.675,84.333,49.667,0.0,6.0,0.0,0.0,25.067
2026,5,00-0038041,Jake Ferguson,TE,DAL,TB,2026-10-09T00:15:00+00:00,2026-10-10T06:31:13+00:00,1,fdcb0cd3,,0.0,3.4,0.0,0.0,0.353,0.0,0.0,0.029,0.0065,0.0,22.536,0.0,2.582,0.0,0.0,6.937,0.0,20.75,0.0,3.0,0.0,0.0,9.325,0.0,25.667,0.0,3.333,0.0,0.0,11.567
2026,5,00-0038117,Wan'Dale Robinson,WR,TEN,HOU,2026-10-11T17:00:00+00:00,2026-10-10T06:31:13+00:00,0,fdcb0cd3,,0.3,6.1,0.0,0.01,0.412,0.0,0.0,0.022,0.0118,1.201,43.838,0.0,4.093,0.0,0.0,11.127,0.25,30.75,0.0,4.0,0.0,0.0,10.1,0.333,28.333,0.0,3.667,0.0,0.0,10.533
2026,5,00-0038120,Breece Hall,RB,NYJ,CLE,2026-10-11T17:00:00+00:00,2026-10-10T06:31:13+00:00,0,fdcb0cd3,Out,15.2,2.7,0.0,0.431,0.094,0.0,0.0,0.069,0.0283,57.362,18.14,0.0,2.254,0.0,0.0,12.941,54.333,34.0,0.0,3.333,0.0,0.0,14.167,54.333,34.0,0.0,3.333,0.0,0.0,14.167
2026,5,00-0038124,Christian Watson,WR,GB,CHI,2026-10-11T17:00:00+00:00,2026-10-10T06:31:13+00:00,0,fdcb0cd3,,0.0,6.6,0.0,0.0,0.633,0.0,0.0,0.02,0.0117,0.0,62.297,0.0,4.018,0.0,0.0,14.049,0.0,82.75,0.0,5.0,0.0,0.0,19.275,0.0,61.333,0.0,4.667,0.0,0.0,14.8
2026,5,00-0038128,Malik Willis,QB,MIA,CIN,2026-10-11T17:00:00+00:00,2026-10-10T06:31:13+00:00,0,fdcb0cd3,,3.9,0.0,29.7,0.16,0.0,0.624,0.623,0.252,0.043,19.126,0.0,216.03,0.0,18.089,2.428,13.221,28.0,0.0,178.0,0.0,14.5,2.75,11.42,24.333,0.0,164.0,0.0,14.333,2.0,9.327
2026,5,00-0038129,Cade Otton,TE,TB,DAL,2026-10-09T00:15:00+00:00,2026-10-10T06:31:13+00:00,1,fdcb0cd3,,0.0,5.6,0.0,0.0,0.135,0.0,0.0,0.02,0.0104,0.0,39.011,0.0,3.935,0.0,0.0,8.649,0.0,39.25,0.0,3.75,0.0,0.0,7.675,0.0,43.667,0.0,4.0,0.0,0.0,8.367
2026,5,00-0038393,Dontayvion Wicks,WR,PHI,JAX,2026-10-11T13:30:00+00:00,2026-10-10T06:31:13+00:00,0,fdcb0cd3,,0.0,4.4,0.0,0.0,0.249,0.0,0.0,0.014,0.0083,0.0,39.571,0.0,2.719,0.0,0.0,8.174,0.0,49.25,0.0,3.0,0.0,0.0,9.425,0.0,41.333,0.0,3.333,0.0,0.0,7.467
2026,5,00-0038454,Keaton Mitchell,RB,LAC,DEN,2026-10-11T20:05:00+00:00,2026-10-10T06:31:13+00:00,0,fdcb0cd3,,6.6,2.3,0.0,0.148,0.142,0.0,0.0,0.038,0.0155,30.162,11.201,0.0,1.822,0.0,0.0,7.691,31.0,8.5,0.0,2.25,0.0,0.0,7.7,38.333,11.333,0.0,3.0,0.0,0.0,9.967
2026,5,00-0038542,Bijan Robinson,RB,ATL,BAL,2026-10-12T00:20:00+00:00,2026-10-10T06:31:13+00:00,0,fdcb0cd3,,17.6,4.5,0.0,0.798,0.201,0.0,0.0,0.071,0.0301,93.505,26.782,0.0,3.53,0.0,0.0,21.539,123.5,30.0,0.0,3.5,0.0,0.0,26.35,137.0,10.0,0.0,2.0,0.0,0.0,24.7
2026,5,00-0038543,Jaxon Smith-Njigba,WR,SEA,SF,2026-10-11T20:25:00+00:00,2026-10-10T06:31:13+00:00,0,fdcb0cd3,,0.0,9.9,0.4,0.0,0.983,0.016,0.01,0.034,0.0175,0.0,100.809,4.585,6.95,0.427,0.025,23.17,0.0,120.25,3.5,8.0,0.25,0.0,29.165,0.0,119.667,4.667,8.0,0.333,0.0,30.153
2026,5,00-0038544,Quentin Johnston,WR,LAC,DEN,2026-10-11T20:05:00+00:00,2026-10-10T06:31:13+00:00,0,fdcb0cd3,Out,0.5,3.9,0.0,0.017,0.106,0.0,0.0,0.013,0.0082,2.129,28.017,0.0,1.953,0.0,0.0,5.708,0.75,27.0,0.0,1.75,0.0,0.0,4.525,1.0,30.333,0.0,1.667,0.0,0.0,4.8
2026,5,00-0038551,Kendre Miller,RB,NO,MIN,2026-10-11T17:00:00+00:00,2026-10-10T06:31:13+00:00,0,fdcb0cd3,,5.2,1.6,0.0,0.217,0.068,0.0,0.0,0.068,0.0125,19.754,7.766,0.0,1.181,0.0,0.0,5.6,17.667,5.0,0.0,1.333,0.0,0.0,5.267,17.667,5.0,0.0,1.333,0.0,0.0,5.267
2026,5,00-0038555,Tank Bigsby,RB,PHI,JAX,2026-10-11T13:30:00+00:00,2026-10-10T06:31:13+00:00,0,fdcb0cd3,,7.1,0.9,0.0,0.205,0.047,0.0,0.0,0.079,0.0142,25.216,4.586,0.0,0.721,0.0,0.0,5.162,22.75,2.5,0.0,0.75,0.0,0.0,4.525,29.333,3.333,0.0,1.0,0.0,0.0,5.933
2026,5,00-0038558,Darnell Washington,TE,PIT,IND,2026-10-11T17:00:00+00:00,2026-10-10T06:31:13+00:00,0,fdcb0cd3,,0.0,2.8,0.0,0.0,0.178,0.0,0.0,0.01,0.0054,0.0,22.623,0.0,1.962,0.0,0.0,5.292,0.0,29.75,0.0,2.25,0.0,0.0,6.725,0.0,33.667,0.0,2.333,0.0,0.0,7.7
2026,5,00-0038559,Michael Wilson,WR,ARI,DET,2026-10-11T20:25:00+00:00,2026-10-10T06:31:13+00:00,0,fdcb0cd3,,0.0,10.0,0.0,0.0,0.356,0.0,0.0,0.029,0.0169,0.0,71.132,0.0,6.071,0.0,0.0,15.325,0.0,64.5,0.0,6.25,0.0,0.0,14.2,0.0,67.333,0.0,6.667,0.0,0.0,15.4
2026,5,00-0038563,Tre Tucker,WR,LV,NE,2026-10-11T17:00:00+00:00,2026-10-10T06:31:13+00:00,0,fdcb0cd3,,0.0,4.7,0.0,0.0,0.234,0.0,0.0,0.015,0.0087,0.0,42.415,0.0,3.06,0.0,0.0,8.709,0.0,58.25,0.0,3.75,0.0,0.0,11.075,0.0,68.667,0.0,4.333,0.0,0.0,13.2
2026,5,00-0038597,Chase Brown,RB,CIN,MIA,2026-10-11T17:00:00+00:00,2026-10-10T06:31:13+00:00,0,fdcb0cd3,,16.5,4.8,0.0,0.378,0.135,0.0,0.0,0.075,0.0312,59.891,23.717,0.0,4.084,0.0,0.0,15.513,51.75,25.75,0.0,5.25,0.0,0.0,14.5,50.333,27.0,0.0,5.333,0.0,0.0,13.067
2026,5,00-0038606,Parker Washington,WR,JAX,PHI,2026-10-11T13:30:00+00:00,2026-10-10T06:31:13+00:00,0,fdcb0cd3,,0.2,7.0,0.0,0.007,0.465,0.0,0.0,0.023,0.0131,0.839,60.537,0.0,4.344,0.0,0.0,13.317,0.75,57.0,0.0,4.0,0.0,0.0,12.775,1.0,48.333,0.0,3.667,0.0,0.0,10.6
2026,5,00-0038608,Kayshon Boutte,WR,HOU,TEN,2026-10-11T17:00:00+00:00,2026-10-10T06:31:13+00:00,0,fdcb0cd3,,0.0,2.7,0.0,0.0,0.086,0.0,0.0,0.009,0.0052,0.0,23.142,0.0,1.806,0.0,0.0,4.637,0.0,28.75,0.0,2.25,0.0,0.0,5.125,0.0,31.333,0.0,2.667,0.0,0.0,5.8
2026,5,00-0038611,Chris Rodriguez Jr.,RB,JAX,PHI,2026-10-11T13:30:00+00:00,2026-10-10T06:31:13+00:00,0,fdcb0cd3,,5.9,0.0,0.0,0.293,0.0,0.0,0.0,0.028,0.0108,24.879,0.0,0.0,0.0,0.0,0.0,4.242,27.0,0.0,0.0,0.0,0.0,0.0,5.7,28.333,0.0,0.0,0.0,0.0,0.0,6.833
2026,5,00-0038618,Xavier Hutchinson,WR,HOU,TEN,2026-10-11T17:00:00+00:00,2026-10-10T06:31:13+00:00,0,fdcb0cd3,,0.6,5.2,0.0,0.02,0.128,0.0,0.0,0.018,0.0105,2.325,38.452,0.0,2.907,0.0,0.0,7.874,1.0,41.5,0.0,3.0,0.0,0.0,7.25,1.333,44.667,0.0,3.0,0.0,0.0,7.6
2026,5,00-0038621,DeMario Douglas,WR,NE,LV,2026-10-11T17:00:00+00:00,2026-10-10T06:31:13+00:00,0,fdcb0cd3,,0.0,3.4,0.0,0.0,0.102,0.0,0.0,0.01,0.0065,0.0,23.769,0.0,1.941,0.0,0.0,4.931,0.0,20.5,0.0,2.25,0.0,0.0,4.3,0.0,20.667,0.0,1.333,0.0,0.0,3.4
2026,5,00-0038685,Chris Brooks,RB,GB,CHI,2026-10-11T17:00:00+00:00,2026-10-10T06:31:13+00:00,0,fdcb0cd3,Out,4.2,1.0,0.0,0.091,0.048,0.0,0.0,0.024,0.0098,19.125,5.369,0.0,0.736,0.0,0.0,4.017,17.5,6.0,0.0,0.75,0.0,0.0,3.1,13.667,8.0,0.0,1.0,0.0,0.0,3.167
2026,5,00-0038728,Jared Wayne,WR,HOU,TEN,2026-10-11T17:00:00+00:00,2026-10-10T06:31:13+00:00,0,fdcb0cd3,,0.0,3.2,0.0,0.0,0.104,0.0,0.0,0.009,0.0062,0.0,23.808,0.0,1.753,0.0,0.0,4.763,0.0,21.667,0.0,1.333,0.0,0.0,3.5,0.0,21.667,0.0,1.333,0.0,0.0,3.5
2026,5,00-0038797,Emanuel Wilson,RB,SEA,SF,2026-10-11T20:25:00+00:00,2026-10-10T06:31:13+00:00,0,fdcb0cd3,,12.0,1.3,0.0,0.3,0.109,0.0,0.0,0.053,0.0213,45.889,7.779,0.0,0.997,0.0,0.0,8.809,47.5,9.75,0.0,0.75,0.0,0.0,9.475,62.333,13.0,0.0,1.0,0.0,0.0,12.533
2026,5,00-0038933,Dalton Kincaid,TE,BUF,LA,2026-10-13T00:15:00+00:00,2026-10-10T06:31:13+00:00,0,fdcb0cd3,,0.0,4.4,0.0,0.0,0.197,0.0,0.0,0.035,0.0083,0.0,42.034,0.0,3.194,0.0,0.0,8.562,0.0,67.5,0.0,3.75,0.0,0.0,11.75,0.0,46.667,0.0,3.333,0.0,0.0,9.667
2026,5,00-0038935,Brenton Strange,TE,JAX,PHI,2026-10-11T13:30:00+00:00,2026-10-10T06:31:13+00:00,0,fdcb0cd3,,0.0,4.9,0.0,0.0,0.282,0.0,0.0,0.018,0.0093,0.0,39.762,0.0,3.625,0.0,0.0,9.293,0.0,41.75,0.0,3.5,0.0,0.0,9.175,0.0,48.0,0.0,4.0,0.0,0.0,8.8
2026,5,00-0038994,Jordan Addison,WR,MIN,NO,2026-10-11T17:00:00+00:00,2026-10-10T06:31:13+00:00,0,fdcb0cd3,Questionable,0.2,5.4,0.0,0.006,0.24,0.0,0.0,0.017,0.0104,0.831,41.635,0.0,3.071,0.0,0.0,8.799,-0.25,40.75,0.0,2.75,0.0,0.0,8.3,-0.333,54.333,0.0,3.667,0.0,0.0,11.067
2026,5,00-0038996,Tucker Kraft,TE,GB,CHI,2026-10-11T17:00:00+00:00,2026-10-10T06:31:13+00:00,0,fdcb0cd3,,0.3,5.0,0.0,0.008,0.247,0.0,0.0,0.018,0.0097,1.314,33.088,0.0,3.269,0.0,0.0,8.244,0.75,37.0,0.0,3.75,0.0,0.0,9.025,1.0,27.667,0.0,4.0,0.0,0.0,8.867
2026,5,00-0038997,Josh Downs,WR,IND,PIT,2026-10-11T17:00:00+00:00,2026-10-10T06:31:13+00:00,0,fdcb0cd3,,0.0,5.9,0.0,0.0,0.131,0.0,0.0,0.019,0.0107,0.0,46.174,0.0,3.746,0.0,0.0,9.154,0.0,50.5,0.0,4.25,0.0,0.0,9.3,0.0,55.0,0.0,5.0,0.0,0.0,10.5
2026,5,00-0039032,Tyjae Spears,RB,TEN,HOU,2026-10-11T17:00:00+00:00,2026-10-10T06:31:13+00:00,0,fdcb0cd3,,3.7,1.7,0.0,0.092,0.055,0.0,0.0,0.025,0.01,15.249,9.36,0.0,1.306,0.0,0.0,4.642,16.25,10.0,0.0,1.25,0.0,0.0,3.875,17.667,9.333,0.0,1.0,0.0,0.0,3.7
2026,5,00-0039040,De'Von Achane,RB,MIA,CIN,2026-10-11T17:00:00+00:00,2026-10-10T06:31:13+00:00,0,fdcb0cd3,,9.5,3.4,0.0,0.204,0.103,0.0,0.0,0.052,0.0216,39.143,17.932,0.0,2.501,0.0,0.0,10.039,42.333,16.333,0.0,2.333,0.0,0.0,8.2,42.333,16.333,0.0,2.333,0.0,0.0,8.2
2026,5,00-0039064,Zay Flowers,WR,BAL,ATL,2026-10-12T00:20:00+00:00,2026-10-10T06:31:13+00:00,0,fdcb0cd3,Questionable,0.3,6.2,0.0,0.012,0.396,0.0,0.0,0.023,0.012,1.272,70.263,0.0,4.315,0.0,0.0,13.915,6.667,117.333,0.0,6.0,0.0,0.0,22.4,6.667,117.333,0.0,6.0,0.0,0.0,22.4
2026,5,00-0039065,Sam LaPorta,TE,DET,ARI,2026-10-11T20:25:00+00:00,2026-10-10T06:31:13+00:00,0,fdcb0cd3,,0.0,7.1,0.0,0.0,0.434,0.0,0.0,0.024,0.0126,0.0,49.884,0.0,4.908,0.0,0.0,12.5,0.0,57.0,0.0,5.5,0.0,0.0,14.2,0.0,60.0,0.0,5.667,0.0,0.0,15.667
2026,5,00-0039066,Michael Mayer,TE,LV,NE,2026-10-11T17:00:00+00:00,2026-10-10T06:31:13+00:00,0,fdcb0cd3,,0.0,4.7,0.0,0.0,0.235,0.0,0.0,0.018,0.0087,0.0,32.536,0.0,3.658,0.0,0.0,8.322,0.0,42.25,0.0,5.0,0.0,0.0,10.725,0.0,45.667,0.0,4.667,0.0,0.0,11.233
2026,5,00-0039075,Puka Nacua,WR,LA,BUF,2026-10-13T00:15:00+00:00,2026-10-10T06:31:13+00:00,0,fdcb0cd3,,0.4,8.4,0.0,0.023,0.231,0.0,0.0,0.029,0.0164,1.669,76.21,0.0,5.414,0.0,0.0,14.731,1.0,99.5,0.0,7.0,0.0,0.0,20.05,1.0,99.5,0.0,7.0,0.0,0.0,20.05
2026,5,00-0039139,Jahmyr Gibbs,RB,DET,ARI,2026-10-11T20:25:00+00:00,2026-10-10T06:31:13+00:00,0,fdcb0cd3,,20.6,6.4,0.0,1.059,0.402,0.0,0.0,0.185,0.0362,87.578,37.755,0.0,4.873,0.0,0.0,26.057,88.25,46.75,0.0,5.5,0.0,0.0,29.25,65.667,52.333,0.0,5.667,0.0,0.0,27.467
2026,5,00-0039146,Jayden Reed,WR,GB,CHI,2026-10-11T17:00:00+00:00,2026-10-10T06:31:13+00:00,0,fdcb0cd3,,0.0,3.3,0.0,0.0,0.14,0.0,0.0,0.01,0.0065,0.0,23.158,0.0,1.915,0.0,0.0,5.073,0.0,12.0,0.0,2.0,0.0,0.0,3.2,0.0,12.0,0.0,2.0,0.0,0.0,3.2
2026,5,00-0039163,C.J. Stroud,QB,HOU,TEN,2026-10-11T17:00:00+00:00,2026-10-10T06:31:13+00:00,0,fdcb0cd3,,2.5,0.0,36.9,0.073,0.0,1.344,0.193,0.354,0.0452,11.314,0.0,256.468,0.0,22.668,2.665,16.751,16.5,0.0,285.25,0.0,23.25,3.0,17.56,17.0,0.0,289.0,0.0,22.333,3.0,17.26
2026,5,00-0039299,George Holani,RB,SEA,SF,2026-10-11T20:25:00+00:00,2026-10-10T06:31:13+00:00,0,fdcb0cd3,Questionable,4.6,1.9,0.0,0.1,0.092,0.0,0.0,0.029,0.0117,17.516,11.105,0.0,1.559,0.0,0.0,5.565,17.5,13.0,0.0,1.75,0.0,0.0,4.8,13.667,17.333,0.0,2.333,0.0,0.0,5.433
2026,5,00-0039337,Malik Nabers,WR,NYG,WAS,2026-10-11T17:00:00+00:00,2026-10-10T06:31:13+00:00,0,fdcb0cd3,,0.0,6.0,0.0,0.0,0.265,0.0,0.0,0.02,0.011,0.0,48.796,0.0,4.08,0.0,0.0,10.553,0.0,52.0,0.0,4.5,0.0,0.0,11.2,0.0,46.333,0.0,4.0,0.0,0.0,10.633
2026,5,00-0039361,Bucky Irving,RB,TB,DAL,2026-10-09T00:15:00+00:00,2026-10-10T06:31:13+00:00,1,fdcb0cd3,,12.2,3.4,0.0,0.324,0.097,0.0,0.0,0.126,0.0237,51.954,16.743,0.0,2.846,0.0,0.0,12.163,60.25,15.25,0.0,3.25,0.0,0.0,12.05,65.333,4.333,0.0,2.0,0.0,0.0,8.967
2026,5,00-0039410,Ryan Flournoy,WR,DAL,TB,2026-10-09T00:15:00+00:00,2026-10-10T06:31:13+00:00,1,fdcb0cd3,,0.0,5.2,0.0,0.0,0.143,0.0,0.0,0.016,0.0096,0.0,33.693,0.0,3.101,0.0,0.0,7.332,0.0,26.0,0.0,3.25,0.0,0.0,5.85,0.0,27.333,0.0,3.667,0.0,0.0,6.4
2026,5,00-0039424,Devaughn Vele,WR,NO,MIN,2026-10-11T17:00:00+00:00,2026-10-10T06:31:13+00:00,0,fdcb0cd3,,0.0,6.1,0.0,0.0,0.356,0.0,0.0,0.019,0.0109,0.0,47.24,0.0,3.88,0.0,0.0,10.745,0.0,56.5,0.0,5.25,0.0,0.0,13.9,0.0,52.333,0.0,4.667,0.0,0.0,11.9
2026,5,00-0039451,Isaiah Williams,WR,NYJ,CLE,2026-10-11T17:00:00+00:00,2026-10-10T06:31:13+00:00,0,fdcb0cd3,,0.2,2.5,0.0,0.007,0.153,0.0,0.0,0.01,0.0052,0.919,22.936,0.0,1.674,0.0,0.0,5.023,3.5,33.75,0.0,2.5,0.0,0.0,7.725,4.667,42.667,0.0,3.0,0.0,0.0,9.733
2026,5,00-0039732,Bo Nix,QB,DEN,LAC,2026-10-11T20:05:00+00:00,2026-10-10T06:31:13+00:00,0,fdcb0cd3,,3.2,0.0,34.4,0.121,0.0,1.354,0.786,0.231,0.2599,10.901,0.0,215.527,0.0,20.695,1.986,15.357,6.25,0.0,204.75,0.0,20.25,1.25,15.315,7.667,0.0,229.333,0.0,21.333,0.333,17.94
2026,5,00-0039738,Blake Corum,RB,LA,BUF,2026-10-13T00:15:00+00:00,2026-10-10T06:31:13+00:00,0,fdcb0cd3,,6.9,1.5,0.0,0.152,0.055,0.0,0.0,0.035,0.0144,31.479,7.288,0.0,1.074,0.0,0.0,6.183,40.5,5.0,0.0,1.0,0.0,0.0,5.55,36.0,6.667,0.0,1.333,0.0,0.0,5.6
2026,5,00-0039739,Roman Wilson,WR,PIT,IND,2026-10-11T17:00:00+00:00,2026-10-10T06:31:13+00:00,0,fdcb0cd3,,0.0,5.0,0.0,0.0,0.366,0.0,0.0,0.015,0.0092,0.0,42.127,0.0,2.999,0.0,0.0,9.408,0.0,47.0,0.0,3.5,0.0,0.0,11.2,0.0,54.0,0.0,3.667,0.0,0.0,13.067
2026,5,00-0039793,AJ Barner,TE,SEA,SF,2026-10-11T20:25:00+00:00,2026-10-10T06:31:13+00:00,0,fdcb0cd3,,0.2,3.6,0.0,0.01,0.139,0.0,0.0,0.014,0.0073,0.816,25.333,0.0,2.425,0.0,0.0,5.937,0.25,25.5,0.0,2.25,0.0,0.0,6.325,0.333,29.667,0.0,2.333,0.0,0.0,7.333
2026,5,00-0039794,Braelon Allen,RB,NYJ,CLE,2026-10-11T17:00:00+00:00,2026-10-10T06:31:13+00:00,0,fdcb0cd3,,7.3,1.4,0.0,0.249,0.053,0.0,0.0,0.037,0.015,29.866,6.692,0.0,1.105,0.0,0.0,6.561,30.0,4.75,0.0,1.5,0.0,0.0,6.475,26.667,6.333,0.0,2.0,0.0,0.0,7.3
2026,5,00-0039811,MarShawn Lloyd,RB,GB,CHI,2026-10-11T17:00:00+00:00,2026-10-10T06:31:13+00:00,0,fdcb0cd3,,8.6,2.4,0.0,0.155,0.167,0.0,0.0,0.101,0.0188,32.198,12.422,0.0,1.863,0.0,0.0,8.192,20.25,12.25,0.0,2.25,0.0,0.0,6.75,14.667,16.333,0.0,3.0,0.0,0.0,7.767
2026,5,00-0039849,Marvin Harrison Jr.,WR,ARI,DET,2026-10-11T20:25:00+00:00,2026-10-10T06:31:13+00:00,0,fdcb0cd3,,0.0,2.9,0.0,0.0,0.179,0.0,0.0,0.009,0.0056,0.0,23.551,0.0,1.626,0.0,0.0,5.058,0.0,21.25,0.0,1.25,0.0,0.0,4.875,0.0,17.333,0.0,1.333,0.0,0.0,5.067
2026,5,00-0039851,Drake Maye,QB,NE,LV,2026-10-11T17:00:00+00:00,2026-10-10T06:31:13+00:00,0,fdcb0cd3,,4.9,0.0,31.1,0.106,0.0,1.167,1.585,0.348,0.1496,25.26,0.0,224.065,0.0,19.134,2.349,15.159,34.0,0.0,213.5,0.0,18.25,2.5,14.19,29.667,0.0,225.333,0.0,16.667,2.333,14.647
2026,5,00-0039880,Malik Washington,WR,MIA,CIN,2026-10-11T17:00:00+00:00,2026-10-10T06:31:13+00:00,0,fdcb0cd3,,1.1,5.9,0.0,0.035,0.114,0.0,0.0,0.05,0.0124,4.537,47.55,0.0,3.555,0.0,0.0,9.632,3.0,54.75,0.0,4.25,0.0,0.0,9.775,4.0,55.333,0.0,4.667,0.0,0.0,10.6
2026,5,00-0039890,Adonai Mitchell,WR,NYJ,CLE,2026-10-11T17:00:00+00:00,2026-10-10T06:31:13+00:00,0,fdcb0cd3,Out,0.0,6.0,0.0,0.0,0.198,0.0,0.0,0.019,0.0115,0.0,49.136,0.0,3.572,0.0,0.0,9.681,0.0,61.5,0.0,4.5,0.0,0.0,10.65,0.0,61.5,0.0,4.5,0.0,0.0,10.65
2026,5,00-0039893,Brian Thomas Jr.,WR,JAX,PHI,2026-10-11T13:30:00+00:00,2026-10-10T06:31:13+00:00,0,fdcb0cd3,,0.0,3.8,0.0,0.0,0.237,0.0,0.0,0.013,0.0073,0.0,30.851,0.0,2.403,0.0,0.0,6.909,0.0,26.25,0.0,2.25,0.0,0.0,6.375,0.0,21.667,0.0,2.0,0.0,0.0,6.167
2026,5,00-0039901,Keon Coleman,WR,BUF,LA,2026-10-13T00:15:00+00:00,2026-10-10T06:31:13+00:00,0,fdcb0cd3,,0.0,4.0,0.0,0.0,0.19,0.0,0.0,0.014,0.0076,0.0,38.877,0.0,2.812,0.0,0.0,7.839,0.0,54.25,0.0,3.5,0.0,0.0,10.425,0.0,72.0,0.0,4.333,0.0,0.0,13.533
2026,5,00-0039910,Jayden Daniels,QB,WAS,NYG,2026-10-11T17:00:00+00:00,2026-10-10T06:31:13+00:00,0,fdcb0cd3,,4.8,0.0,28.6,0.106,0.0,1.443,0.314,0.136,0.0524,25.775,0.0,181.94,0.0,18.026,1.589,15.916,50.0,0.0,130.0,0.0,14.5,0.5,16.2,50.0,0.0,130.0,0.0,14.5,0.5,16.2
2026,5,00-0039915,Ladd McConkey,WR,LAC,DEN,2026-10-11T20:05:00+00:00,2026-10-10T06:31:13+00:00,0,fdcb0cd3,Questionable,0.0,3.4,0.0,0.0,0.172,0.0,0.0,0.011,0.0065,0.0,31.662,0.0,2.176,0.0,0.0,6.377,0.0,45.75,0.0,3.0,0.0,0.0,9.075,0.0,33.667,0.0,2.333,0.0,0.0,5.7
2026,5,00-0039918,Caleb Williams,QB,CHI,GB,2026-10-11T17:00:00+00:00,2026-10-10T06:31:13+00:00,0,fdcb0cd3,Questionable,6.0,0.0,27.1,0.385,0.0,1.058,0.571,0.134,0.0506,29.311,0.0,196.323,0.0,18.387,1.998,16.721,53.5,0.0,203.5,0.0,18.0,2.5,22.99,53.5,0.0,203.5,0.0,18.0,2.5,22.99
2026,5,00-0039919,Rome Odunze,WR,CHI,GB,2026-10-11T17:00:00+00:00,2026-10-10T06:31:13+00:00,0,fdcb0cd3,,0.0,4.9,0.0,0.0,0.12,0.0,0.0,0.017,0.0092,0.0,46.639,0.0,3.295,0.0,0.0,8.683,0.0,58.25,0.0,3.5,0.0,0.0,9.325,0.0,60.333,0.0,4.0,0.0,0.0,10.033
2026,5,00-0040024,Darius Cooper,WR,PHI,JAX,2026-10-11T13:30:00+00:00,2026-10-10T06:31:13+00:00,0,fdcb0cd3,,0.0,2.3,0.0,0.0,0.294,0.0,0.0,0.007,0.0045,0.0,17.533,0.0,1.366,0.0,0.0,4.884,0.0,14.75,0.0,1.25,0.0,0.0,7.225,0.0,19.667,0.0,1.667,0.0,0.0,9.633
2026,5,00-0040122,Ashton Jeanty,RB,LV,NE,2026-10-11T17:00:00+00:00,2026-10-10T06:31:13+00:00,0,fdcb0cd3,Questionable,18.7,4.8,0.0,0.21,0.34,0.0,0.0,0.076,0.0321,67.615,29.07,0.0,3.811,0.0,0.0,16.766,66.0,41.25,0.0,4.75,0.0,0.0,18.475,54.0,40.0,0.0,4.333,0.0,0.0,13.733
2026,5,00-0040126,Colston Loveland,TE,CHI,GB,2026-10-11T17:00:00+00:00,2026-10-10T06:31:13+00:00,0,fdcb0cd3,,0.0,4.5,0.0,0.0,0.12,0.0,0.0,0.016,0.0085,0.0,27.308,0.0,3.049,0.0,0.0,6.501,0.0,22.75,0.0,2.75,0.0,0.0,5.025,0.0,30.333,0.0,3.667,0.0,0.0,6.7
2026,5,00-0040128,Tyler Warren,TE,IND,PIT,2026-10-11T17:00:00+00:00,2026-10-10T06:31:13+00:00,0,fdcb0cd3,,0.5,5.6,0.0,0.021,0.325,0.0,0.0,0.024,0.011,2.023,32.905,0.0,4.452,0.0,0.0,10.016,1.25,32.5,0.0,5.75,0.0,0.0,12.125,1.667,39.0,0.0,6.667,0.0,0.0,12.733
2026,5,00-0040129,Emeka Egbuka,WR,TB,DAL,2026-10-09T00:15:00+00:00,2026-10-10T06:31:13+00:00,1,fdcb0cd3,,0.2,5.8,0.0,0.007,0.256,0.0,0.0,0.02,0.011,0.801,43.046,0.0,3.736,0.0,0.0,9.7,-0.75,38.5,0.0,3.75,0.0,0.0,9.025,-1.0,30.333,0.0,3.333,0.0,0.0,8.267
2026,5,00-0040134,Pat Bryant,WR,DEN,LAC,2026-10-11T20:05:00+00:00,2026-10-10T06:31:13+00:00,0,fdcb0cd3,,0.2,2.3,0.0,0.006,0.141,0.0,0.0,0.009,0.0166,0.855,21.309,0.0,1.559,0.0,0.0,4.681,4.0,33.25,0.0,2.25,0.0,0.0,7.975,5.333,30.333,0.0,1.667,0.0,0.0,7.9
2026,5,00-0040138,Jaylin Noel,WR,HOU,TEN,2026-10-11T17:00:00+00:00,2026-10-10T06:31:13+00:00,0,fdcb0cd3,,0.9,2.5,0.0,0.03,0.081,0.0,0.0,0.013,0.0065,3.824,26.844,0.0,1.648,0.0,0.0,5.381,6.25,46.5,0.0,2.0,0.0,0.0,7.275,8.333,44.333,0.0,2.0,0.0,0.0,7.267
2026,5,00-0040142,Kaleb Johnson,RB,GB,CHI,2026-10-11T17:00:00+00:00,2026-10-10T06:31:13+00:00,0,fdcb0cd3,,6.4,0.7,0.0,0.13,0.036,0.0,0.0,0.074,0.0131,27.842,3.673,0.0,0.503,0.0,0.0,4.601,20.0,2.5,0.0,0.25,0.0,0.0,2.25,26.667,3.333,0.0,0.333,0.0,0.0,3.0
2026,5,00-0040170,Elic Ayomanor,WR,TEN,HOU,2026-10-11T17:00:00+00:00,2026-10-10T06:31:13+00:00,0,fdcb0cd3,,0.0,2.6,0.0,0.0,0.164,0.0,0.0,0.008,0.0051,0.0,24.851,0.0,1.562,0.0,0.0,5.031,0.0,28.25,0.0,1.25,0.0,0.0,5.575,0.0,34.0,0.0,1.333,0.0,0.0,4.733
2026,5,00-0040189,Oronde Gadsden II,TE,LAC,DEN,2026-10-11T20:05:00+00:00,2026-10-10T06:31:13+00:00,0,fdcb0cd3,,0.3,3.3,0.0,0.01,0.175,0.0,0.0,0.013,0.0069,1.301,21.862,0.0,2.173,0.0,0.0,5.602,0.5,21.5,0.0,2.25,0.0,0.0,5.95,0.667,18.0,0.0,2.333,0.0,0.0,6.2
2026,5,00-0040236,Kyle Monangai,RB,CHI,GB,2026-10-11T17:00:00+00:00,2026-10-10T06:31:13+00:00,0,fdcb0cd3,Out,12.3,1.2,0.0,0.567,0.049,0.0,0.0,0.052,0.021,59.227,6.973,0.0,1.001,0.0,0.0,11.313,81.0,9.75,0.0,1.25,0.0,0.0,14.825,74.667,5.0,0.0,1.0,0.0,0.0,12.967
2026,5,00-0040242,Jacory Croskey-Merritt,RB,WAS,NYG,2026-10-11T17:00:00+00:00,2026-10-10T06:31:13+00:00,0,fdcb0cd3,,11.1,1.4,0.0,0.257,0.059,0.0,0.0,0.048,0.0196,39.179,7.914,0.0,1.106,0.0,0.0,7.706,39.25,10.0,0.0,1.25,0.0,0.0,7.675,31.333,15.667,0.0,1.333,0.0,0.0,6.033
2026,5,00-0040466,Raheim Sanders,RB,CLE,NYJ,2026-10-11T17:00:00+00:00,2026-10-10T06:31:13+00:00,0,fdcb0cd3,,1.5,2.6,0.0,0.04,0.094,0.0,0.0,0.018,0.0078,6.418,14.716,0.0,2.134,0.0,0.0,5.048,7.75,18.25,0.0,2.5,0.0,0.0,5.1,10.0,16.0,0.0,2.333,0.0,0.0,4.933
2026,5,00-0040583,Woody Marks,RB,HOU,TEN,2026-10-11T17:00:00+00:00,2026-10-10T06:31:13+00:00,0,fdcb0cd3,,7.5,1.9,0.0,0.346,0.066,0.0,0.0,0.041,0.0164,26.662,9.308,0.0,1.513,0.0,0.0,7.576,21.75,7.75,0.0,1.75,0.0,0.0,7.7,15.0,11.0,0.0,2.0,0.0,0.0,8.6
2026,5,00-0040584,Gunnar Helm,TE,TEN,HOU,2026-10-11T17:00:00+00:00,2026-10-10T06:31:13+00:00,0,fdcb0cd3,,0.0,3.0,0.0,0.0,0.096,0.0,0.0,0.012,0.02,0.0,19.885,0.0,2.2,0.0,0.0,4.791,0.0,15.0,0.0,2.25,0.0,0.0,4.25,0.0,10.667,0.0,1.667,0.0,0.0,3.4
2026,5,00-0040590,Konata Mumpfield,WR,LA,BUF,2026-10-13T00:15:00+00:00,2026-10-10T06:31:13+00:00,0,fdcb0cd3,,0.0,2.9,0.0,0.0,0.166,0.0,0.0,0.009,0.0056,0.0,24.4,0.0,1.611,0.0,0.0,5.048,0.0,28.0,0.0,1.5,0.0,0.0,5.8,0.0,37.333,0.0,2.0,0.0,0.0,7.733
2026,5,00-0040663,Harold Fannin Jr.,TE,CLE,NYJ,2026-10-11T17:00:00+00:00,2026-10-10T06:31:13+00:00,0,fdcb0cd3,,0.0,5.6,0.0,0.0,0.464,0.0,0.0,0.02,0.0104,0.0,37.604,0.0,4.088,0.0,0.0,10.634,0.0,38.25,0.0,4.25,0.0,0.0,12.575,0.0,44.0,0.0,5.0,0.0,0.0,15.4
2026,5,00-0040666,Omarion Hampton,RB,LAC,DEN,2026-10-11T20:05:00+00:00,2026-10-10T06:31:13+00:00,0,fdcb0cd3,,14.1,1.1,0.0,0.632,0.043,0.0,0.0,0.199,0.0238,60.696,6.065,0.0,0.839,0.0,0.0,11.413,59.5,7.25,0.0,1.0,0.0,0.0,11.675,65.0,9.667,0.0,1.333,0.0,0.0,12.467
2026,5,00-0040667,Matthew Golden,WR,GB,CHI,2026-10-11T17:00:00+00:00,2026-10-10T06:31:13+00:00,0,fdcb0cd3,,0.3,7.5,0.0,0.008,0.423,0.0,0.0,0.021,0.0135,1.338,58.2,0.0,3.962,0.0,0.0,12.513,1.5,68.5,0.0,4.5,0.0,0.0,14.5,2.0,59.667,0.0,4.0,0.0,0.0,14.167
2026,5,00-0040669,Isaac TeSlaa,WR,DET,ARI,2026-10-11T20:25:00+00:00,2026-10-10T06:31:13+00:00,0,fdcb0cd3,,0.0,4.0,0.0,0.0,0.138,0.0,0.0,0.012,0.0076,0.0,37.068,0.0,2.313,0.0,0.0,6.853,0.0,46.75,0.0,2.25,0.0,0.0,6.925,0.0,62.333,0.0,3.0,0.0,0.0,9.233
2026,5,00-0040676,Cam Ward,QB,TEN,HOU,2026-10-11T17:00:00+00:00,2026-10-10T06:31:13+00:00,0,fdcb0cd3,,3.1,0.0,32.1,0.175,0.0,1.028,0.606,0.109,0.1498,12.801,0.0,212.916,0.0,20.471,2.032,14.544,14.25,0.0,181.5,0.0,18.75,1.5,14.685,12.0,0.0,195.333,0.0,18.667,1.0,15.68
2026,5,00-0040691,Jaxson Dart,QB,NYG,WAS,2026-10-11T17:00:00+00:00,2026-10-10T06:31:13+00:00,0,fdcb0cd3,,4.4,0.0,18.5,0.089,0.0,1.215,0.25,0.101,0.0386,18.5,0.0,158.702,0.0,15.241,1.164,13.317,27.0,0.0,125.0,0.0,13.0,1.0,13.7,27.0,0.0,125.0,0.0,13.0,1.0,13.7
2026,5,00-0040715,Cam Skattebo,RB,NYG,WAS,2026-10-11T17:00:00+00:00,2026-10-10T06:31:13+00:00,0,fdcb0cd3,,13.5,2.3,0.0,0.256,0.087,0.0,0.0,0.056,0.0235,48.762,13.267,0.0,1.833,0.0,0.0,10.086,58.75,16.75,0.0,2.0,0.0,0.0,11.05,51.333,22.333,0.0,2.667,0.0,0.0,10.033
2026,5,00-0040719,Bhayshul Tuten,RB,JAX,PHI,2026-10-11T13:30:00+00:00,2026-10-10T06:31:13+00:00,0,fdcb0cd3,,13.6,1.9,0.0,0.467,0.086,0.0,0.0,0.058,0.0239,61.113,11.332,0.0,1.577,0.0,0.0,12.133,69.25,13.5,0.0,1.75,0.0,0.0,13.025,70.333,10.667,0.0,2.0,0.0,0.0,14.1
2026,5,00-0040727,Tre Harris,WR,LAC,DEN,2026-10-11T20:05:00+00:00,2026-10-10T06:31:13+00:00,0,fdcb0cd3,,0.0,4.4,0.3,0.0,0.115,0.013,0.007,0.015,0.0087,0.0,39.899,3.449,2.665,0.305,0.019,7.533,0.0,52.25,0.0,3.25,0.0,0.0,8.475,0.0,63.0,0.0,3.333,0.0,0.0,9.633
2026,5,00-0040729,Jack Bech,WR,LV,NE,2026-10-11T17:00:00+00:00,2026-10-10T06:31:13+00:00,0,fdcb0cd3,,0.0,2.4,0.0,0.0,0.18,0.0,0.0,0.009,0.0048,0.0,19.468,0.0,1.631,0.0,0.0,4.658,0.0,24.0,0.0,2.5,0.0,0.0,7.9,0.0,24.0,0.0,2.5,0.0,0.0,7.9
2026,5,00-0040730,RJ Harvey,RB,DEN,LAC,2026-10-11T20:05:00+00:00,2026-10-10T06:31:13+00:00,0,fdcb0cd3,,3.6,5.8,0.0,0.085,0.153,0.0,0.0,0.039,0.0166,14.327,32.589,0.0,4.873,0.0,0.0,10.986,16.333,44.0,0.0,6.667,0.0,0.0,12.7,16.333,44.0,0.0,6.667,0.0,0.0,12.7
2026,5,00-0040735,Luther Burden III,WR,CHI,GB,2026-10-11T17:00:00+00:00,2026-10-10T06:31:13+00:00,0,fdcb0cd3,,0.6,7.1,0.0,0.024,0.264,0.0,0.0,0.056,0.0137,2.559,54.529,0.0,4.649,0.0,0.0,12.054,5.0,54.75,0.0,4.75,0.0,0.0,11.975,6.0,52.0,0.0,4.667,0.0,0.0,12.467
2026,5,00-0040737,Terrance Ferguson,TE,LA,BUF,2026-10-13T00:15:00+00:00,2026-10-10T06:31:13+00:00,0,fdcb0cd3,,0.0,3.2,0.0,0.0,0.187,0.0,0.0,0.011,0.0062,0.0,21.116,0.0,2.134,0.0,0.0,5.37,0.0,21.0,0.0,2.333,0.0,0.0,6.433,0.0,21.0,0.0,2.333,0.0,0.0,6.433
2026,5,00-0040743,Tyler Shough,QB,NO,MIN,2026-10-11T17:00:00+00:00,2026-10-10T06:31:13+00:00,0,fdcb0cd3,,3.3,0.0,41.0,0.144,0.0,2.017,0.745,0.487,0.0462,14.349,0.0,258.322,0.0,23.973,2.831,19.562,18.0,0.0,300.75,0.0,30.25,3.0,22.83,21.333,0.0,264.333,0.0,28.667,2.333,21.707
2026,5,00-0040784,Quinshon Judkins,RB,CLE,NYJ,2026-10-11T17:00:00+00:00,2026-10-10T06:31:13+00:00,0,fdcb0cd3,,14.8,3.9,0.0,0.345,0.126,0.0,0.0,0.067,0.0281,51.127,21.52,0.0,3.286,0.0,0.0,13.366,44.25,24.0,0.0,3.75,0.0,0.0,12.075,48.0,26.333,0.0,4.333,0.0,0.0,13.767
2026,5,00-0040785,Dohnte Meyers,WR,CIN,MIA,2026-10-11T17:00:00+00:00,2026-10-10T06:31:13+00:00,0,fdcb0cd3,,0.2,3.4,0.0,0.006,0.101,0.0,0.0,0.013,0.0068,0.821,27.842,0.0,2.279,0.0,0.0,5.787,2.5,32.25,0.0,2.75,0.0,0.0,6.225,0.0,37.0,0.0,3.333,0.0,0.0,7.033
2026,5,00-0040867,Makai Lemon,WR,PHI,JAX,2026-10-11T13:30:00+00:00,2026-10-10T06:31:13+00:00,0,fdcb0cd3,,0.3,3.3,0.0,0.008,0.127,0.0,0.0,0.013,0.0069,1.109,22.506,0.0,2.129,0.0,0.0,5.302,-1.25,16.25,0.0,2.5,0.0,0.0,4.0,-1.667,23.333,0.0,2.333,0.0,0.0,4.5
2026,5,00-0040878,Mike Washington Jr.,RB,LV,NE,2026-10-11T17:00:00+00:00,2026-10-10T06:31:13+00:00,0,fdcb0cd3,,5.8,0.6,0.0,0.18,0.033,0.0,0.0,0.03,0.0116,25.746,2.846,0.0,0.445,0.0,0.0,4.573,30.0,-0.25,0.0,0.25,0.0,0.0,4.725,26.333,-0.333,0.0,0.333,0.0,0.0,4.933
2026,5,00-0041027,Jeremiyah Love,RB,ARI,DET,2026-10-11T20:25:00+00:00,2026-10-10T06:31:13+00:00,0,fdcb0cd3,,13.6,2.8,0.0,0.365,0.15,0.0,0.0,0.061,0.0252,57.721,12.782,0.0,2.27,0.0,0.0,12.396,55.75,9.0,0.0,2.75,0.0,0.0,12.225,60.667,9.0,0.0,3.0,0.0,0.0,11.967
2026,5,00-0041032,Kenyon Sadiq,TE,NYJ,CLE,2026-10-11T17:00:00+00:00,2026-10-10T06:31:13+00:00,0,fdcb0cd3,,0.2,3.7,0.0,0.011,0.193,0.0,0.0,0.014,0.0073,0.863,27.428,0.0,2.52,0.0,0.0,6.579,0.75,35.75,0.0,3.0,0.0,0.0,9.65,0.0,40.667,0.0,3.0,0.0,0.0,9.067
2026,5,00-0041037,Denzel Boston,WR,CLE,NYJ,2026-10-11T17:00:00+00:00,2026-10-10T06:31:13+00:00,0,fdcb0cd3,,0.0,5.3,0.0,0.0,0.337,0.0,0.0,0.017,0.0337,0.0,54.039,0.0,3.272,0.0,0.0,10.749,0.0,71.0,0.0,3.25,0.0,0.0,13.85,0.0,75.0,0.0,3.667,0.0,0.0,13.833
2026,5,00-0041040,Antonio Williams,WR,WAS,NYG,2026-10-11T17:00:00+00:00,2026-10-10T06:31:13+00:00,0,fdcb0cd3,,0.0,3.8,0.4,0.0,0.193,0.017,0.01,0.014,0.0079,0.0,28.504,4.489,2.349,0.417,0.025,6.596,0.0,31.0,0.0,3.0,0.0,0.0,7.6,0.0,20.0,0.0,2.667,0.0,0.0,4.667
2026,5,00-0041042,Malachi Fields,WR,NYG,WAS,2026-10-11T17:00:00+00:00,2026-10-10T06:31:13+00:00,0,fdcb0cd3,,0.0,3.5,0.0,0.0,0.193,0.0,0.0,0.011,0.0067,0.0,29.138,0.0,2.134,0.0,0.0,6.211,0.0,31.5,0.0,2.0,0.0,0.0,6.65,0.0,33.667,0.0,2.0,0.0,0.0,7.367
2026,5,00-0041048,Ted Hurst III,WR,TB,DAL,2026-10-09T00:15:00+00:00,2026-10-10T06:31:13+00:00,1,fdcb0cd3,,0.0,3.9,0.0,0.0,0.204,0.0,0.0,0.012,0.0074,0.0,32.108,0.0,2.318,0.0,0.0,6.752,0.0,32.0,0.0,2.0,0.0,0.0,6.7,0.0,30.667,0.0,1.667,0.0,0.0,6.733
2026,5,00-0041438,Carnell Tate,WR,TEN,HOU,2026-10-11T17:00:00+00:00,2026-10-10T06:31:13+00:00,0,fdcb0cd3,Questionable,0.0,8.6,0.0,0.0,0.194,0.0,0.0,0.062,0.0153,0.0,74.845,0.0,5.78,0.0,0.0,14.397,0.0,67.0,0.0,5.5,0.0,0.0,11.95,0.0,76.667,0.0,6.0,0.0,0.0,13.333
2026,5,00-0041496,Jonah Coleman,RB,DEN,LAC,2026-10-11T20:05:00+00:00,2026-10-10T06:31:13+00:00,0,fdcb0cd3,,4.5,1.2,0.0,0.183,0.049,0.0,0.0,0.028,0.011,17.763,6.397,0.0,0.945,0.0,0.0,4.75,19.5,9.5,0.0,1.5,0.0,0.0,7.4,19.5,9.5,0.0,1.5,0.0,0.0,7.4
2026,5,00-0041512,Jadarian Price,RB,SEA,SF,2026-10-11T20:25:00+00:00,2026-10-10T06:31:13+00:00,0,fdcb0cd3,,8.0,2.2,0.0,0.161,0.109,0.0,0.0,0.15,0.0179,33.518,11.068,0.0,1.652,0.0,0.0,7.618,39.667,7.0,0.0,1.333,0.0,0.0,5.333,39.667,7.0,0.0,1.333,0.0,0.0,5.333
2026,5,00-0041523,Caleb Douglas,WR,MIA,CIN,2026-10-11T17:00:00+00:00,2026-10-10T06:31:13+00:00,0,fdcb0cd3,Out,0.0,4.2,0.0,0.0,0.116,0.0,0.0,0.014,0.0083,0.0,38.533,0.0,2.66,0.0,0.0,7.213,0.0,56.5,0.0,3.5,0.0,0.0,9.15,0.0,56.5,0.0,3.5,0.0,0.0,9.15
2026,5,00-0041525,Chris Bell,WR,MIA,CIN,2026-10-11T17:00:00+00:00,2026-10-10T06:31:13+00:00,0,fdcb0cd3,,0.0,2.8,0.0,0.0,0.072,0.0,0.0,0.008,0.0054,0.0,22.113,0.0,1.489,0.0,0.0,4.135,0.0,23.0,0.0,1.25,0.0,0.0,3.55,0.0,22.333,0.0,1.333,0.0,0.0,3.567
2026,5,00-0041547,KC Concepcion,WR,CLE,NYJ,2026-10-11T17:00:00+00:00,2026-10-10T06:31:13+00:00,0,fdcb0cd3,,0.9,6.7,0.0,0.025,0.163,0.0,0.0,0.054,0.0135,3.579,43.342,0.0,4.179,0.0,0.0,9.973,2.25,36.0,0.0,4.25,0.0,0.0,7.825,-2.0,33.667,0.0,4.333,0.0,0.0,7.5
2026,5,00-0031503,Jameis Winston,QB,NYG,WAS,2026-10-11T17:00:00+00:00,2026-10-10T06:31:13+00:00,0,fdcb0cd3,,1.1,0.0,28.4,0.025,0.0,1.169,0.963,0.103,0.0432,4.415,0.0,192.799,0.0,17.738,2.147,12.003,5.0,0.0,159.667,0.0,14.333,3.0,9.887,5.0,0.0,159.667,0.0,14.333,3.0,9.887
2026,5,00-0032268,Marcus Mariota,QB,WAS,NYG,2026-10-11T17:00:00+00:00,2026-10-10T06:31:13+00:00,0,fdcb0cd3,Out,1.9,0.0,19.1,0.046,0.0,1.164,0.21,0.084,0.0336,9.131,0.0,155.519,0.0,14.704,1.19,11.838,16.333,0.0,113.333,0.0,11.0,1.0,11.5,16.333,0.0,113.333,0.0,11.0,1.0,11.5
2026,5,00-0032392,Austin Hooper,TE,ATL,BAL,2026-10-12T00:20:00+00:00,2026-10-10T06:31:13+00:00,0,fdcb0cd3,,0.0,2.5,0.0,0.0,0.162,0.0,0.0,0.01,0.005,0.0,17.381,0.0,1.807,0.0,0.0,4.518,0.0,13.333,0.0,1.667,0.0,0.0,5.0,0.0,13.333,0.0,1.667,0.0,0.0,5.0
2026,5,00-0033906,Alvin Kamara,RB,NO,MIN,2026-10-11T17:00:00+00:00,2026-10-10T06:31:13+00:00,0,fdcb0cd3,Questionable,6.9,3.7,0.0,0.358,0.127,0.0,0.0,0.043,0.0183,26.064,17.312,0.0,2.815,0.0,0.0,10.057,24.667,15.667,0.0,3.667,0.0,0.0,11.7,24.667,15.667,0.0,3.667,0.0,0.0,11.7
2026,5,00-0038416,Tyson Bagent,QB,CHI,GB,2026-10-11T17:00:00+00:00,2026-10-10T06:31:13+00:00,0,fdcb0cd3,,1.6,0.0,21.2,0.062,0.0,0.449,0.511,0.095,0.0381,5.99,0.0,168.824,0.0,16.071,1.392,8.991,0.5,0.0,161.0,0.0,15.0,1.0,5.99,0.5,0.0,161.0,0.0,15.0,1.0,5.99
2026,5,00-0039391,Kimani Vidal,RB,LAC,DEN,2026-10-11T20:05:00+00:00,2026-10-10T06:31:13+00:00,0,fdcb0cd3,,1.9,1.7,0.0,0.058,0.118,0.0,0.0,0.016,0.007,8.605,8.851,0.0,1.201,0.0,0.0,4.001,10.333,8.333,0.0,1.0,0.0,0.0,4.867,10.333,8.333,0.0,1.0,0.0,0.0,4.867
2026,5,00-0040198,Ollie Gordon II,RB,MIA,CIN,2026-10-11T17:00:00+00:00,2026-10-10T06:31:13+00:00,0,fdcb0cd3,,8.1,1.4,0.0,0.396,0.051,0.0,0.0,0.042,0.0167,38.35,7.379,0.0,1.175,0.0,0.0,8.42,49.333,4.667,0.0,1.667,0.0,0.0,11.067,49.333,4.667,0.0,1.667,0.0,0.0,11.067
2026,5,00-0040734,TreVeyon Henderson,RB,NE,LV,2026-10-11T17:00:00+00:00,2026-10-10T06:31:13+00:00,0,fdcb0cd3,,10.9,0.8,0.0,0.335,0.034,0.0,0.0,0.051,0.02,46.134,4.141,0.0,0.587,0.0,0.0,7.814,47.0,2.0,0.0,0.333,0.0,0.0,7.233,47.0,2.0,0.0,0.333,0.0,0.0,7.233
2026,5,00-0041194,Jack Strand,QB,ATL,BAL,2026-10-12T00:20:00+00:00,2026-10-10T06:31:13+00:00,0,fdcb0cd3,,1.7,0.0,17.0,0.07,0.0,0.553,0.618,0.193,0.0356,7.441,0.0,140.208,0.0,13.507,1.15,8.241,16.0,0.0,59.0,0.0,8.0,2.0,1.96,16.0,0.0,59.0,0.0,8.0,2.0,1.96
2026,5,00-0041489,Germie Bernard,WR,PIT,IND,2026-10-11T17:00:00+00:00,2026-10-10T06:31:13+00:00,0,fdcb0cd3,,0.0,3.1,0.0,0.0,0.124,0.0,0.0,0.01,0.0061,0.0,24.06,0.0,1.934,0.0,0.0,5.084,0.0,20.0,0.0,2.333,0.0,0.0,4.333,0.0,20.0,0.0,2.333,0.0,0.0,4.333
2026,5,00-0041550,Brenen Thompson,WR,LAC,DEN,2026-10-11T20:05:00+00:00,2026-10-10T06:31:13+00:00,0,fdcb0cd3,Out,0.0,2.5,0.0,0.0,0.102,0.0,0.0,0.008,0.0051,0.0,19.738,0.0,1.447,0.0,0.0,4.036,0.0,13.0,0.0,1.0,0.0,0.0,2.3,0.0,13.0,0.0,1.0,0.0,0.0,2.3
2026,5,00-0028986,Case Keenum,QB,CHI,GB,2026-10-11T17:00:00+00:00,2026-10-10T06:31:13+00:00,0,fdcb0cd3,,3.2,0.0,33.5,0.189,0.0,1.678,0.453,0.16,0.0636,12.337,0.0,224.073,0.0,21.752,2.013,17.559,6.0,0.0,247.0,0.0,24.0,0.0,24.48,6.0,0.0,247.0,0.0,24.0,0.0,24.48
2026,5,00-0030061,Zach Ertz,TE,PHI,JAX,2026-10-11T13:30:00+00:00,2026-10-10T06:31:13+00:00,0,fdcb0cd3,,0.0,2.6,0.0,0.0,0.123,0.0,0.0,0.01,0.0052,0.0,16.734,0.0,1.773,0.0,0.0,4.188,0.0,11.0,0.0,1.5,0.0,0.0,2.6,0.0,11.0,0.0,1.5,0.0,0.0,2.6
2026,5,00-0035537,Ty Johnson,RB,BUF,LA,2026-10-13T00:15:00+00:00,2026-10-10T06:31:13+00:00,0,fdcb0cd3,,0.5,2.9,0.0,0.025,0.102,0.0,0.0,0.015,0.0068,2.009,16.976,0.0,2.322,0.0,0.0,4.979,1.5,29.5,0.0,3.0,0.0,0.0,6.1,1.5,29.5,0.0,3.0,0.0,0.0,6.1
2026,5,00-0039338,Brock Bowers,TE,LV,NE,2026-10-11T17:00:00+00:00,2026-10-10T06:31:13+00:00,0,fdcb0cd3,,0.0,9.6,0.0,0.0,0.654,0.0,0.0,0.034,0.0177,0.0,72.785,0.0,6.683,0.0,0.0,17.889,0.0,101.0,0.0,8.0,0.0,0.0,24.1,0.0,101.0,0.0,8.0,0.0,0.0,24.1
2026,5,00-0039917,Michael Penix Jr.,QB,ATL,BAL,2026-10-12T00:20:00+00:00,2026-10-10T06:31:13+00:00,0,fdcb0cd3,,1.7,0.0,25.5,0.067,0.0,1.133,0.6,0.112,0.1543,6.326,0.0,224.144,0.0,18.482,1.453,14.128,-2.0,0.0,239.5,0.0,16.5,0.5,13.88,-2.0,0.0,239.5,0.0,16.5,0.5,13.88
2026,5,00-0041251,Jalon Daniels,QB,TB,DAL,2026-10-09T00:15:00+00:00,2026-10-10T06:31:13+00:00,1,fdcb0cd3,,3.8,0.0,17.5,0.11,0.0,0.736,1.0,0.096,0.0368,17.949,0.0,142.815,0.0,14.225,1.176,10.091,32.0,0.0,74.0,0.0,9.5,1.5,6.66,32.0,0.0,74.0,0.0,9.5,1.5,6.66
2026,5,00-0033699,Austin Ekeler,RB,WAS,NYG,2026-10-11T17:00:00+00:00,2026-10-10T06:31:13+00:00,0,fdcb0cd3,,3.2,1.6,0.0,0.082,0.079,0.0,0.0,0.024,0.0096,14.906,8.948,0.0,1.254,0.0,0.0,4.601,29.0,11.0,0.0,1.0,0.0,0.0,5.0,29.0,11.0,0.0,1.0,0.0,0.0,5.0
2026,5,00-0035993,Tyler Huntley,QB,BAL,ATL,2026-10-12T00:20:00+00:00,2026-10-10T06:31:13+00:00,0,fdcb0cd3,,3.4,0.0,10.3,0.124,0.0,0.348,0.21,0.069,0.0265,13.148,0.0,100.225,0.0,9.649,0.63,7.234,16.0,0.0,63.0,0.0,8.0,0.0,4.12,16.0,0.0,63.0,0.0,8.0,0.0,4.12
2026,5,00-0038839,Mitchell Tinsley,WR,CIN,MIA,2026-10-11T17:00:00+00:00,2026-10-10T06:31:13+00:00,0,fdcb0cd3,,0.0,5.6,0.0,0.0,0.209,0.0,0.0,0.018,0.0112,0.0,44.808,0.0,3.368,0.0,0.0,9.103,0.0,49.0,0.0,3.0,0.0,0.0,7.9,0.0,49.0,0.0,3.0,0.0,0.0,7.9
2026,5,00-0041117,Athan Kaliakmanis,QB,WAS,NYG,2026-10-11T17:00:00+00:00,2026-10-10T06:31:13+00:00,0,fdcb0cd3,,2.4,0.0,37.1,0.063,0.0,1.361,1.016,0.172,0.069,10.681,0.0,226.74,0.0,20.409,2.2,14.907,16.0,0.0,186.0,0.0,15.0,1.0,12.04,16.0,0.0,186.0,0.0,15.0,1.0,12.04
