commence,game,player_id,name,team,stat,cons_line,cons_p_over,n_books,pp_line,ud_line,ts
2026-10-11T17:00:00Z,CHI @ GB,00-0040598,Mark Redman,GB,recY,,,,0.5,,2026-10-10T06:59:17+00:00
2026-10-11T20:25:00Z,DET @ ARI,00-0039041,Elijah Higgins,ARI,recY,,,,8.5,,2026-10-10T06:59:17+00:00
2026-10-11T20:25:00Z,DET @ ARI,00-0039849,Marvin Harrison Jr.,ARI,rec,2.5,0.5384,4,,2.5,2026-10-10T06:59:17+00:00
2026-10-11T20:25:00Z,DET @ ARI,00-0039849,Marvin Harrison Jr.,ARI,recY,34.5,0.5,2,34.5,33.5,2026-10-10T06:59:17+00:00
2026-10-11T13:30:00Z,PHI @ JAX,00-0033246,Johnny Mundt,PHI,rec,,,,0.5,0.5,2026-10-10T18:24:13+00:00
2026-10-11T13:30:00Z,PHI @ JAX,00-0033246,Johnny Mundt,PHI,recY,,,,0.5,,2026-10-10T18:24:13+00:00
2026-10-11T17:00:00Z,LV @ NE,00-0034365,Ian Thomas,LV,rec,0.5,0.4335,1,,,2026-10-10T18:24:13+00:00
2026-10-11T17:00:00Z,CIN @ MIA,00-0036900,Ja'Marr Chase,CIN,rec,,,,6.5,6.5,2026-10-10T18:24:13+00:00
2026-10-11T17:00:00Z,IND @ PIT,00-0036252,Michael Pittman,PIT,rec,,,,2.5,,2026-10-10T18:24:13+00:00
2026-10-11T17:00:00Z,IND @ PIT,00-0036252,Michael Pittman,PIT,recY,,,,26.5,,2026-10-10T18:24:13+00:00
2026-10-11T17:00:00Z,IND @ PIT,00-0036139,Rico Dowdle,PIT,rushY,,,,28.5,29.5,2026-10-10T18:24:13+00:00
2026-10-11T17:00:00Z,LV @ NE,00-0040734,TreVeyon Henderson,NE,rec,,,,1.5,1.5,2026-10-10T18:24:13+00:00
2026-10-11T13:30:00Z,PHI @ JAX,00-0040719,Bhayshul Tuten,JAX,rec,1.5,0.4918,4,1.5,1.5,2026-10-11T00:12:27+00:00
2026-10-11T13:30:00Z,PHI @ JAX,00-0040719,Bhayshul Tuten,JAX,recY,9.5,0.498,4,9.5,9.5,2026-10-11T00:12:27+00:00
2026-10-11T13:30:00Z,PHI @ JAX,00-0040719,Bhayshul Tuten,JAX,rushY,65.5,0.5051,3,66.5,66.5,2026-10-11T00:12:27+00:00
2026-10-11T13:30:00Z,PHI @ JAX,00-0038935,Brenton Strange,JAX,rec,3.5,0.4248,4,,,2026-10-11T00:12:27+00:00
2026-10-11T13:30:00Z,PHI @ JAX,00-0038935,Brenton Strange,JAX,recY,33.5,0.4949,2,31.5,31.5,2026-10-11T00:12:27+00:00
2026-10-11T13:30:00Z,PHI @ JAX,00-0039893,Brian Thomas Jr.,JAX,rec,1.5,0.6128,2,2.0,,2026-10-11T00:12:27+00:00
2026-10-11T13:30:00Z,PHI @ JAX,00-0039893,Brian Thomas Jr.,JAX,recY,24.5,0.5,3,24.5,24.5,2026-10-11T00:12:27+00:00
2026-10-11T13:30:00Z,PHI @ JAX,00-0038611,Chris Rodriguez Jr.,JAX,rushY,26.5,0.4997,3,26.5,26.5,2026-10-11T00:12:27+00:00
2026-10-11T13:30:00Z,PHI @ JAX,00-0034351,Dallas Goedert,PHI,rec,4.5,0.4587,4,,,2026-10-11T00:12:27+00:00
2026-10-11T13:30:00Z,PHI @ JAX,00-0034351,Dallas Goedert,PHI,recY,41.5,0.4996,2,40.5,41.5,2026-10-11T00:12:27+00:00
2026-10-11T13:30:00Z,PHI @ JAX,00-0040024,Darius Cooper,PHI,rec,2.5,0.4541,4,,,2026-10-11T00:12:27+00:00
2026-10-11T13:30:00Z,PHI @ JAX,00-0040024,Darius Cooper,PHI,recY,22.5,0.4958,2,22.5,22.5,2026-10-11T00:12:27+00:00
2026-10-11T13:30:00Z,PHI @ JAX,00-0038393,Dontayvion Wicks,PHI,rec,3.5,0.513,4,3.5,,2026-10-11T00:12:27+00:00
2026-10-11T13:30:00Z,PHI @ JAX,00-0038393,Dontayvion Wicks,PHI,recY,43.5,0.4966,3,44.5,43.5,2026-10-11T00:12:27+00:00
2026-10-11T13:30:00Z,PHI @ JAX,00-0034960,Jakobi Meyers,JAX,rec,3.5,0.5192,4,3.5,3.5,2026-10-11T00:12:27+00:00
2026-10-11T13:30:00Z,PHI @ JAX,00-0034960,Jakobi Meyers,JAX,recY,41.5,0.4975,2,43.5,42.5,2026-10-11T00:12:27+00:00
2026-10-11T13:30:00Z,PHI @ JAX,00-0036389,Jalen Hurts,PHI,comp,18.5,0.5216,3,19.0,,2026-10-11T00:12:27+00:00
2026-10-11T13:30:00Z,PHI @ JAX,00-0036389,Jalen Hurts,PHI,passY,186.5,0.5,1,186.5,189.5,2026-10-11T00:12:27+00:00
2026-10-11T13:30:00Z,PHI @ JAX,00-0036389,Jalen Hurts,PHI,rushY,25.5,0.5178,1,27.5,27.5,2026-10-11T00:12:27+00:00
2026-10-11T13:30:00Z,PHI @ JAX,00-0041100,Josh Cameron,JAX,rec,1.5,0.3893,4,,,2026-10-11T00:12:27+00:00
2026-10-11T13:30:00Z,PHI @ JAX,00-0041100,Josh Cameron,JAX,recY,10.5,0.5011,2,11.5,10.5,2026-10-11T00:12:27+00:00
2026-10-11T13:30:00Z,PHI @ JAX,00-0040867,Makai Lemon,PHI,rec,3.5,0.5144,4,3.5,3.5,2026-10-11T00:12:27+00:00
2026-10-11T13:30:00Z,PHI @ JAX,00-0040867,Makai Lemon,PHI,recY,33.5,0.503,1,35.5,35.5,2026-10-11T00:12:27+00:00
2026-10-11T13:30:00Z,PHI @ JAX,00-0038606,Parker Washington,JAX,rec,4.5,0.5161,5,4.5,4.5,2026-10-11T00:12:27+00:00
2026-10-11T13:30:00Z,PHI @ JAX,00-0038606,Parker Washington,JAX,recY,61.5,0.5036,2,60.5,59.5,2026-10-11T00:12:27+00:00
2026-10-11T13:30:00Z,PHI @ JAX,00-0036971,Trevor Lawrence,JAX,comp,19.5,0.4987,4,19.5,,2026-10-11T00:12:27+00:00
2026-10-11T13:30:00Z,PHI @ JAX,00-0036971,Trevor Lawrence,JAX,passY,225.5,0.5,1,225.5,224.5,2026-10-11T00:12:27+00:00
2026-10-11T13:30:00Z,PHI @ JAX,00-0036971,Trevor Lawrence,JAX,rushY,13.5,0.5064,4,13.5,14.5,2026-10-11T00:12:27+00:00
2026-10-11T13:30:00Z,PHI @ JAX,00-0039746,Will Shipley,PHI,rec,2.5,0.4755,4,2.5,2.5,2026-10-11T00:12:27+00:00
2026-10-11T13:30:00Z,PHI @ JAX,00-0039746,Will Shipley,PHI,recY,14.5,0.4985,2,15.5,15.5,2026-10-11T00:12:27+00:00
2026-10-11T13:30:00Z,PHI @ JAX,00-0039746,Will Shipley,PHI,rushY,33.5,0.5011,3,34.5,33.5,2026-10-11T00:12:27+00:00
2026-10-11T17:00:00Z,MIN @ NO,00-0033293,Aaron Jones,MIN,rec,2.5,0.5627,3,3.0,,2026-10-11T00:12:27+00:00
2026-10-11T17:00:00Z,MIN @ NO,00-0033293,Aaron Jones,MIN,recY,18.5,0.5,1,19.5,17.5,2026-10-11T00:12:27+00:00
2026-10-11T17:00:00Z,MIN @ NO,00-0033293,Aaron Jones,MIN,rushY,71.5,0.501,3,72.5,71.5,2026-10-11T00:12:27+00:00
2026-10-11T17:00:00Z,IND @ PIT,00-0023459,Aaron Rodgers,PIT,comp,21.5,0.4756,3,21.5,21.5,2026-10-11T00:12:27+00:00
2026-10-11T17:00:00Z,IND @ PIT,00-0023459,Aaron Rodgers,PIT,passY,223.5,0.5,2,223.5,224.5,2026-10-11T00:12:27+00:00
2026-10-11T17:00:00Z,IND @ PIT,00-0023459,Aaron Rodgers,PIT,rushY,0.5,0.5461,2,0.5,1.5,2026-10-11T00:12:27+00:00
2026-10-11T17:00:00Z,IND @ PIT,00-0023459,Aaron Rodgers,PIT,sacks,,,,1.5,,2026-10-11T00:12:27+00:00
2026-10-11T17:00:00Z,MIN @ NO,00-0033906,Alvin Kamara,NO,rec,3.5,0.4562,3,,3.5,2026-10-11T00:12:27+00:00
2026-10-11T17:00:00Z,MIN @ NO,00-0033906,Alvin Kamara,NO,recY,13.5,0.4935,2,13.5,14.5,2026-10-11T00:12:27+00:00
2026-10-11T17:00:00Z,MIN @ NO,00-0033906,Alvin Kamara,NO,rushY,33.5,0.495,1,32.5,34.5,2026-10-11T00:12:27+00:00
2026-10-11T17:00:00Z,NYG @ WAS,00-0041040,Antonio Williams,WAS,recY,,,,33.5,,2026-10-11T00:12:27+00:00
2026-10-11T17:00:00Z,IND @ PIT,00-0036862,Ben Skowronek,PIT,recY,,,,3.5,,2026-10-11T00:12:27+00:00
2026-10-11T17:00:00Z,CLE @ NYJ,00-0039794,Braelon Allen,NYJ,rec,2.5,0.4702,4,2.5,2.5,2026-10-11T00:12:27+00:00
2026-10-11T17:00:00Z,CLE @ NYJ,00-0039794,Braelon Allen,NYJ,recY,13.5,0.5053,2,13.5,13.5,2026-10-11T00:12:27+00:00
2026-10-11T17:00:00Z,CLE @ NYJ,00-0039794,Braelon Allen,NYJ,rushY,70.5,0.5,1,71.5,70.5,2026-10-11T00:12:27+00:00
2026-10-11T17:00:00Z,LV @ NE,00-0039338,Brock Bowers,LV,rec,6.5,0.5283,4,6.5,6.5,2026-10-11T00:12:27+00:00
2026-10-11T17:00:00Z,LV @ NE,00-0039338,Brock Bowers,LV,recY,74.5,0.4939,2,73.5,74.5,2026-10-11T00:12:27+00:00
2026-10-11T17:00:00Z,HOU @ TEN,00-0039163,C.J. Stroud,HOU,comp,20.5,0.5255,3,21.0,,2026-10-11T00:12:27+00:00
2026-10-11T17:00:00Z,HOU @ TEN,00-0039163,C.J. Stroud,HOU,passY,237.5,0.5,1,239.5,237.5,2026-10-11T00:12:27+00:00
2026-10-11T17:00:00Z,HOU @ TEN,00-0039163,C.J. Stroud,HOU,rushY,9.5,0.5067,4,9.5,9.5,2026-10-11T00:12:27+00:00
2026-10-11T17:00:00Z,HOU @ TEN,00-0034837,Calvin Ridley,TEN,rec,0.5,0.619,4,,,2026-10-11T00:12:27+00:00
2026-10-11T17:00:00Z,HOU @ TEN,00-0034837,Calvin Ridley,TEN,recY,8.5,0.5027,3,8.5,8.5,2026-10-11T00:12:27+00:00
2026-10-11T17:00:00Z,NYG @ WAS,00-0040715,Cam Skattebo,NYG,rec,1.5,0.6203,3,,,2026-10-11T00:12:27+00:00
2026-10-11T17:00:00Z,NYG @ WAS,00-0040715,Cam Skattebo,NYG,recY,12.5,0.4996,4,12.5,12.5,2026-10-11T00:12:27+00:00
2026-10-11T17:00:00Z,NYG @ WAS,00-0040715,Cam Skattebo,NYG,rushY,56.5,0.4975,2,56.5,55.5,2026-10-11T00:12:27+00:00
2026-10-11T17:00:00Z,HOU @ TEN,00-0040676,Cam Ward,TEN,comp,19.5,0.4734,2,18.5,,2026-10-11T00:12:27+00:00
2026-10-11T17:00:00Z,HOU @ TEN,00-0040676,Cam Ward,TEN,passY,189.5,0.5011,2,190.5,190.5,2026-10-11T00:12:27+00:00
2026-10-11T17:00:00Z,HOU @ TEN,00-0040676,Cam Ward,TEN,rushY,10.5,0.5136,3,10.5,11.5,2026-10-11T00:12:27+00:00
2026-10-11T17:00:00Z,HOU @ TEN,00-0041438,Carnell Tate,TEN,rec,4.5,0.4578,3,,,2026-10-11T00:12:27+00:00
2026-10-11T17:00:00Z,HOU @ TEN,00-0041438,Carnell Tate,TEN,recY,45.5,0.5005,2,47.5,47.5,2026-10-11T00:12:27+00:00
2026-10-11T17:00:00Z,CIN @ MIA,00-0038597,Chase Brown,CIN,rec,3.5,0.5335,3,,,2026-10-11T00:12:27+00:00
2026-10-11T17:00:00Z,CIN @ MIA,00-0038597,Chase Brown,CIN,recY,20.5,0.5051,2,19.5,,2026-10-11T00:12:27+00:00
2026-10-11T17:00:00Z,CIN @ MIA,00-0038597,Chase Brown,CIN,rushY,66.5,0.5025,2,67.5,69.5,2026-10-11T00:12:27+00:00
2026-10-11T17:00:00Z,NYG @ WAS,00-0037809,Chig Okonkwo,WAS,rec,3.5,0.4103,2,3.0,,2026-10-11T00:12:27+00:00
2026-10-11T17:00:00Z,NYG @ WAS,00-0037809,Chig Okonkwo,WAS,recY,24.5,0.5028,3,24.5,24.5,2026-10-11T00:12:27+00:00
2026-10-11T17:00:00Z,CIN @ MIA,00-0041525,Chris Bell,MIA,rec,2.5,0.4677,3,2.5,2.5,2026-10-11T00:12:27+00:00
2026-10-11T17:00:00Z,CIN @ MIA,00-0041525,Chris Bell,MIA,recY,33.5,0.4986,3,33.5,33.5,2026-10-11T00:12:27+00:00
2026-10-11T17:00:00Z,MIN @ NO,00-0037239,Chris Olave,NO,rec,6.5,0.488,4,6.5,6.5,2026-10-11T00:12:27+00:00
2026-10-11T17:00:00Z,MIN @ NO,00-0037239,Chris Olave,NO,recY,80.5,0.4985,3,81.5,81.5,2026-10-11T00:12:27+00:00
2026-10-11T17:00:00Z,CHI @ GB,00-0038124,Christian Watson,GB,rec,4.5,0.4553,4,,4.5,2026-10-11T00:12:27+00:00
2026-10-11T17:00:00Z,CHI @ GB,00-0038124,Christian Watson,GB,recY,61.5,0.5102,2,60.5,59.5,2026-10-11T00:12:27+00:00
2026-10-11T17:00:00Z,LV @ NE,00-0035891,Cody White,LV,rec,1.5,0.593,3,,,2026-10-11T00:12:27+00:00
2026-10-11T17:00:00Z,LV @ NE,00-0035891,Cody White,LV,recY,21.5,0.4958,2,21.5,21.5,2026-10-11T00:12:27+00:00
2026-10-11T17:00:00Z,CHI @ GB,00-0036290,Cole Kmet,CHI,rec,1.5,0.409,4,,,2026-10-11T00:12:27+00:00
2026-10-11T17:00:00Z,CHI @ GB,00-0036290,Cole Kmet,CHI,recY,9.5,0.4887,3,9.5,9.5,2026-10-11T00:12:27+00:00
2026-10-11T17:00:00Z,CHI @ GB,00-0040126,Colston Loveland,CHI,rec,4.5,0.4148,3,4.0,,2026-10-11T00:12:27+00:00
2026-10-11T17:00:00Z,CHI @ GB,00-0040126,Colston Loveland,CHI,recY,37.5,0.4962,3,37.5,37.5,2026-10-11T00:12:27+00:00
2026-10-11T17:00:00Z,CHI @ GB,00-0036275,D'Andre Swift,CHI,rec,2.5,0.5102,3,2.5,2.5,2026-10-11T00:12:27+00:00
2026-10-11T17:00:00Z,CHI @ GB,00-0036275,D'Andre Swift,CHI,recY,18.5,0.4996,3,19.5,19.5,2026-10-11T00:12:27+00:00
2026-10-11T17:00:00Z,CHI @ GB,00-0036275,D'Andre Swift,CHI,rushY,84.5,0.5007,3,83.5,84.5,2026-10-11T00:12:27+00:00
2026-10-11T17:00:00Z,IND @ PIT,00-0035640,DK Metcalf,PIT,rec,4.5,0.4484,4,4.0,4.5,2026-10-11T00:12:27+00:00
2026-10-11T17:00:00Z,IND @ PIT,00-0035640,DK Metcalf,PIT,recY,52.5,0.4979,2,53.5,52.5,2026-10-11T00:12:27+00:00
2026-10-11T17:00:00Z,HOU @ TEN,00-0034383,Dalton Schultz,HOU,rec,4.5,0.4261,3,4.0,,2026-10-11T00:12:27+00:00
2026-10-11T17:00:00Z,HOU @ TEN,00-0034383,Dalton Schultz,HOU,recY,34.5,0.4868,3,34.5,32.5,2026-10-11T00:12:27+00:00
2026-10-11T17:00:00Z,IND @ PIT,00-0035710,Daniel Jones,IND,comp,19.5,0.5319,2,20.0,,2026-10-11T00:12:27+00:00
2026-10-11T17:00:00Z,IND @ PIT,00-0035710,Daniel Jones,IND,passY,210.5,0.5,1,212.5,207.5,2026-10-11T00:12:27+00:00
2026-10-11T17:00:00Z,IND @ PIT,00-0035710,Daniel Jones,IND,rushY,8.5,0.5074,2,8.5,8.5,2026-10-11T00:12:27+00:00
2026-10-11T17:00:00Z,NYG @ WAS,00-0036309,Darnell Mooney,NYG,rec,1.5,0.4867,4,1.5,1.5,2026-10-11T00:12:27+00:00
2026-10-11T17:00:00Z,NYG @ WAS,00-0036309,Darnell Mooney,NYG,recY,17.5,0.5004,3,17.5,17.5,2026-10-11T00:12:27+00:00
2026-10-11T17:00:00Z,IND @ PIT,00-0038558,Darnell Washington,PIT,rec,2.5,0.4307,4,,,2026-10-11T00:12:27+00:00
2026-10-11T17:00:00Z,IND @ PIT,00-0038558,Darnell Washington,PIT,recY,22.5,0.4928,4,22.5,22.5,2026-10-11T00:12:27+00:00
2026-10-11T17:00:00Z,HOU @ TEN,00-0035685,David Montgomery,HOU,rec,1.5,0.44,4,,1.5,2026-10-11T00:12:27+00:00
2026-10-11T17:00:00Z,HOU @ TEN,00-0035685,David Montgomery,HOU,recY,7.5,0.4999,3,7.5,7.5,2026-10-11T00:12:27+00:00
2026-10-11T17:00:00Z,HOU @ TEN,00-0035685,David Montgomery,HOU,rushY,43.5,0.4968,2,45.5,42.5,2026-10-11T00:12:27+00:00
2026-10-11T17:00:00Z,LV @ NE,00-0038621,DeMario Douglas,NE,rec,2.5,0.5177,4,2.5,2.5,2026-10-11T00:12:27+00:00
2026-10-11T17:00:00Z,LV @ NE,00-0038621,DeMario Douglas,NE,recY,26.5,0.4979,2,26.5,26.5,2026-10-11T00:12:27+00:00
2026-10-11T17:00:00Z,CLE @ NYJ,00-0041037,Denzel Boston,CLE,rec,3.5,0.4578,4,,3.5,2026-10-11T00:12:27+00:00
2026-10-11T17:00:00Z,CLE @ NYJ,00-0041037,Denzel Boston,CLE,recY,47.5,0.4979,2,47.5,49.5,2026-10-11T00:12:27+00:00
2026-10-11T17:00:00Z,CLE @ NYJ,00-0033537,Deshaun Watson,CLE,comp,19.5,0.5068,4,19.5,19.5,2026-10-11T00:12:27+00:00
2026-10-11T17:00:00Z,CLE @ NYJ,00-0033537,Deshaun Watson,CLE,passY,199.5,0.4973,3,203.5,199.5,2026-10-11T00:12:27+00:00
2026-10-11T17:00:00Z,CLE @ NYJ,00-0033537,Deshaun Watson,CLE,rushY,25.5,0.5078,2,26.5,26.5,2026-10-11T00:12:27+00:00
2026-10-11T17:00:00Z,MIN @ NO,00-0039424,Devaughn Vele,NO,rec,3.5,0.5728,5,4.0,,2026-10-11T00:12:27+00:00
2026-10-11T17:00:00Z,MIN @ NO,00-0039424,Devaughn Vele,NO,recY,40.5,0.5021,2,40.5,39.5,2026-10-11T00:12:27+00:00
2026-10-11T17:00:00Z,CIN @ MIA,00-0040785,Dohnte Meyers,CIN,recY,,,,24.5,24.5,2026-10-11T00:12:27+00:00
2026-10-11T17:00:00Z,LV @ NE,00-0039851,Drake Maye,NE,comp,19.5,0.4782,3,19.5,19.5,2026-10-11T00:12:27+00:00
2026-10-11T17:00:00Z,LV @ NE,00-0039851,Drake Maye,NE,passY,225.5,0.5,2,227.5,224.5,2026-10-11T00:12:27+00:00
2026-10-11T17:00:00Z,LV @ NE,00-0039851,Drake Maye,NE,rushY,31.5,0.4975,2,31.5,32.5,2026-10-11T00:12:27+00:00
2026-10-11T17:00:00Z,CIN @ MIA,00-0035631,Drew Sample,CIN,recY,,,,4.5,,2026-10-11T00:12:27+00:00
2026-10-11T17:00:00Z,LV @ NE,00-0040563,Efton Chism III,NE,rec,1.5,0.6005,3,,,2026-10-11T00:12:27+00:00
2026-10-11T17:00:00Z,LV @ NE,00-0040563,Efton Chism III,NE,recY,24.5,0.5025,2,25.5,24.5,2026-10-11T00:12:27+00:00
2026-10-11T17:00:00Z,LV @ NE,00-0041395,Eli Raridon,NE,rec,1.5,0.3976,4,,,2026-10-11T00:12:27+00:00
2026-10-11T17:00:00Z,LV @ NE,00-0041395,Eli Raridon,NE,recY,10.5,0.4947,2,10.5,10.5,2026-10-11T00:12:27+00:00
2026-10-11T17:00:00Z,HOU @ TEN,00-0040170,Elic Ayomanor,TEN,rec,1.5,0.4953,5,1.5,1.5,2026-10-11T00:12:27+00:00
2026-10-11T17:00:00Z,HOU @ TEN,00-0040170,Elic Ayomanor,TEN,recY,16.5,0.4937,1,17.5,16.5,2026-10-11T00:12:27+00:00
2026-10-11T17:00:00Z,CLE @ NYJ,00-0037740,Garrett Wilson,NYJ,rec,5.5,0.5538,3,6.0,,2026-10-11T00:12:27+00:00
2026-10-11T17:00:00Z,CLE @ NYJ,00-0037740,Garrett Wilson,NYJ,recY,68.5,0.5,2,69.5,69.5,2026-10-11T00:12:27+00:00
2026-10-11T17:00:00Z,CLE @ NYJ,00-0030565,Geno Smith,NYJ,comp,19.5,0.5318,2,20.0,,2026-10-11T00:12:27+00:00
2026-10-11T17:00:00Z,CLE @ NYJ,00-0030565,Geno Smith,NYJ,passY,205.5,0.4949,2,206.5,204.5,2026-10-11T00:12:27+00:00
2026-10-11T17:00:00Z,CLE @ NYJ,00-0030565,Geno Smith,NYJ,rushY,10.5,0.5025,4,10.5,10.5,2026-10-11T00:12:27+00:00
2026-10-11T17:00:00Z,IND @ PIT,00-0041489,Germie Bernard,PIT,rec,2.5,0.4054,4,2.0,,2026-10-11T00:12:27+00:00
2026-10-11T17:00:00Z,IND @ PIT,00-0041489,Germie Bernard,PIT,recY,19.5,0.5102,2,20.5,20.5,2026-10-11T00:12:27+00:00
2026-10-11T17:00:00Z,CIN @ MIA,00-0037252,Greg Dulcich,MIA,rec,2.5,0.5358,4,2.5,2.5,2026-10-11T00:12:27+00:00
2026-10-11T17:00:00Z,CIN @ MIA,00-0037252,Greg Dulcich,MIA,recY,25.5,0.5023,2,26.5,27.5,2026-10-11T00:12:27+00:00
2026-10-11T17:00:00Z,HOU @ TEN,00-0040584,Gunnar Helm,TEN,rec,2.5,0.4407,4,,,2026-10-11T00:12:27+00:00
2026-10-11T17:00:00Z,HOU @ TEN,00-0040584,Gunnar Helm,TEN,recY,16.5,0.4995,2,18.5,14.5,2026-10-11T00:12:27+00:00
2026-10-11T17:00:00Z,CLE @ NYJ,00-0040663,Harold Fannin Jr.,CLE,rec,4.5,0.4331,3,4.0,,2026-10-11T00:12:27+00:00
2026-10-11T17:00:00Z,CLE @ NYJ,00-0040663,Harold Fannin Jr.,CLE,recY,35.5,0.5018,4,36.5,35.5,2026-10-11T00:12:27+00:00
2026-10-11T17:00:00Z,LV @ NE,00-0033090,Hunter Henry,NE,rec,3.5,0.504,4,3.5,3.5,2026-10-11T00:12:27+00:00
2026-10-11T17:00:00Z,LV @ NE,00-0033090,Hunter Henry,NE,recY,37.5,0.4983,3,37.5,39.5,2026-10-11T00:12:27+00:00
2026-10-11T17:00:00Z,NYG @ WAS,00-0037838,Isaiah Likely,NYG,rec,4.5,0.4985,4,4.5,4.5,2026-10-11T00:12:27+00:00
2026-10-11T17:00:00Z,NYG @ WAS,00-0037838,Isaiah Likely,NYG,recY,41.5,0.5102,2,42.5,42.5,2026-10-11T00:12:27+00:00
2026-10-11T17:00:00Z,CLE @ NYJ,00-0039451,Isaiah Williams,NYJ,rec,2.5,0.4616,3,,,2026-10-11T00:12:27+00:00
2026-10-11T17:00:00Z,CLE @ NYJ,00-0039451,Isaiah Williams,NYJ,recY,22.5,0.5,2,22.5,22.5,2026-10-11T00:12:27+00:00
2026-10-11T17:00:00Z,CIN @ MIA,00-0036900,Ja'Marr Chase,CIN,recY,,,,72.5,,2026-10-11T00:12:27+00:00
2026-10-11T17:00:00Z,NYG @ WAS,00-0040242,Jacory Croskey-Merritt,WAS,recY,,,,6.5,,2026-10-11T00:12:27+00:00
2026-10-11T17:00:00Z,NYG @ WAS,00-0040242,Jacory Croskey-Merritt,WAS,rushY,51.5,0.4979,2,53.5,51.5,2026-10-11T00:12:27+00:00
2026-10-11T17:00:00Z,NYG @ WAS,00-0031503,Jameis Winston,NYG,comp,18.5,0.5172,3,18.5,,2026-10-11T00:12:27+00:00
2026-10-11T17:00:00Z,NYG @ WAS,00-0031503,Jameis Winston,NYG,passY,200.5,0.5,2,201.5,199.5,2026-10-11T00:12:27+00:00
2026-10-11T17:00:00Z,NYG @ WAS,00-0031503,Jameis Winston,NYG,rushY,2.5,0.4866,3,2.5,2.5,2026-10-11T00:12:27+00:00
2026-10-11T17:00:00Z,NYG @ WAS,00-0039910,Jayden Daniels,WAS,comp,18.5,0.4765,3,18.0,,2026-10-11T00:12:27+00:00
2026-10-11T17:00:00Z,NYG @ WAS,00-0039910,Jayden Daniels,WAS,passY,190.5,0.5021,1,190.5,190.5,2026-10-11T00:12:27+00:00
2026-10-11T17:00:00Z,NYG @ WAS,00-0039910,Jayden Daniels,WAS,rushY,30.5,0.5025,2,30.5,29.5,2026-10-11T00:12:27+00:00
2026-10-11T17:00:00Z,IND @ PIT,00-0037228,Jaylen Warren,PIT,rec,2.5,0.5686,3,,,2026-10-11T00:12:27+00:00
2026-10-11T17:00:00Z,IND @ PIT,00-0037228,Jaylen Warren,PIT,recY,17.5,0.5108,2,18.5,17.5,2026-10-11T00:12:27+00:00
2026-10-11T17:00:00Z,IND @ PIT,00-0037228,Jaylen Warren,PIT,rushY,69.5,0.5101,1,69.5,69.5,2026-10-11T00:12:27+00:00
2026-10-11T17:00:00Z,CIN @ MIA,00-0039874,Jaylen Wright,MIA,recY,,,,3.5,,2026-10-11T00:12:27+00:00
2026-10-11T17:00:00Z,CIN @ MIA,00-0039874,Jaylen Wright,MIA,rushY,22.5,0.5011,2,22.5,22.5,2026-10-11T00:12:27+00:00
2026-10-11T17:00:00Z,HOU @ TEN,00-0040138,Jaylin Noel,HOU,rec,1.5,0.5608,4,,,2026-10-11T00:12:27+00:00
2026-10-11T17:00:00Z,HOU @ TEN,00-0040138,Jaylin Noel,HOU,recY,19.5,0.5047,3,19.5,20.5,2026-10-11T00:12:27+00:00
2026-10-11T17:00:00Z,CLE @ NYJ,00-0036407,Jerry Jeudy,CLE,rec,1.5,0.4755,4,,1.5,2026-10-11T00:12:27+00:00
2026-10-11T17:00:00Z,CLE @ NYJ,00-0036407,Jerry Jeudy,CLE,recY,14.5,0.4932,3,14.5,14.5,2026-10-11T00:12:27+00:00
2026-10-11T17:00:00Z,CIN @ MIA,00-0036442,Joe Burrow,CIN,comp,23.5,0.5232,3,23.5,23.5,2026-10-11T00:12:27+00:00
2026-10-11T17:00:00Z,CIN @ MIA,00-0036442,Joe Burrow,CIN,passY,254.5,0.4949,2,253.5,249.5,2026-10-11T00:12:27+00:00
2026-10-11T17:00:00Z,CIN @ MIA,00-0036442,Joe Burrow,CIN,rushY,8.5,0.4952,3,8.5,8.5,2026-10-11T00:12:27+00:00
2026-10-11T17:00:00Z,CIN @ MIA,00-0036442,Joe Burrow,CIN,sacks,,,,2.5,,2026-10-11T00:12:27+00:00
2026-10-11T17:00:00Z,IND @ PIT,00-0036223,Jonathan Taylor,IND,rec,2.5,0.4823,4,2.5,2.5,2026-10-11T00:12:27+00:00
2026-10-11T17:00:00Z,IND @ PIT,00-0036223,Jonathan Taylor,IND,recY,15.5,0.4959,3,15.5,14.5,2026-10-11T00:12:27+00:00
2026-10-11T17:00:00Z,IND @ PIT,00-0036223,Jonathan Taylor,IND,rushY,85.5,0.5,1,85.5,89.5,2026-10-11T00:12:27+00:00
2026-10-11T17:00:00Z,CHI @ GB,00-0033858,Jonnu Smith,GB,rec,1.5,0.3396,3,,,2026-10-11T00:12:27+00:00
2026-10-11T17:00:00Z,CHI @ GB,00-0033858,Jonnu Smith,GB,recY,7.5,0.4973,3,7.5,7.5,2026-10-11T00:12:27+00:00
2026-10-11T17:00:00Z,MIN @ NO,00-0038994,Jordan Addison,MIN,rec,3.5,0.4459,3,,,2026-10-11T00:12:27+00:00
2026-10-11T17:00:00Z,MIN @ NO,00-0038994,Jordan Addison,MIN,recY,39.5,0.5101,1,40.5,40.5,2026-10-11T00:12:27+00:00
2026-10-11T17:00:00Z,CHI @ GB,00-0036264,Jordan Love,GB,comp,21.5,0.4757,4,21.5,,2026-10-11T00:12:27+00:00
2026-10-11T17:00:00Z,CHI @ GB,00-0036264,Jordan Love,GB,passY,239.5,0.5036,2,238.5,241.5,2026-10-11T00:12:27+00:00
2026-10-11T17:00:00Z,CHI @ GB,00-0036264,Jordan Love,GB,rushY,6.5,0.4882,4,6.5,6.5,2026-10-11T00:12:27+00:00
2026-10-11T17:00:00Z,IND @ PIT,00-0038997,Josh Downs,IND,rec,4.5,0.5466,3,5.0,,2026-10-11T00:12:27+00:00
2026-10-11T17:00:00Z,IND @ PIT,00-0038997,Josh Downs,IND,recY,56.5,0.5,2,56.5,56.5,2026-10-11T00:12:27+00:00
2026-10-11T17:00:00Z,MIN @ NO,00-0036322,Justin Jefferson,MIN,rec,6.5,0.461,2,6.0,,2026-10-11T00:12:27+00:00
2026-10-11T17:00:00Z,MIN @ NO,00-0036322,Justin Jefferson,MIN,recY,77.5,0.4995,2,77.5,79.5,2026-10-11T00:12:27+00:00
2026-10-11T17:00:00Z,MIN @ NO,00-0036040,Juwan Johnson,NO,rec,3.5,0.5619,3,,,2026-10-11T00:12:27+00:00
2026-10-11T17:00:00Z,MIN @ NO,00-0036040,Juwan Johnson,NO,recY,42.5,0.5003,3,42.5,42.5,2026-10-11T00:12:27+00:00
2026-10-11T17:00:00Z,CLE @ NYJ,00-0041547,KC Concepcion,CLE,rec,4.5,0.4496,4,,,2026-10-11T00:12:27+00:00
2026-10-11T17:00:00Z,CLE @ NYJ,00-0041547,KC Concepcion,CLE,recY,40.5,0.5063,1,38.5,39.5,2026-10-11T00:12:27+00:00
2026-10-11T17:00:00Z,CHI @ GB,00-0040142,Kaleb Johnson,GB,rec,,,,0.5,,2026-10-11T00:12:27+00:00
2026-10-11T17:00:00Z,CHI @ GB,00-0040142,Kaleb Johnson,GB,recY,,,,0.5,,2026-10-11T00:12:27+00:00
2026-10-11T17:00:00Z,CHI @ GB,00-0040142,Kaleb Johnson,GB,rushY,32.5,0.5,1,32.5,31.5,2026-10-11T00:12:27+00:00
2026-10-11T17:00:00Z,CHI @ GB,00-0032464,Kalif Raymond,CHI,rec,3.5,0.4032,4,3.0,,2026-10-11T00:12:27+00:00
2026-10-11T17:00:00Z,CHI @ GB,00-0032464,Kalif Raymond,CHI,recY,27.5,0.4939,2,27.5,27.5,2026-10-11T00:12:27+00:00
2026-10-11T17:00:00Z,HOU @ TEN,00-0038608,Kayshon Boutte,HOU,rec,2.5,0.4131,4,2.0,,2026-10-11T00:12:27+00:00
2026-10-11T17:00:00Z,HOU @ TEN,00-0038608,Kayshon Boutte,HOU,recY,24.5,0.4958,1,25.5,24.5,2026-10-11T00:12:27+00:00
2026-10-11T17:00:00Z,IND @ PIT,00-0030279,Keenan Allen,IND,rec,3.5,0.479,4,3.5,,2026-10-11T00:12:27+00:00
2026-10-11T17:00:00Z,IND @ PIT,00-0030279,Keenan Allen,IND,recY,29.5,0.4967,3,29.5,29.5,2026-10-11T00:12:27+00:00
2026-10-11T17:00:00Z,MIN @ NO,00-0038551,Kendre Miller,NO,recY,,,,4.5,,2026-10-11T00:12:27+00:00
2026-10-11T17:00:00Z,MIN @ NO,00-0038551,Kendre Miller,NO,rushY,21.5,0.5011,2,21.5,21.5,2026-10-11T00:12:27+00:00
2026-10-11T17:00:00Z,CLE @ NYJ,00-0041032,Kenyon Sadiq,NYJ,rec,3.5,0.4301,4,,,2026-10-11T00:12:27+00:00
2026-10-11T17:00:00Z,CLE @ NYJ,00-0041032,Kenyon Sadiq,NYJ,recY,28.5,0.495,2,28.5,28.5,2026-10-11T00:12:27+00:00
2026-10-11T17:00:00Z,CIN @ MIA,00-0041529,Kevin Coleman Jr.,MIA,rec,1.5,0.5644,4,,,2026-10-11T00:12:27+00:00
2026-10-11T17:00:00Z,CIN @ MIA,00-0041529,Kevin Coleman Jr.,MIA,recY,18.5,0.5037,3,18.5,17.5,2026-10-11T00:12:27+00:00
2026-10-11T17:00:00Z,LV @ NE,00-0029604,Kirk Cousins,LV,comp,21.5,0.5198,2,22.0,,2026-10-11T00:12:27+00:00
2026-10-11T17:00:00Z,LV @ NE,00-0029604,Kirk Cousins,LV,passY,234.5,0.4966,3,232.5,232.5,2026-10-11T00:12:27+00:00
2026-10-11T17:00:00Z,LV @ NE,00-0029604,Kirk Cousins,LV,rushY,0.5,0.4811,3,0.5,0.5,2026-10-11T00:12:27+00:00
2026-10-11T17:00:00Z,LV @ NE,00-0040131,Kyle Williams,NE,rec,1.5,0.3477,2,,,2026-10-11T00:12:27+00:00
2026-10-11T17:00:00Z,LV @ NE,00-0040131,Kyle Williams,NE,recY,12.5,0.5306,1,13.5,14.5,2026-10-11T00:12:27+00:00
2026-10-11T17:00:00Z,MIN @ NO,00-0035228,Kyler Murray,MIN,comp,20.5,0.5075,4,20.5,,2026-10-11T00:12:27+00:00
2026-10-11T17:00:00Z,MIN @ NO,00-0035228,Kyler Murray,MIN,passY,212.5,0.4993,3,213.5,212.5,2026-10-11T00:12:27+00:00
2026-10-11T17:00:00Z,MIN @ NO,00-0035228,Kyler Murray,MIN,rushY,17.5,0.4998,4,17.5,17.5,2026-10-11T00:12:27+00:00
2026-10-11T17:00:00Z,MIN @ NO,00-0035228,Kyler Murray,MIN,sacks,,,,2.5,,2026-10-11T00:12:27+00:00
2026-10-11T17:00:00Z,IND @ PIT,00-0032951,Laquon Treadwell,IND,rec,1.5,0.4722,4,1.5,,2026-10-11T00:12:27+00:00
2026-10-11T17:00:00Z,IND @ PIT,00-0032951,Laquon Treadwell,IND,recY,16.5,0.5011,2,16.5,16.5,2026-10-11T00:12:27+00:00
2026-10-11T17:00:00Z,CHI @ GB,00-0040735,Luther Burden III,CHI,rec,4.5,0.4737,4,,4.5,2026-10-11T00:12:27+00:00
2026-10-11T17:00:00Z,CHI @ GB,00-0040735,Luther Burden III,CHI,recY,47.5,0.503,1,48.5,48.5,2026-10-11T00:12:27+00:00
2026-10-11T17:00:00Z,NYG @ WAS,00-0041042,Malachi Fields,NYG,rec,2.5,0.4057,3,2.0,,2026-10-11T00:12:27+00:00
2026-10-11T17:00:00Z,NYG @ WAS,00-0041042,Malachi Fields,NYG,recY,25.5,0.5009,3,25.5,25.5,2026-10-11T00:12:27+00:00
2026-10-11T17:00:00Z,NYG @ WAS,00-0039337,Malik Nabers,NYG,rec,4.5,0.5668,2,5.0,,2026-10-11T00:12:27+00:00
2026-10-11T17:00:00Z,NYG @ WAS,00-0039337,Malik Nabers,NYG,recY,55.5,0.487,2,56.5,57.5,2026-10-11T00:12:27+00:00
2026-10-11T17:00:00Z,CIN @ MIA,00-0039880,Malik Washington,MIA,rec,4.5,0.5174,5,4.5,4.5,2026-10-11T00:12:27+00:00
2026-10-11T17:00:00Z,CIN @ MIA,00-0039880,Malik Washington,MIA,recY,44.5,0.5,2,44.5,45.5,2026-10-11T00:12:27+00:00
2026-10-11T17:00:00Z,CIN @ MIA,00-0039880,Malik Washington,MIA,rushY,,,,3.5,,2026-10-11T00:12:27+00:00
2026-10-11T17:00:00Z,CIN @ MIA,00-0038128,Malik Willis,MIA,comp,17.5,0.4791,3,16.5,,2026-10-11T00:12:27+00:00
2026-10-11T17:00:00Z,CIN @ MIA,00-0038128,Malik Willis,MIA,passY,187.5,0.503,1,190.5,189.5,2026-10-11T00:12:27+00:00
2026-10-11T17:00:00Z,CIN @ MIA,00-0038128,Malik Willis,MIA,rushY,32.5,0.5032,2,32.5,32.5,2026-10-11T00:12:27+00:00
2026-10-11T17:00:00Z,CHI @ GB,00-0039811,MarShawn Lloyd,GB,rec,2.5,0.4763,3,,2.5,2026-10-11T00:12:27+00:00
2026-10-11T17:00:00Z,CHI @ GB,00-0039811,MarShawn Lloyd,GB,recY,13.5,0.5007,4,13.5,14.5,2026-10-11T00:12:27+00:00
2026-10-11T17:00:00Z,CHI @ GB,00-0039811,MarShawn Lloyd,GB,rushY,28.5,0.4797,1,27.5,27.5,2026-10-11T00:12:27+00:00
2026-10-11T17:00:00Z,CHI @ GB,00-0040598,Mark Redman,GB,rec,,,,0.5,0.5,2026-10-11T00:12:27+00:00
2026-10-11T17:00:00Z,CLE @ NYJ,00-0040736,Mason Taylor,NYJ,rec,1.5,0.5666,3,,,2026-10-11T00:12:27+00:00
2026-10-11T17:00:00Z,CLE @ NYJ,00-0040736,Mason Taylor,NYJ,recY,13.5,0.5008,4,13.5,14.5,2026-10-11T00:12:27+00:00
2026-10-11T17:00:00Z,CHI @ GB,00-0040667,Matthew Golden,GB,rec,4.5,0.5031,4,4.5,4.5,2026-10-11T00:12:27+00:00
2026-10-11T17:00:00Z,CHI @ GB,00-0040667,Matthew Golden,GB,recY,56.5,0.5,3,58.5,57.5,2026-10-11T00:12:27+00:00
2026-10-11T17:00:00Z,LV @ NE,00-0039066,Michael Mayer,LV,rec,3.5,0.4854,4,3.5,3.5,2026-10-11T00:12:27+00:00
2026-10-11T17:00:00Z,LV @ NE,00-0039066,Michael Mayer,LV,recY,29.5,0.4898,2,28.5,28.5,2026-10-11T00:12:27+00:00
2026-10-11T17:00:00Z,CIN @ MIA,00-0034829,Mike Gesicki,CIN,recY,,,,30.5,,2026-10-11T00:12:27+00:00
2026-10-11T17:00:00Z,NYG @ WAS,00-0036893,Najee Harris,NYG,recY,,,,1.5,,2026-10-11T00:12:27+00:00
2026-10-11T17:00:00Z,NYG @ WAS,00-0036893,Najee Harris,NYG,rushY,28.5,0.504,2,28.5,27.5,2026-10-11T00:12:27+00:00
2026-10-11T17:00:00Z,HOU @ TEN,00-0036554,Nico Collins,HOU,rec,5.5,0.5151,4,5.5,5.5,2026-10-11T00:12:27+00:00
2026-10-11T17:00:00Z,HOU @ TEN,00-0036554,Nico Collins,HOU,recY,77.5,0.5,2,77.5,79.5,2026-10-11T00:12:27+00:00
2026-10-11T17:00:00Z,MIN @ NO,00-0035644,Noah Fant,NO,rec,1.5,0.5389,3,,1.5,2026-10-11T00:12:27+00:00
2026-10-11T17:00:00Z,MIN @ NO,00-0035644,Noah Fant,NO,recY,13.5,0.4954,4,13.5,14.5,2026-10-11T00:12:27+00:00
2026-10-11T17:00:00Z,CIN @ MIA,00-0040198,Ollie Gordon II,MIA,rec,1.5,0.5283,4,,,2026-10-11T00:12:27+00:00
2026-10-11T17:00:00Z,CIN @ MIA,00-0040198,Ollie Gordon II,MIA,recY,9.5,0.5041,3,9.5,10.5,2026-10-11T00:12:27+00:00
2026-10-11T17:00:00Z,CIN @ MIA,00-0040198,Ollie Gordon II,MIA,rushY,43.5,0.5046,2,43.5,43.5,2026-10-11T00:12:27+00:00
2026-10-11T17:00:00Z,IND @ PIT,00-0036894,Pat Freiermuth,PIT,rec,3.5,0.4322,4,,,2026-10-11T00:12:27+00:00
2026-10-11T17:00:00Z,IND @ PIT,00-0036894,Pat Freiermuth,PIT,recY,27.5,0.496,2,27.5,26.5,2026-10-11T00:12:27+00:00
2026-10-11T17:00:00Z,CLE @ NYJ,00-0040784,Quinshon Judkins,CLE,rec,2.5,0.5218,4,2.5,,2026-10-11T00:12:27+00:00
2026-10-11T17:00:00Z,CLE @ NYJ,00-0040784,Quinshon Judkins,CLE,recY,15.5,0.5067,3,15.5,16.5,2026-10-11T00:12:27+00:00
2026-10-11T17:00:00Z,CLE @ NYJ,00-0040784,Quinshon Judkins,CLE,rushY,59.5,0.5102,2,59.5,59.5,2026-10-11T00:12:27+00:00
2026-10-11T17:00:00Z,NYG @ WAS,00-0037256,Rachaad White,WAS,rec,1.5,0.5826,3,2.0,,2026-10-11T00:12:27+00:00
2026-10-11T17:00:00Z,NYG @ WAS,00-0037256,Rachaad White,WAS,recY,9.5,0.4922,5,9.5,9.5,2026-10-11T00:12:27+00:00
2026-10-11T17:00:00Z,NYG @ WAS,00-0037256,Rachaad White,WAS,rushY,24.5,0.4867,2,23.5,24.5,2026-10-11T00:12:27+00:00
2026-10-11T17:00:00Z,CLE @ NYJ,00-0040466,Raheim Sanders,CLE,rec,1.5,0.6143,3,2.0,,2026-10-11T00:12:27+00:00
2026-10-11T17:00:00Z,CLE @ NYJ,00-0040466,Raheim Sanders,CLE,recY,12.5,0.5051,2,11.5,13.5,2026-10-11T00:12:27+00:00
2026-10-11T17:00:00Z,CLE @ NYJ,00-0040466,Raheim Sanders,CLE,rushY,,,,5.5,,2026-10-11T00:12:27+00:00
2026-10-11T17:00:00Z,LV @ NE,00-0036875,Rhamondre Stevenson,NE,rec,2.5,0.5265,4,,,2026-10-11T00:12:27+00:00
2026-10-11T17:00:00Z,LV @ NE,00-0036875,Rhamondre Stevenson,NE,recY,16.5,0.5027,2,16.5,16.5,2026-10-11T00:12:27+00:00
2026-10-11T17:00:00Z,LV @ NE,00-0036875,Rhamondre Stevenson,NE,rushY,37.5,0.4989,2,37.5,39.5,2026-10-11T00:12:27+00:00
2026-10-11T17:00:00Z,IND @ PIT,00-0039739,Roman Wilson,PIT,rec,3.5,0.4383,4,,,2026-10-11T00:12:27+00:00
2026-10-11T17:00:00Z,IND @ PIT,00-0039739,Roman Wilson,PIT,recY,41.5,0.5011,2,41.5,41.5,2026-10-11T00:12:27+00:00
2026-10-11T17:00:00Z,CHI @ GB,00-0039919,Rome Odunze,CHI,rec,2.5,0.597,3,,,2026-10-11T00:12:27+00:00
2026-10-11T17:00:00Z,CHI @ GB,00-0039919,Rome Odunze,CHI,recY,39.5,0.5034,3,41.5,39.5,2026-10-11T00:12:27+00:00
2026-10-11T17:00:00Z,LV @ NE,00-0037816,Romeo Doubs,NE,rec,3.5,0.5465,4,4.0,,2026-10-11T00:12:27+00:00
2026-10-11T17:00:00Z,LV @ NE,00-0037816,Romeo Doubs,NE,recY,49.5,0.4964,4,49.5,49.5,2026-10-11T00:12:27+00:00
2026-10-11T17:00:00Z,CIN @ MIA,00-0033526,Samaje Perine,CIN,recY,,,,6.5,,2026-10-11T00:12:27+00:00
2026-10-11T17:00:00Z,CIN @ MIA,00-0033526,Samaje Perine,CIN,rushY,14.5,0.4982,3,14.5,14.5,2026-10-11T00:12:27+00:00
2026-10-11T17:00:00Z,CHI @ GB,00-0038090,Skyy Moore,GB,rec,1.5,0.4594,5,,1.5,2026-10-11T00:12:27+00:00
2026-10-11T17:00:00Z,CHI @ GB,00-0038090,Skyy Moore,GB,recY,12.5,0.5065,3,12.5,12.5,2026-10-11T00:12:27+00:00
2026-10-11T17:00:00Z,MIN @ NO,00-0035229,T.J. Hockenson,MIN,rec,4.5,0.457,4,,,2026-10-11T00:12:27+00:00
2026-10-11T17:00:00Z,MIN @ NO,00-0035229,T.J. Hockenson,MIN,recY,35.5,0.4937,1,35.5,35.5,2026-10-11T00:12:27+00:00
2026-10-11T17:00:00Z,CIN @ MIA,00-0034613,Tanner Hudson,CIN,rec,,,,0.5,0.5,2026-10-11T00:12:27+00:00
2026-10-11T17:00:00Z,CIN @ MIA,00-0034613,Tanner Hudson,CIN,recY,,,,0.5,,2026-10-11T00:12:27+00:00
2026-10-11T17:00:00Z,CIN @ MIA,00-0036410,Tee Higgins,CIN,recY,,,,64.5,,2026-10-11T00:12:27+00:00
2026-10-11T17:00:00Z,NYG @ WAS,00-0035659,Terry McLaurin,WAS,rec,3.5,0.5769,3,4.0,,2026-10-11T00:12:27+00:00
2026-10-11T17:00:00Z,NYG @ WAS,00-0035659,Terry McLaurin,WAS,recY,51.5,0.4989,2,51.5,,2026-10-11T00:12:27+00:00
2026-10-11T17:00:00Z,NYG @ WAS,00-0039847,Theo Johnson,NYG,rec,,,,0.5,,2026-10-11T00:12:27+00:00
2026-10-11T17:00:00Z,NYG @ WAS,00-0039847,Theo Johnson,NYG,recY,,,,2.5,,2026-10-11T00:12:27+00:00
2026-10-11T17:00:00Z,HOU @ TEN,00-0035261,Tony Pollard,TEN,rec,1.5,0.5319,4,,1.5,2026-10-11T00:12:27+00:00
2026-10-11T17:00:00Z,HOU @ TEN,00-0035261,Tony Pollard,TEN,recY,8.5,0.5005,3,8.5,8.5,2026-10-11T00:12:27+00:00
2026-10-11T17:00:00Z,HOU @ TEN,00-0035261,Tony Pollard,TEN,rushY,49.5,0.4797,1,49.5,48.5,2026-10-11T00:12:27+00:00
2026-10-11T17:00:00Z,LV @ NE,00-0038563,Tre Tucker,LV,rec,3.5,0.4712,4,,3.5,2026-10-11T00:12:27+00:00
2026-10-11T17:00:00Z,LV @ NE,00-0038563,Tre Tucker,LV,recY,40.5,0.491,3,40.5,41.5,2026-10-11T00:12:27+00:00
2026-10-11T17:00:00Z,LV @ NE,00-0040734,TreVeyon Henderson,NE,recY,,,,8.5,,2026-10-11T00:12:27+00:00
2026-10-11T17:00:00Z,LV @ NE,00-0040734,TreVeyon Henderson,NE,rushY,46.5,0.504,2,46.5,45.5,2026-10-11T00:12:27+00:00
2026-10-11T17:00:00Z,CHI @ GB,00-0038996,Tucker Kraft,GB,rec,4.5,0.4875,4,4.5,4.5,2026-10-11T00:12:27+00:00
2026-10-11T17:00:00Z,CHI @ GB,00-0038996,Tucker Kraft,GB,recY,49.5,0.499,3,49.5,49.5,2026-10-11T00:12:27+00:00
2026-10-11T17:00:00Z,HOU @ TEN,00-0039032,Tyjae Spears,TEN,rec,1.5,0.6032,4,2.0,,2026-10-11T00:12:27+00:00
2026-10-11T17:00:00Z,HOU @ TEN,00-0039032,Tyjae Spears,TEN,recY,9.5,0.5101,3,9.5,10.5,2026-10-11T00:12:27+00:00
2026-10-11T17:00:00Z,HOU @ TEN,00-0039032,Tyjae Spears,TEN,rushY,14.5,0.4897,3,14.5,14.5,2026-10-11T00:12:27+00:00
2026-10-11T17:00:00Z,MIN @ NO,00-0040743,Tyler Shough,NO,comp,22.5,0.5007,3,22.5,22.5,2026-10-11T00:12:27+00:00
2026-10-11T17:00:00Z,MIN @ NO,00-0040743,Tyler Shough,NO,passY,234.5,0.5,1,237.5,234.5,2026-10-11T00:12:27+00:00
2026-10-11T17:00:00Z,MIN @ NO,00-0040743,Tyler Shough,NO,rushY,9.5,0.4987,3,9.5,9.5,2026-10-11T00:12:27+00:00
2026-10-11T17:00:00Z,IND @ PIT,00-0040128,Tyler Warren,IND,rec,4.5,0.5556,3,5.0,,2026-10-11T00:12:27+00:00
2026-10-11T17:00:00Z,IND @ PIT,00-0040128,Tyler Warren,IND,recY,45.5,0.5042,1,47.5,45.5,2026-10-11T00:12:27+00:00
2026-10-11T17:00:00Z,CHI @ GB,00-0038416,Tyson Bagent,CHI,comp,20.5,0.5225,3,20.0,20.5,2026-10-11T00:12:27+00:00
2026-10-11T17:00:00Z,CHI @ GB,00-0038416,Tyson Bagent,CHI,passY,215.5,0.5066,2,217.5,222.5,2026-10-11T00:12:27+00:00
2026-10-11T17:00:00Z,CHI @ GB,00-0038416,Tyson Bagent,CHI,rushY,10.5,0.5162,4,10.5,10.5,2026-10-11T00:12:27+00:00
2026-10-11T17:00:00Z,HOU @ TEN,00-0038117,Wan'Dale Robinson,TEN,rec,3.5,0.5629,4,4.0,,2026-10-11T00:12:27+00:00
2026-10-11T17:00:00Z,HOU @ TEN,00-0038117,Wan'Dale Robinson,TEN,recY,33.5,0.4877,2,34.5,33.5,2026-10-11T00:12:27+00:00
2026-10-11T17:00:00Z,HOU @ TEN,00-0040583,Woody Marks,HOU,rec,1.5,0.4858,4,1.5,1.5,2026-10-11T00:12:27+00:00
2026-10-11T17:00:00Z,HOU @ TEN,00-0040583,Woody Marks,HOU,recY,8.5,0.4959,3,8.5,8.5,2026-10-11T00:12:27+00:00
2026-10-11T17:00:00Z,HOU @ TEN,00-0040583,Woody Marks,HOU,rushY,36.5,0.4947,3,36.5,36.5,2026-10-11T00:12:27+00:00
2026-10-11T17:00:00Z,HOU @ TEN,00-0038618,Xavier Hutchinson,HOU,rec,1.5,0.4397,4,,,2026-10-11T00:12:27+00:00
2026-10-11T17:00:00Z,HOU @ TEN,00-0038618,Xavier Hutchinson,HOU,recY,14.5,0.5032,2,15.5,15.5,2026-10-11T00:12:27+00:00
2026-10-11T20:05:00Z,DEN @ LAC,00-0039732,Bo Nix,DEN,comp,21.5,0.4843,3,21.5,,2026-10-11T00:12:27+00:00
2026-10-11T20:05:00Z,DEN @ LAC,00-0039732,Bo Nix,DEN,passY,221.5,0.4985,2,223.5,224.5,2026-10-11T00:12:27+00:00
2026-10-11T20:05:00Z,DEN @ LAC,00-0039732,Bo Nix,DEN,rushY,14.5,0.5062,2,14.5,15.5,2026-10-11T00:12:27+00:00
2026-10-11T20:05:00Z,DEN @ LAC,00-0034348,Courtland Sutton,DEN,rec,3.5,0.4403,4,,,2026-10-11T00:12:27+00:00
2026-10-11T20:05:00Z,DEN @ LAC,00-0034348,Courtland Sutton,DEN,recY,37.5,0.4928,3,36.5,39.5,2026-10-11T00:12:27+00:00
2026-10-11T20:05:00Z,DEN @ LAC,00-0033881,Evan Engram,DEN,rec,2.5,0.4268,4,,,2026-10-11T00:12:27+00:00
2026-10-11T20:05:00Z,DEN @ LAC,00-0033881,Evan Engram,DEN,recY,17.5,0.5084,4,17.5,17.5,2026-10-11T00:12:27+00:00
2026-10-11T20:05:00Z,DEN @ LAC,00-0036158,J.K. Dobbins,DEN,recY,,,,2.5,,2026-10-11T00:12:27+00:00
2026-10-11T20:05:00Z,DEN @ LAC,00-0036158,J.K. Dobbins,DEN,rushY,52.5,0.4954,2,50.5,49.5,2026-10-11T00:12:27+00:00
2026-10-11T20:05:00Z,DEN @ LAC,00-0036613,Jaylen Waddle,DEN,rec,4.5,0.5415,4,,4.5,2026-10-11T00:12:27+00:00
2026-10-11T20:05:00Z,DEN @ LAC,00-0036613,Jaylen Waddle,DEN,recY,55.5,0.501,3,56.5,55.5,2026-10-11T00:12:27+00:00
2026-10-11T20:05:00Z,DEN @ LAC,00-0036355,Justin Herbert,LAC,comp,18.5,0.4791,4,18.5,,2026-10-11T00:12:27+00:00
2026-10-11T20:05:00Z,DEN @ LAC,00-0036355,Justin Herbert,LAC,passY,200.5,0.4949,2,199.5,199.5,2026-10-11T00:12:27+00:00
2026-10-11T20:05:00Z,DEN @ LAC,00-0036355,Justin Herbert,LAC,rushY,24.5,0.5078,3,24.5,24.5,2026-10-11T00:12:27+00:00
2026-10-11T20:05:00Z,DEN @ LAC,00-0036355,Justin Herbert,LAC,sacks,,,,3.5,,2026-10-11T00:12:27+00:00
2026-10-11T20:05:00Z,DEN @ LAC,00-0038454,Keaton Mitchell,LAC,recY,,,,14.5,14.5,2026-10-11T00:12:27+00:00
2026-10-11T20:05:00Z,DEN @ LAC,00-0038454,Keaton Mitchell,LAC,rushY,32.5,0.4958,2,31.5,32.5,2026-10-11T00:12:27+00:00
2026-10-11T20:05:00Z,DEN @ LAC,00-0039915,Ladd McConkey,LAC,rec,3.5,0.533,3,,,2026-10-11T00:12:27+00:00
2026-10-11T20:05:00Z,DEN @ LAC,00-0039915,Ladd McConkey,LAC,recY,41.5,0.5101,1,40.5,,2026-10-11T00:12:27+00:00
2026-10-11T20:05:00Z,DEN @ LAC,00-0038976,Marvin Mims Jr.,DEN,rec,1.5,0.4616,4,,,2026-10-11T00:12:27+00:00
2026-10-11T20:05:00Z,DEN @ LAC,00-0038976,Marvin Mims Jr.,DEN,recY,12.5,0.5084,1,12.5,14.5,2026-10-11T00:12:27+00:00
2026-10-11T20:05:00Z,DEN @ LAC,00-0040666,Omarion Hampton,LAC,recY,,,,6.5,,2026-10-11T00:12:27+00:00
2026-10-11T20:05:00Z,DEN @ LAC,00-0040666,Omarion Hampton,LAC,rushY,39.5,0.5203,1,38.5,39.5,2026-10-11T00:12:27+00:00
2026-10-11T20:05:00Z,DEN @ LAC,00-0040189,Oronde Gadsden II,LAC,rec,,,,3.5,3.5,2026-10-11T00:12:27+00:00
2026-10-11T20:05:00Z,DEN @ LAC,00-0040189,Oronde Gadsden II,LAC,recY,,,,33.5,,2026-10-11T00:12:27+00:00
2026-10-11T20:05:00Z,DEN @ LAC,00-0040730,RJ Harvey,DEN,rec,4.5,0.4239,3,4.0,,2026-10-11T00:12:27+00:00
2026-10-11T20:05:00Z,DEN @ LAC,00-0040730,RJ Harvey,DEN,recY,27.5,0.5,2,27.5,28.5,2026-10-11T00:12:27+00:00
2026-10-11T20:05:00Z,DEN @ LAC,00-0040730,RJ Harvey,DEN,rushY,24.5,0.5058,4,25.5,24.5,2026-10-11T00:12:27+00:00
2026-10-11T20:05:00Z,DEN @ LAC,00-0040727,Tre Harris,LAC,recY,,,,50.5,,2026-10-11T00:12:27+00:00
2026-10-11T20:05:00Z,DEN @ LAC,00-0039868,Troy Franklin,DEN,rec,1.5,0.5059,4,1.5,1.5,2026-10-11T00:12:27+00:00
2026-10-11T20:05:00Z,DEN @ LAC,00-0039868,Troy Franklin,DEN,recY,18.5,0.5019,2,18.5,18.5,2026-10-11T00:12:27+00:00
2026-10-11T20:25:00Z,SF @ SEA,00-0039793,AJ Barner,SEA,rec,2.5,0.4847,4,2.5,2.5,2026-10-11T00:12:27+00:00
2026-10-11T20:25:00Z,SF @ SEA,00-0039793,AJ Barner,SEA,recY,22.5,0.5015,2,22.5,23.5,2026-10-11T00:12:27+00:00
2026-10-11T20:25:00Z,DET @ ARI,00-0036963,Amon-Ra St. Brown,DET,rec,7.5,0.4683,3,7.0,,2026-10-11T00:12:27+00:00
2026-10-11T20:25:00Z,DET @ ARI,00-0036963,Amon-Ra St. Brown,DET,recY,79.5,0.5076,2,81.5,79.5,2026-10-11T00:12:27+00:00
2026-10-11T20:25:00Z,SF @ SEA,00-0037834,Brock Purdy,SF,comp,20.5,0.4908,2,21.0,20.5,2026-10-11T00:12:27+00:00
2026-10-11T20:25:00Z,SF @ SEA,00-0037834,Brock Purdy,SF,passY,225.5,0.5,1,225.5,223.5,2026-10-11T00:12:27+00:00
2026-10-11T20:25:00Z,SF @ SEA,00-0037834,Brock Purdy,SF,rushY,23.5,0.4975,2,23.5,24.5,2026-10-11T00:12:27+00:00
2026-10-11T20:25:00Z,SF @ SEA,00-0033280,Christian McCaffrey,SF,rec,4.5,0.5322,4,,4.5,2026-10-11T00:12:27+00:00
2026-10-11T20:25:00Z,SF @ SEA,00-0033280,Christian McCaffrey,SF,recY,35.5,0.5,2,36.5,36.5,2026-10-11T00:12:27+00:00
2026-10-11T20:25:00Z,SF @ SEA,00-0033280,Christian McCaffrey,SF,rushY,50.5,0.4975,3,50.5,49.5,2026-10-11T00:12:27+00:00
2026-10-11T20:25:00Z,SF @ SEA,00-0033908,Cooper Kupp,SEA,rec,2.5,0.4441,4,,2.5,2026-10-11T00:12:27+00:00
2026-10-11T20:25:00Z,SF @ SEA,00-0033908,Cooper Kupp,SEA,recY,23.5,0.5048,3,23.5,24.5,2026-10-11T00:12:27+00:00
2026-10-11T20:25:00Z,SF @ SEA,00-0035719,Deebo Samuel Sr.,SF,rec,3.5,0.5083,3,3.5,,2026-10-11T00:12:27+00:00
2026-10-11T20:25:00Z,SF @ SEA,00-0035719,Deebo Samuel Sr.,SF,recY,33.5,0.506,2,34.5,34.5,2026-10-11T00:12:27+00:00
2026-10-11T20:25:00Z,SF @ SEA,00-0035719,Deebo Samuel Sr.,SF,rushY,8.5,0.5,1,8.5,9.5,2026-10-11T00:12:27+00:00
2026-10-11T20:25:00Z,SF @ SEA,00-0038797,Emanuel Wilson,SEA,rec,1.5,0.5706,4,,,2026-10-11T00:12:27+00:00
2026-10-11T20:25:00Z,SF @ SEA,00-0038797,Emanuel Wilson,SEA,recY,11.5,0.5024,3,11.5,12.5,2026-10-11T00:12:27+00:00
2026-10-11T20:25:00Z,SF @ SEA,00-0038797,Emanuel Wilson,SEA,rushY,64.5,0.4912,3,62.5,62.5,2026-10-11T00:12:27+00:00
2026-10-11T20:25:00Z,SF @ SEA,00-0039299,George Holani,SEA,rec,1.5,0.5747,4,,,2026-10-11T00:12:27+00:00
2026-10-11T20:25:00Z,SF @ SEA,00-0039299,George Holani,SEA,recY,9.5,0.492,4,9.5,9.5,2026-10-11T00:12:27+00:00
2026-10-11T20:25:00Z,SF @ SEA,00-0039299,George Holani,SEA,rushY,20.5,0.4929,3,19.5,19.5,2026-10-11T00:12:27+00:00
2026-10-11T20:25:00Z,SF @ SEA,00-0033288,George Kittle,SF,rec,4.5,0.5039,4,4.5,4.5,2026-10-11T00:12:27+00:00
2026-10-11T20:25:00Z,SF @ SEA,00-0033288,George Kittle,SF,recY,54.5,0.4984,3,54.5,54.5,2026-10-11T00:12:27+00:00
2026-10-11T20:25:00Z,DET @ ARI,00-0040669,Isaac TeSlaa,DET,rec,2.5,0.4011,3,,,2026-10-11T00:12:27+00:00
2026-10-11T20:25:00Z,DET @ ARI,00-0040669,Isaac TeSlaa,DET,recY,25.5,0.5003,3,25.5,25.5,2026-10-11T00:12:27+00:00
2026-10-11T20:25:00Z,DET @ ARI,00-0033119,Jacoby Brissett,ARI,comp,24.5,0.4919,3,24.5,24.5,2026-10-11T00:12:27+00:00
2026-10-11T20:25:00Z,DET @ ARI,00-0033119,Jacoby Brissett,ARI,passY,266.5,0.5,2,266.5,268.5,2026-10-11T00:12:27+00:00
2026-10-11T20:25:00Z,DET @ ARI,00-0033119,Jacoby Brissett,ARI,rushY,7.5,0.505,1,7.5,8.5,2026-10-11T00:12:27+00:00
2026-10-11T20:25:00Z,DET @ ARI,00-0039139,Jahmyr Gibbs,DET,rec,4.5,0.509,4,4.5,4.5,2026-10-11T00:12:27+00:00
2026-10-11T20:25:00Z,DET @ ARI,00-0039139,Jahmyr Gibbs,DET,recY,37.5,0.498,3,36.5,39.5,2026-10-11T00:12:27+00:00
2026-10-11T20:25:00Z,DET @ ARI,00-0039139,Jahmyr Gibbs,DET,rushY,89.5,0.4983,3,90.5,89.5,2026-10-11T00:12:27+00:00
2026-10-11T20:25:00Z,DET @ ARI,00-0037240,Jameson Williams,DET,rec,3.5,0.5373,4,,,2026-10-11T00:12:27+00:00
2026-10-11T20:25:00Z,DET @ ARI,00-0037240,Jameson Williams,DET,recY,53.5,0.4979,1,53.5,53.5,2026-10-11T00:12:27+00:00
2026-10-11T20:25:00Z,DET @ ARI,00-0033106,Jared Goff,DET,comp,24.5,0.5273,3,24.5,25.5,2026-10-11T00:12:27+00:00
2026-10-11T20:25:00Z,DET @ ARI,00-0033106,Jared Goff,DET,passY,281.5,0.4979,1,280.5,281.5,2026-10-11T00:12:27+00:00
2026-10-11T20:25:00Z,DET @ ARI,00-0033106,Jared Goff,DET,rushY,0.5,0.5131,3,0.5,0.5,2026-10-11T00:12:27+00:00
2026-10-11T20:25:00Z,SF @ SEA,00-0038543,Jaxon Smith-Njigba,SEA,rec,6.5,0.5515,3,7.0,,2026-10-11T00:12:27+00:00
2026-10-11T20:25:00Z,SF @ SEA,00-0038543,Jaxon Smith-Njigba,SEA,recY,95.5,0.5015,2,93.5,99.5,2026-10-11T00:12:27+00:00
2026-10-11T20:25:00Z,DET @ ARI,00-0041027,Jeremiyah Love,ARI,rec,2.5,0.4533,4,,2.5,2026-10-11T00:12:27+00:00
2026-10-11T20:25:00Z,DET @ ARI,00-0041027,Jeremiyah Love,ARI,recY,11.5,0.4979,2,11.5,11.5,2026-10-11T00:12:27+00:00
2026-10-11T20:25:00Z,DET @ ARI,00-0041027,Jeremiyah Love,ARI,rushY,45.5,0.4995,2,45.5,49.5,2026-10-11T00:12:27+00:00
2026-10-11T20:25:00Z,SF @ SEA,00-0041052,Kaelon Black,SF,rushY,14.5,0.5077,3,14.5,14.5,2026-10-11T00:12:27+00:00
2026-10-11T20:25:00Z,DET @ ARI,00-0033307,Kendrick Bourne,ARI,rec,3.5,0.4741,4,,,2026-10-11T00:12:27+00:00
2026-10-11T20:25:00Z,DET @ ARI,00-0033307,Kendrick Bourne,ARI,recY,31.5,0.4993,3,,31.5,2026-10-11T00:12:27+00:00
2026-10-11T20:25:00Z,DET @ ARI,00-0038559,Michael Wilson,ARI,rec,6.5,0.5014,3,6.5,6.5,2026-10-11T00:12:27+00:00
2026-10-11T20:25:00Z,DET @ ARI,00-0038559,Michael Wilson,ARI,recY,82.5,0.4979,2,79.5,79.5,2026-10-11T00:12:27+00:00
2026-10-11T20:25:00Z,SF @ SEA,00-0031408,Mike Evans,SF,rec,3.5,0.5769,3,4.0,,2026-10-11T00:12:27+00:00
2026-10-11T20:25:00Z,SF @ SEA,00-0031408,Mike Evans,SF,recY,50.5,0.4976,3,50.5,49.5,2026-10-11T00:12:27+00:00
2026-10-11T20:25:00Z,SF @ SEA,00-0037545,Rashid Shaheed,SEA,rec,2.5,0.381,3,2.0,,2026-10-11T00:12:27+00:00
2026-10-11T20:25:00Z,SF @ SEA,00-0037545,Rashid Shaheed,SEA,recY,20.5,0.5,2,20.5,20.5,2026-10-11T00:12:27+00:00
2026-10-11T20:25:00Z,SF @ SEA,00-0034869,Sam Darnold,SEA,comp,20.5,0.5068,4,20.0,20.5,2026-10-11T00:12:27+00:00
2026-10-11T20:25:00Z,SF @ SEA,00-0034869,Sam Darnold,SEA,passY,232.5,0.501,1,230.5,234.5,2026-10-11T00:12:27+00:00
2026-10-11T20:25:00Z,SF @ SEA,00-0034869,Sam Darnold,SEA,rushY,5.5,0.458,3,4.5,4.5,2026-10-11T00:12:27+00:00
2026-10-11T20:25:00Z,DET @ ARI,00-0039065,Sam LaPorta,DET,rec,4.5,0.5586,4,5.0,,2026-10-11T00:12:27+00:00
2026-10-11T20:25:00Z,DET @ ARI,00-0039065,Sam LaPorta,DET,recY,51.5,0.5007,3,51.5,51.5,2026-10-11T00:12:27+00:00
2026-10-11T20:25:00Z,DET @ ARI,00-0039364,Sione Vaki,DET,rushY,8.5,0.4984,4,8.5,8.5,2026-10-11T00:12:27+00:00
2026-10-11T20:25:00Z,SF @ SEA,00-0040648,Tory Horton,SEA,rec,1.5,0.3745,3,,,2026-10-11T00:12:27+00:00
2026-10-11T20:25:00Z,SF @ SEA,00-0040648,Tory Horton,SEA,recY,9.5,0.5189,2,11.5,11.5,2026-10-11T00:12:27+00:00
2026-10-11T20:25:00Z,DET @ ARI,00-0037744,Trey McBride,ARI,rec,7.5,0.5517,2,8.0,8.5,2026-10-11T00:12:27+00:00
2026-10-11T20:25:00Z,DET @ ARI,00-0037744,Trey McBride,ARI,recY,84.5,0.4989,2,84.5,84.5,2026-10-11T00:12:27+00:00
2026-10-11T20:25:00Z,DET @ ARI,00-0037263,Tyler Allgeier,ARI,rec,1.5,0.5982,2,,,2026-10-11T00:12:27+00:00
2026-10-11T20:25:00Z,DET @ ARI,00-0037263,Tyler Allgeier,ARI,recY,9.5,0.4914,3,9.5,9.5,2026-10-11T00:12:27+00:00
2026-10-11T20:25:00Z,DET @ ARI,00-0037263,Tyler Allgeier,ARI,rushY,27.5,0.4975,2,27.5,29.5,2026-10-11T00:12:27+00:00
2026-10-12T00:20:00Z,BAL @ ATL,00-0038542,Bijan Robinson,ATL,rec,3.5,0.5259,4,,,2026-10-11T00:12:27+00:00
2026-10-12T00:20:00Z,BAL @ ATL,00-0038542,Bijan Robinson,ATL,recY,27.5,0.4957,4,26.5,27.5,2026-10-11T00:12:27+00:00
2026-10-12T00:20:00Z,BAL @ ATL,00-0038542,Bijan Robinson,ATL,rushY,88.5,0.4997,3,88.5,89.5,2026-10-11T00:12:27+00:00
2026-10-12T00:20:00Z,BAL @ ATL,00-0037746,Brian Robinson,ATL,rec,,,,0.5,0.5,2026-10-11T00:12:27+00:00
2026-10-12T00:20:00Z,BAL @ ATL,00-0037746,Brian Robinson,ATL,rushY,35.5,0.502,2,35.5,36.5,2026-10-11T00:12:27+00:00
2026-10-12T00:20:00Z,BAL @ ATL,00-0032764,Derrick Henry,BAL,rec,1.5,0.3601,4,,,2026-10-11T00:12:27+00:00
2026-10-12T00:20:00Z,BAL @ ATL,00-0032764,Derrick Henry,BAL,recY,4.5,0.5092,3,4.5,5.5,2026-10-11T00:12:27+00:00
2026-10-12T00:20:00Z,BAL @ ATL,00-0032764,Derrick Henry,BAL,rushY,80.5,0.4975,2,81.5,79.5,2026-10-11T00:12:27+00:00
2026-10-12T00:20:00Z,BAL @ ATL,00-0039792,Devontez Walker,BAL,rec,0.5,0.6431,3,,,2026-10-11T00:12:27+00:00
2026-10-12T00:20:00Z,BAL @ ATL,00-0039792,Devontez Walker,BAL,recY,8.5,0.5062,3,8.5,8.5,2026-10-11T00:12:27+00:00
2026-10-12T00:20:00Z,BAL @ ATL,00-0037238,Drake London,ATL,rec,5.5,0.5668,2,6.0,,2026-10-11T00:12:27+00:00
2026-10-12T00:20:00Z,BAL @ ATL,00-0037238,Drake London,ATL,recY,80.5,0.4945,4,80.5,79.5,2026-10-11T00:12:27+00:00
2026-10-12T00:20:00Z,BAL @ ATL,00-0037741,Jahan Dotson,ATL,rec,1.5,0.5829,3,,,2026-10-11T00:12:27+00:00
2026-10-12T00:20:00Z,BAL @ ATL,00-0037741,Jahan Dotson,ATL,recY,20.5,0.4968,2,19.5,20.5,2026-10-11T00:12:27+00:00
2026-10-12T00:20:00Z,BAL @ ATL,00-0034975,Justice Hill,BAL,rec,1.5,0.4918,4,1.5,1.5,2026-10-11T00:12:27+00:00
2026-10-12T00:20:00Z,BAL @ ATL,00-0034975,Justice Hill,BAL,recY,8.5,0.4959,3,8.5,8.5,2026-10-11T00:12:27+00:00
2026-10-12T00:20:00Z,BAL @ ATL,00-0034975,Justice Hill,BAL,rushY,11.5,0.4941,5,11.5,11.5,2026-10-11T00:12:27+00:00
2026-10-12T00:20:00Z,BAL @ ATL,00-0036970,Kyle Pitts,ATL,rec,2.5,0.4587,4,,2.5,2026-10-11T00:12:27+00:00
2026-10-12T00:20:00Z,BAL @ ATL,00-0036970,Kyle Pitts,ATL,recY,24.5,0.5,2,24.5,24.5,2026-10-11T00:12:27+00:00
2026-10-12T00:20:00Z,BAL @ ATL,00-0034753,Mark Andrews,BAL,rec,3.5,0.5486,4,4.0,,2026-10-11T00:12:27+00:00
2026-10-12T00:20:00Z,BAL @ ATL,00-0034753,Mark Andrews,BAL,recY,30.5,0.5015,2,31.5,31.5,2026-10-11T00:12:27+00:00
2026-10-12T00:20:00Z,BAL @ ATL,00-0040879,Matthew Hibner,BAL,recY,,,,7.5,,2026-10-11T00:12:27+00:00
2026-10-12T00:20:00Z,BAL @ ATL,00-0039917,Michael Penix Jr.,ATL,comp,18.5,0.4948,4,18.5,,2026-10-11T00:12:27+00:00
2026-10-12T00:20:00Z,BAL @ ATL,00-0039917,Michael Penix Jr.,ATL,passY,219.5,0.5,2,221.5,220.5,2026-10-11T00:12:27+00:00
2026-10-12T00:20:00Z,BAL @ ATL,00-0039917,Michael Penix Jr.,ATL,rushY,0.5,0.4809,3,0.5,0.5,2026-10-11T00:12:27+00:00
2026-10-12T00:20:00Z,BAL @ ATL,00-0039917,Michael Penix Jr.,ATL,sacks,,,,1.5,,2026-10-11T00:12:27+00:00
2026-10-12T00:20:00Z,BAL @ ATL,00-0035208,Olamide Zaccheaus,ATL,rec,0.5,0.6513,4,,,2026-10-11T00:12:27+00:00
2026-10-12T00:20:00Z,BAL @ ATL,00-0035208,Olamide Zaccheaus,ATL,recY,7.5,0.5,3,7.5,8.5,2026-10-11T00:12:27+00:00
2026-10-12T00:20:00Z,BAL @ ATL,00-0036550,Rashod Bateman,BAL,rec,1.5,0.5651,5,,,2026-10-11T00:12:27+00:00
2026-10-12T00:20:00Z,BAL @ ATL,00-0036550,Rashod Bateman,BAL,recY,17.5,0.4989,2,17.5,17.5,2026-10-11T00:12:27+00:00
2026-10-12T00:20:00Z,BAL @ ATL,00-0035993,Tyler Huntley,BAL,comp,17.5,0.5335,3,17.5,,2026-10-11T00:12:27+00:00
2026-10-12T00:20:00Z,BAL @ ATL,00-0035993,Tyler Huntley,BAL,passY,174.5,0.5007,3,174.5,174.5,2026-10-11T00:12:27+00:00
2026-10-12T00:20:00Z,BAL @ ATL,00-0035993,Tyler Huntley,BAL,rushY,29.5,0.4938,3,29.5,29.5,2026-10-11T00:12:27+00:00
2026-10-12T00:20:00Z,BAL @ ATL,00-0039064,Zay Flowers,BAL,rec,5.5,0.4943,4,5.5,5.5,2026-10-11T00:12:27+00:00
2026-10-12T00:20:00Z,BAL @ ATL,00-0039064,Zay Flowers,BAL,recY,68.5,0.5,1,69.5,69.5,2026-10-11T00:12:27+00:00
2026-10-13T00:15:00Z,BUF @ LA,00-0039738,Blake Corum,LA,recY,,,,3.5,,2026-10-11T00:12:27+00:00
2026-10-13T00:15:00Z,BUF @ LA,00-0039738,Blake Corum,LA,rushY,32.5,0.5063,1,32.5,,2026-10-11T00:12:27+00:00
2026-10-13T00:15:00Z,BUF @ LA,00-0036244,Colby Parkinson,LA,rec,1.5,0.606,2,2.0,,2026-10-11T00:12:27+00:00
2026-10-13T00:15:00Z,BUF @ LA,00-0036244,Colby Parkinson,LA,recY,17.5,0.4999,3,16.5,,2026-10-11T00:12:27+00:00
2026-10-13T00:15:00Z,BUF @ LA,00-0038933,Dalton Kincaid,BUF,rec,4.5,0.4711,5,4.5,,2026-10-11T00:12:27+00:00
2026-10-13T00:15:00Z,BUF @ LA,00-0038933,Dalton Kincaid,BUF,recY,55.5,0.5203,1,58.5,,2026-10-11T00:12:27+00:00
2026-10-13T00:15:00Z,BUF @ LA,00-0031381,Davante Adams,LA,rec,4.5,0.462,4,,,2026-10-11T00:12:27+00:00
2026-10-13T00:15:00Z,BUF @ LA,00-0031381,Davante Adams,LA,recY,62.5,0.5,1,62.5,,2026-10-11T00:12:27+00:00
2026-10-13T00:15:00Z,BUF @ LA,00-0039074,Davis Allen,LA,recY,,,,7.5,,2026-10-11T00:12:27+00:00
2026-10-13T00:15:00Z,BUF @ LA,00-0035689,Dawson Knox,BUF,rec,1.5,0.4217,4,,,2026-10-11T00:12:27+00:00
2026-10-13T00:15:00Z,BUF @ LA,00-0035689,Dawson Knox,BUF,recY,10.5,0.5021,3,10.5,,2026-10-11T00:12:27+00:00
2026-10-13T00:15:00Z,BUF @ LA,00-0037248,James Cook,BUF,rec,1.5,0.526,3,1.5,,2026-10-11T00:12:27+00:00
2026-10-13T00:15:00Z,BUF @ LA,00-0037248,James Cook,BUF,recY,10.5,0.5025,3,9.5,,2026-10-11T00:12:27+00:00
2026-10-13T00:15:00Z,BUF @ LA,00-0037248,James Cook,BUF,rushY,74.5,0.4797,1,75.5,,2026-10-11T00:12:27+00:00
2026-10-13T00:15:00Z,BUF @ LA,00-0039751,Jordan Whittington,LA,rec,0.5,0.6019,3,,,2026-10-11T00:12:27+00:00
2026-10-13T00:15:00Z,BUF @ LA,00-0039751,Jordan Whittington,LA,recY,5.5,0.4953,4,5.5,,2026-10-11T00:12:27+00:00
2026-10-13T00:15:00Z,BUF @ LA,00-0034857,Josh Allen,BUF,comp,20.5,0.5287,2,21.0,,2026-10-11T00:12:27+00:00
2026-10-13T00:15:00Z,BUF @ LA,00-0034857,Josh Allen,BUF,passY,244.5,0.4949,4,245.5,249.5,2026-10-11T00:12:27+00:00
2026-10-13T00:15:00Z,BUF @ LA,00-0034857,Josh Allen,BUF,rushY,36.5,0.5017,3,36.5,,2026-10-11T00:12:27+00:00
2026-10-13T00:15:00Z,BUF @ LA,00-0039901,Keon Coleman,BUF,rec,3.5,0.4103,2,3.0,,2026-10-11T00:12:27+00:00
2026-10-13T00:15:00Z,BUF @ LA,00-0039901,Keon Coleman,BUF,recY,38.5,0.5015,2,38.5,,2026-10-11T00:12:27+00:00
2026-10-13T00:15:00Z,BUF @ LA,00-0037261,Khalil Shakir,BUF,rec,4.5,0.4959,3,4.5,4.5,2026-10-11T00:12:27+00:00
2026-10-13T00:15:00Z,BUF @ LA,00-0037261,Khalil Shakir,BUF,recY,46.5,0.5,1,46.5,,2026-10-11T00:12:27+00:00
2026-10-13T00:15:00Z,BUF @ LA,00-0040590,Konata Mumpfield,LA,rec,0.5,0.6072,4,,,2026-10-11T00:12:27+00:00
2026-10-13T00:15:00Z,BUF @ LA,00-0040590,Konata Mumpfield,LA,recY,7.5,0.4976,5,7.5,,2026-10-11T00:12:27+00:00
2026-10-13T00:15:00Z,BUF @ LA,00-0037840,Kyren Williams,LA,rec,2.5,0.5715,4,,,2026-10-11T00:12:27+00:00
2026-10-13T00:15:00Z,BUF @ LA,00-0037840,Kyren Williams,LA,recY,21.5,0.5022,2,19.5,,2026-10-11T00:12:27+00:00
2026-10-13T00:15:00Z,BUF @ LA,00-0037840,Kyren Williams,LA,rushY,69.5,0.5051,2,69.5,69.5,2026-10-11T00:12:27+00:00
2026-10-13T00:15:00Z,BUF @ LA,00-0026498,Matthew Stafford,LA,comp,23.5,0.501,4,23.0,23.5,2026-10-11T00:12:27+00:00
2026-10-13T00:15:00Z,BUF @ LA,00-0026498,Matthew Stafford,LA,passY,279.5,0.4899,1,278.5,,2026-10-11T00:12:27+00:00
2026-10-13T00:15:00Z,BUF @ LA,00-0026498,Matthew Stafford,LA,rushY,0.5,0.5314,2,0.5,,2026-10-11T00:12:27+00:00
2026-10-13T00:15:00Z,BUF @ LA,00-0026498,Matthew Stafford,LA,sacks,,,,1.5,,2026-10-11T00:12:27+00:00
2026-10-13T00:15:00Z,BUF @ LA,00-0039075,Puka Nacua,LA,rec,7.5,0.4682,3,7.0,,2026-10-11T00:12:27+00:00
2026-10-13T00:15:00Z,BUF @ LA,00-0039075,Puka Nacua,LA,recY,93.5,0.5031,2,93.5,,2026-10-11T00:12:27+00:00
2026-10-13T00:15:00Z,BUF @ LA,00-0035537,Ty Johnson,BUF,rec,1.5,0.6032,2,2.0,,2026-10-11T00:12:27+00:00
2026-10-13T00:15:00Z,BUF @ LA,00-0035537,Ty Johnson,BUF,recY,12.5,0.4907,2,11.5,,2026-10-11T00:12:27+00:00
2026-10-13T00:15:00Z,BUF @ LA,00-0033110,Tyler Higbee,LA,rec,2.5,0.5288,3,2.5,,2026-10-11T00:12:27+00:00
2026-10-13T00:15:00Z,BUF @ LA,00-0033110,Tyler Higbee,LA,recY,23.5,0.5021,2,23.5,24.5,2026-10-11T00:12:27+00:00
