id,week,startDate,completed,neutralSite,homeTeam,homeConference,homePoints,awayTeam,awayConference,awayPoints
401856766,1,2026-08-29T16:00:00.000Z,True,True,TCU,Big 12,10,North Carolina,ACC,15
401864494,1,2026-08-29T19:00:00.000Z,True,False,USC,Big Ten,42,San José State,Mountain West,26
401858202,1,2026-08-29T19:30:00.000Z,True,False,Virginia,ACC,34,NC State,ACC,8
401864577,1,2026-08-29T21:30:00.000Z,True,False,North Dakota State,Mountain West,33,Jacksonville State,Conference USA,7
401866408,1,2026-08-29T22:30:00.000Z,True,False,Eastern Michigan,Mid-American,28,Sacramento State,Mid-American,17
401858201,1,2026-08-29T23:00:00.000Z,True,False,Stanford,ACC,37,Hawai'i,Mountain West,27
401864570,1,2026-08-29T23:00:00.000Z,True,False,Florida State,ACC,34,New Mexico State,Conference USA,17
401862693,1,2026-08-30T02:00:00.000Z,True,False,UNLV,Mountain West,21,Memphis,American Athletic,27
401858423,1,2026-09-03T22:00:00.000Z,True,False,Rutgers,Big Ten,21,Massachusetts,Mid-American,37
401856767,1,2026-09-03T23:00:00.000Z,True,False,UCF,Big 12,73,Bethune-Cookman,SWAC,6
401866409,1,2026-09-03T23:00:00.000Z,True,False,Buffalo,Mid-American,21,UAlbany,Coastal Athletic,17
401858204,1,2026-09-03T23:00:00.000Z,True,False,Wake Forest,ACC,38,Akron,Mid-American,16
401864424,1,2026-09-03T23:00:00.000Z,True,False,Delaware,Conference USA,42,Merrimack,FCS Independents,7
401864425,1,2026-09-03T23:00:00.000Z,True,False,Kennesaw State,Conference USA,47,West Georgia,UAC,0
401856776,1,2026-09-04T00:00:00.000Z,True,False,Georgia Tech,ACC,13,Colorado,Big 12,14
401856663,1,2026-09-04T00:00:00.000Z,True,False,Missouri,SEC,54,Arkansas-Pine Bluff,SWAC,14
401858422,1,2026-09-04T00:00:00.000Z,True,False,Minnesota,Big Ten,59,Eastern Illinois,OVC,7
401856768,1,2026-09-04T01:00:00.000Z,True,False,Utah,Big 12,66,Idaho,Big Sky,14
401858424,1,2026-09-04T01:00:00.000Z,True,False,Illinois,Big Ten,42,UAB,American Athletic,23
401864495,1,2026-09-04T22:30:00.000Z,True,False,Eastern Michigan,Mid-American,21,San José State,Mountain West,27
401866623,1,2026-09-04T23:00:00.000Z,True,False,Georgia State,Sun Belt,59,North Carolina A&T,Coastal Athletic,10
401858435,1,2026-09-04T23:00:00.000Z,True,False,Purdue,Big Ten,44,Indiana State,MVFC,19
401856664,1,2026-09-05T00:00:00.000Z,True,False,Oklahoma,SEC,51,UTEP,Mountain West,0
401858429,1,2026-09-05T00:00:00.000Z,True,False,Michigan State,Big Ten,30,Toledo,Mid-American,20
401856769,1,2026-09-05T00:00:00.000Z,True,False,Kansas,Big 12,51,Long Island University,NEC,6
401858436,1,2026-09-05T01:00:00.000Z,True,False,USC,Big Ten,39,Fresno State,Pac-12,0
401858206,1,2026-09-05T01:00:00.000Z,True,False,Stanford,ACC,6,Miami,ACC,45
401866410,1,2026-09-05T16:00:00.000Z,True,False,Bowling Green,Mid-American,13,Tarleton State,UAC,20
401856778,1,2026-09-05T16:00:00.000Z,True,False,Houston,Big 12,33,Oregon State,Pac-12,20
401858425,1,2026-09-05T16:00:00.000Z,True,False,Indiana,Big Ten,52,North Texas,American Athletic,16
401856780,1,2026-09-05T16:00:00.000Z,True,False,West Virginia,Big 12,31,Coastal Carolina,Sun Belt,24
401862701,1,2026-09-05T16:00:00.000Z,True,False,Army,American Athletic,59,Bryant,Coastal Athletic,3
401861962,1,2026-09-05T16:00:00.000Z,True,False,UConn,FBS Independents,56,Lafayette,Patriot,7
401858430,1,2026-09-05T16:00:00.000Z,True,False,Nebraska,Big Ten,49,Ohio,Mid-American,21
401858208,1,2026-09-05T16:00:00.000Z,True,False,Syracuse,ACC,66,New Hampshire,Coastal Athletic,3
401869960,1,2026-09-05T16:00:00.000Z,True,False,James Madison,Sun Belt,20,Liberty,Conference USA,13
401856634,1,2026-09-05T16:00:00.000Z,True,False,Alabama,SEC,48,East Carolina,American Athletic,10
401858207,1,2026-09-05T16:30:00.000Z,True,False,Pittsburgh,ACC,59,Miami (OH),Mid-American,14
401858432,1,2026-09-05T16:30:00.000Z,True,False,Ohio State,Big Ten,56,Ball State,Mid-American,3
401856665,1,2026-09-05T16:45:00.000Z,True,False,South Carolina,SEC,57,Kent State,Mid-American,0
401856659,1,2026-09-05T17:00:00.000Z,True,False,Kentucky,SEC,45,Youngstown State,MVFC,13
401864496,1,2026-09-05T17:00:00.000Z,True,False,Air Force,Mountain West,34,Duquesne,NEC,0
401856779,1,2026-09-05T17:00:00.000Z,True,False,Iowa State,Big 12,38,Southeast Missouri State,OVC,10
401862698,1,2026-09-05T18:00:00.000Z,True,False,Temple,American Athletic,38,Rhode Island,Coastal Athletic,14
401856658,1,2026-09-05T19:00:00.000Z,True,False,Georgia,SEC,63,Tennessee State,OVC,3
401862696,1,2026-09-05T19:30:00.000Z,True,False,Navy,American Athletic,42,Towson,Coastal Athletic,15
401864499,1,2026-09-05T19:30:00.000Z,True,False,North Dakota State,Mountain West,38,Fordham,Patriot,0
401856667,1,2026-09-05T19:30:00.000Z,True,False,Texas,SEC,59,Texas State,Pac-12,7
401862694,1,2026-09-05T19:30:00.000Z,True,False,Charlotte,American Athletic,41,The Citadel,Southern,43
401856666,1,2026-09-05T19:30:00.000Z,True,False,Tennessee,SEC,56,Furman,Southern,9
401858433,1,2026-09-05T19:30:00.000Z,True,False,Oregon,Big Ten,34,Boise State,Pac-12,27
401858434,1,2026-09-05T19:30:00.000Z,True,False,Penn State,Big Ten,45,Marshall,Sun Belt,0
401866627,1,2026-09-05T19:30:00.000Z,True,False,App State,Sun Belt,55,Maine,Coastal Athletic,3
401858209,1,2026-09-05T19:30:00.000Z,True,False,Duke,ACC,17,Tulane,American Athletic,3
401856636,1,2026-09-05T19:30:00.000Z,True,True,Auburn,SEC,17,Baylor,Big 12,16
401862700,1,2026-09-05T19:30:00.000Z,True,False,UTSA,American Athletic,45,UT Rio Grande Valley,Southland,16
401856777,1,2026-09-05T19:30:00.000Z,True,False,Cincinnati,Big 12,34,Boston College,ACC,15
401856772,1,2026-09-05T19:45:00.000Z,True,False,Tulsa,American Athletic,24,Oklahoma State,Big 12,10
401858426,1,2026-09-05T20:15:00.000Z,True,False,Iowa,Big Ten,40,Northern Illinois,Mountain West,0
401856635,1,2026-09-05T20:15:00.000Z,True,False,Arkansas,SEC,31,North Alabama,UAC,14
401868356,1,2026-09-05T21:00:00.000Z,True,False,Southern Miss,Sun Belt,49,Alcorn State,SWAC,3
401860878,1,2026-09-05T22:00:00.000Z,True,False,Colorado State,Pac-12,35,Wyoming,Mountain West,13
401867973,1,2026-09-05T22:00:00.000Z,True,False,Old Dominion,Sun Belt,31,Norfolk State,MEAC,10
401862695,1,2026-09-05T23:00:00.000Z,True,False,Memphis,American Athletic,42,Arkansas State,Sun Belt,24
401856668,1,2026-09-05T23:00:00.000Z,True,False,Texas A&M,SEC,50,Missouri State,Conference USA,0
401868316,1,2026-09-05T23:00:00.000Z,True,False,South Alabama,Sun Belt,39,SE Louisiana,Southland,14
401868170,1,2026-09-05T23:00:00.000Z,True,False,Georgia Southern,Sun Belt,31,Charleston Southern,OVC,0
401862697,1,2026-09-05T23:00:00.000Z,True,False,Rice,American Athletic,31,Houston Christian,Southland,3
401856771,1,2026-09-05T23:00:00.000Z,True,False,Kansas State,Big 12,71,Nicholls,Southland,3
401856669,1,2026-09-05T23:00:00.000Z,True,False,Vanderbilt,SEC,28,Austin Peay,UAC,9
401862699,1,2026-09-05T23:00:00.000Z,True,False,South Florida,American Athletic,19,Florida International,Conference USA,9
401870763,1,2026-09-05T23:00:00.000Z,True,False,Troy,Sun Belt,24,Sam Houston,Conference USA,21
401860880,1,2026-09-05T23:00:00.000Z,True,False,Utah State,Pac-12,17,Idaho State,Big Sky,29
401868140,1,2026-09-05T23:00:00.000Z,True,False,Jacksonville State,Conference USA,49,Eastern Kentucky,UAC,7
401867866,1,2026-09-05T23:00:00.000Z,True,False,Middle Tennessee,Conference USA,38,Murray State,MVFC,14
401856770,1,2026-09-05T23:00:00.000Z,True,False,Texas Tech,Big 12,33,Abilene Christian,UAC,10
401858428,1,2026-09-05T23:30:00.000Z,True,False,Michigan,Big Ten,13,Western Michigan,Mid-American,12
401858211,1,2026-09-05T23:30:00.000Z,True,False,Virginia Tech,ACC,73,VMI,Southern,3
401856662,1,2026-09-05T23:30:00.000Z,True,False,Mississippi State,SEC,62,UL Monroe,Sun Belt,13
401856660,1,2026-09-05T23:30:00.000Z,True,False,LSU,SEC,51,Clemson,ACC,10
401869129,1,2026-09-05T23:30:00.000Z,True,False,Louisiana Tech,Sun Belt,80,Northwestern State,Southland,6
401856637,1,2026-09-05T23:45:00.000Z,True,False,Florida,SEC,66,Florida Atlantic,American Athletic,21
401869142,1,2026-09-06T00:00:00.000Z,True,False,Louisiana,Sun Belt,38,Lamar,Southland,7
401856775,1,2026-09-06T00:00:00.000Z,True,False,BYU,Big 12,63,Utah Tech,Big Sky,7
401858427,1,2026-09-06T00:00:00.000Z,True,False,Maryland,Big Ten,62,Hampton,Coastal Athletic,0
401858431,1,2026-09-06T00:00:00.000Z,True,False,Northwestern,Big Ten,34,South Dakota State,MVFC,18
401870790,1,2026-09-06T01:00:00.000Z,True,False,New Mexico State,Conference USA,51,Mercyhurst,NEC,14
401860879,1,2026-09-06T01:30:00.000Z,True,False,San Diego State,Pac-12,53,Portland State,Big Sky,20
401856773,1,2026-09-06T01:30:00.000Z,True,False,Arizona,Big 12,35,Northern Arizona,Big Sky,7
401856774,1,2026-09-06T02:00:00.000Z,True,False,Arizona State,Big 12,70,Morgan State,MEAC,7
401866411,1,2026-09-06T02:00:00.000Z,True,False,Sacramento State,Mid-American,52,Mississippi Valley State,SWAC,0
401864497,1,2026-09-06T02:00:00.000Z,True,False,Hawai'i,Mountain West,6,UNLV,Mountain West,21
401864498,1,2026-09-06T02:00:00.000Z,True,False,New Mexico,Mountain West,38,Central Michigan,Mid-American,7
401864432,1,2026-09-06T02:30:00.000Z,True,False,Nevada,Mountain West,49,Western Kentucky,Conference USA,14
401858210,1,2026-09-06T02:30:00.000Z,True,False,California,ACC,24,UCLA,Big Ten,45
401858437,1,2026-09-06T20:00:00.000Z,True,False,Washington,Big Ten,24,Washington State,Pac-12,10
401856661,1,2026-09-06T23:30:00.000Z,True,True,Ole Miss,SEC,41,Louisville,ACC,38
401858438,1,2026-09-06T23:30:00.000Z,True,True,Notre Dame,FBS Independents,41,Wisconsin,Big Ten,13
401858212,1,2026-09-07T23:30:00.000Z,True,False,Florida State,ACC,24,SMU,ACC,27
401858213,2,2026-09-11T00:00:00.000Z,True,False,Miami,ACC,77,Florida A&M,SWAC,7
401858215,2,2026-09-11T23:00:00.000Z,True,False,Louisville,ACC,59,Villanova,Patriot,13
401858222,2,2026-09-11T23:00:00.000Z,True,False,NC State,ACC,73,Richmond,Patriot,0
401858220,2,2026-09-11T23:00:00.000Z,True,False,Virginia,ACC,59,Norfolk State,MEAC,3
401858214,2,2026-09-11T23:30:00.000Z,True,False,Boston College,ACC,28,Rutgers,Big Ten,21
401856678,2,2026-09-12T00:00:00.000Z,True,False,Kansas,Big 12,21,Missouri,SEC,38
401858221,2,2026-09-12T16:00:00.000Z,True,False,Virginia Tech,ACC,44,Old Dominion,Sun Belt,21
401856679,2,2026-09-12T16:00:00.000Z,True,False,Michigan,Big Ten,17,Oklahoma,SEC,10
401868187,2,2026-09-12T16:00:00.000Z,True,False,Liberty,Conference USA,24,Gardner-Webb,OVC,23
401864571,2,2026-09-12T16:00:00.000Z,True,False,East Carolina,American Athletic,24,App State,Sun Belt,27
401858224,2,2026-09-12T16:00:00.000Z,True,False,Purdue,Big Ten,36,Wake Forest,ACC,38
401862702,2,2026-09-12T16:00:00.000Z,True,False,Army,American Athletic,24,South Florida,American Athletic,28
401856781,2,2026-09-12T16:00:00.000Z,True,False,Kansas State,Big 12,34,Washington State,Pac-12,7
401867929,2,2026-09-12T16:00:00.000Z,True,False,James Madison,Sun Belt,87,Wagner,NEC,3
401858442,2,2026-09-12T16:00:00.000Z,True,False,Temple,American Athletic,9,Penn State,Big Ten,27
401858439,2,2026-09-12T16:00:00.000Z,True,False,Indiana,Big Ten,55,Howard,MEAC,0
401858218,2,2026-09-12T16:00:00.000Z,True,False,North Carolina,ACC,35,East Tennessee State,Southern,3
401856683,2,2026-09-12T16:00:00.000Z,True,False,Texas A&M,SEC,48,Arizona State,Big 12,20
401856782,2,2026-09-12T16:00:00.000Z,True,False,Oklahoma State,Big 12,39,Oregon,Big Ten,31
401866416,2,2026-09-12T16:00:00.000Z,True,False,Kent State,Mid-American,36,Wofford,Southern,15
401856673,2,2026-09-12T16:45:00.000Z,True,False,Georgia,SEC,70,Western Kentucky,Conference USA,20
401856791,2,2026-09-12T17:00:00.000Z,True,False,West Virginia,Big 12,52,UT Martin,OVC,7
401866415,2,2026-09-12T17:00:00.000Z,True,False,Central Michigan,Mid-American,13,Colgate,Patriot,10
401866417,2,2026-09-12T17:00:00.000Z,True,False,Miami (OH),Mid-American,45,Holy Cross,Patriot,7
401866413,2,2026-09-12T18:00:00.000Z,True,False,Ball State,Mid-American,41,Stony Brook,Coastal Athletic,17
401856790,2,2026-09-12T19:30:00.000Z,True,False,Pittsburgh,ACC,12,UCF,Big 12,7
401856785,2,2026-09-12T19:30:00.000Z,True,False,Colorado,Big 12,52,Weber State,Big Sky,21
401862708,2,2026-09-12T19:30:00.000Z,True,False,UAB,American Athletic,26,UL Monroe,Sun Belt,20
401856810,2,2026-09-12T19:30:00.000Z,True,False,BYU,Big 12,28,Arizona,Big 12,17
401856677,2,2026-09-12T19:30:00.000Z,True,False,Minnesota,Big Ten,13,Mississippi State,SEC,38
401858217,2,2026-09-12T19:30:00.000Z,True,False,Illinois,Big Ten,27,Duke,ACC,31
401856674,2,2026-09-12T19:30:00.000Z,True,False,Kentucky,SEC,17,Alabama,SEC,45
401860884,2,2026-09-12T19:30:00.000Z,True,False,Texas State,Pac-12,26,UTSA,American Athletic,31
401859184,2,2026-09-12T19:30:00.000Z,True,False,Notre Dame,FBS Independents,52,Rice,American Athletic,0
401858216,2,2026-09-12T19:30:00.000Z,True,False,Syracuse,ACC,18,California,ACC,21
401866419,2,2026-09-12T19:30:00.000Z,True,False,Toledo,Mid-American,63,Central Connecticut,NEC,10
401866420,2,2026-09-12T19:30:00.000Z,True,False,Massachusetts,Mid-American,37,Sacred Heart,Coastal Athletic,10
401866412,2,2026-09-12T19:30:00.000Z,True,False,Akron,Mid-American,45,Robert Morris,NEC,10
401858446,2,2026-09-12T19:30:00.000Z,True,False,Washington,Big Ten,16,Utah State,Pac-12,14
401858444,2,2026-09-12T19:30:00.000Z,True,False,UConn,FBS Independents,14,Maryland,Big Ten,38
401858440,2,2026-09-12T19:30:00.000Z,True,False,Michigan State,Big Ten,35,Eastern Michigan,Mid-American,7
401862705,2,2026-09-12T19:45:00.000Z,True,False,North Texas,American Athletic,44,UNLV,Mountain West,6
401868326,2,2026-09-12T20:00:00.000Z,True,False,Troy,Sun Belt,34,Alabama State,SWAC,17
401858223,2,2026-09-12T20:00:00.000Z,True,False,SMU,ACC,56,UC Davis,Big Sky,10
401865252,2,2026-09-12T20:00:00.000Z,True,False,New Mexico,Mountain West,70,Mercyhurst,NEC,7
401864506,2,2026-09-12T20:00:00.000Z,True,False,Wyoming,Mountain West,21,Northern Colorado,Big Sky,13
401856684,2,2026-09-12T20:15:00.000Z,True,False,Vanderbilt,SEC,35,Delaware,Conference USA,26
401856672,2,2026-09-12T21:30:00.000Z,True,False,Florida,SEC,52,Campbell,Coastal Athletic,3
401866418,2,2026-09-12T22:00:00.000Z,True,False,Ohio,Mid-American,29,Jacksonville State,Conference USA,27
401866414,2,2026-09-12T22:00:00.000Z,True,False,Florida International,Conference USA,33,Buffalo,Mid-American,20
401860881,2,2026-09-12T22:00:00.000Z,True,False,Boise State,Pac-12,38,Memphis,American Athletic,20
401866421,2,2026-09-12T22:30:00.000Z,True,False,Western Michigan,Mid-American,49,Monmouth,Coastal Athletic,14
401868241,2,2026-09-12T23:00:00.000Z,True,False,Arkansas State,Sun Belt,52,West Georgia,UAC,7
401871045,2,2026-09-12T23:00:00.000Z,True,False,Marshall,Sun Belt,28,Middle Tennessee,Conference USA,26
401864575,2,2026-09-12T23:00:00.000Z,True,False,Tulane,American Athletic,28,South Alabama,Sun Belt,24
401856786,2,2026-09-12T23:00:00.000Z,True,False,Cincinnati,Big 12,62,Western Carolina,Southern,10
401858441,2,2026-09-12T23:00:00.000Z,True,False,Nebraska,Big Ten,56,Bowling Green,Mid-American,7
401856787,2,2026-09-12T23:00:00.000Z,True,False,Houston,Big 12,77,Southern,SWAC,6
401862707,2,2026-09-12T23:00:00.000Z,True,False,Sam Houston,Conference USA,17,Tulsa,American Athletic,23
401856680,2,2026-09-12T23:00:00.000Z,True,False,South Carolina,SEC,45,Towson,Coastal Athletic,9
401869955,2,2026-09-12T23:00:00.000Z,True,False,Kennesaw State,Conference USA,17,Georgia State,Sun Belt,31
401856681,2,2026-09-12T23:00:00.000Z,True,False,Georgia Tech,ACC,24,Tennessee,SEC,45
401871046,2,2026-09-12T23:00:00.000Z,True,False,Missouri State,Conference USA,48,Lindenwood,OVC,14
401864503,2,2026-09-12T23:00:00.000Z,True,False,Northern Illinois,Mountain West,24,Illinois State,MVFC,28
401860882,2,2026-09-12T23:00:00.000Z,True,False,Colorado State,Pac-12,58,Southern Utah,Big Sky,24
401858447,2,2026-09-12T23:15:00.000Z,True,False,Wisconsin,Big Ten,36,Western Illinois,OVC,9
401858443,2,2026-09-12T23:15:00.000Z,True,False,UCLA,Big Ten,28,San Diego State,Pac-12,10
401856783,2,2026-09-12T23:30:00.000Z,True,False,Oregon State,Pac-12,24,Texas Tech,Big 12,35
401856682,2,2026-09-12T23:30:00.000Z,True,False,Texas,SEC,24,Ohio State,Big Ten,23
401858219,2,2026-09-12T23:30:00.000Z,True,False,Clemson,ACC,22,Georgia Southern,Sun Belt,7
401862703,2,2026-09-12T23:30:00.000Z,True,False,Florida Atlantic,American Athletic,38,Navy,American Athletic,30
401867796,2,2026-09-12T23:30:00.000Z,True,False,LSU,SEC,45,Louisiana Tech,Sun Belt,14
401856788,2,2026-09-12T23:30:00.000Z,True,False,Iowa,Big Ten,16,Iowa State,Big 12,13
401868008,2,2026-09-12T23:30:00.000Z,True,False,Coastal Carolina,Sun Belt,45,Fordham,Patriot,7
401856671,2,2026-09-12T23:45:00.000Z,True,False,Auburn,SEC,43,Southern Miss,Sun Belt,8
401856676,2,2026-09-12T23:45:00.000Z,True,False,Ole Miss,SEC,41,Charlotte,American Athletic,9
401856789,2,2026-09-13T00:00:00.000Z,True,False,TCU,Big 12,63,Grambling,SWAC,7
401856784,2,2026-09-13T00:08:00.000Z,True,False,Baylor,Big 12,44,Prairie View A&M,SWAC,3
401864504,2,2026-09-13T01:00:00.000Z,True,False,San José State,Mountain West,30,Cal Poly,Big Sky,20
401864505,2,2026-09-13T01:00:00.000Z,True,False,UTEP,Mountain West,51,Texas Southern,SWAC,10
401864502,2,2026-09-13T02:00:00.000Z,True,False,Air Force,Mountain West,32,North Dakota State,Mountain West,38
401856670,2,2026-09-13T02:15:00.000Z,True,False,Utah,Big 12,43,Arkansas,SEC,10
401860883,2,2026-09-13T02:30:00.000Z,True,False,Fresno State,Pac-12,49,Sacramento State,Mid-American,3
401864500,2,2026-09-13T02:30:00.000Z,True,False,Nevada,Mountain West,7,Montana State,Big Sky,20
401858445,2,2026-09-13T03:00:00.000Z,True,False,USC,Big Ten,49,Louisiana,Sun Belt,30
401864578,2,2026-09-13T03:59:00.000Z,True,False,Hawai'i,Mountain West,29,New Mexico State,Conference USA,19
401858225,3,2026-09-17T23:30:00.000Z,True,False,Pittsburgh,ACC,27,Syracuse,ACC,13
401858226,3,2026-09-18T23:30:00.000Z,True,False,Wake Forest,ACC,20,Miami,ACC,33
401856811,3,2026-09-19T00:00:00.000Z,True,False,Texas Tech,Big 12,28,Houston,Big 12,26
401858455,3,2026-09-19T02:30:00.000Z,True,False,Oregon,Big Ten,84,Portland State,Big Sky,0
401869940,3,2026-09-19T15:30:00.000Z,True,False,Delaware,Conference USA,22,Coastal Carolina,Sun Belt,14
401860889,3,2026-09-19T16:00:00.000Z,True,False,Texas State,Pac-12,49,North Texas,American Athletic,35
401858454,3,2026-09-19T16:00:00.000Z,True,False,Ohio State,Big Ten,59,Kent State,Mid-American,3
401858456,3,2026-09-19T16:00:00.000Z,True,False,Penn State,Big Ten,55,Buffalo,Mid-American,13
401858451,3,2026-09-19T16:00:00.000Z,True,False,Minnesota,Big Ten,41,Akron,Mid-American,7
401858229,3,2026-09-19T16:00:00.000Z,True,False,Clemson,ACC,28,North Carolina,ACC,20
401858228,3,2026-09-19T16:00:00.000Z,True,False,Georgia Tech,ACC,44,Mercer,Southern,11
401856798,3,2026-09-19T16:00:00.000Z,True,False,Iowa State,Big 12,55,Bowling Green,Mid-American,7
401856686,3,2026-09-19T16:00:00.000Z,True,False,Arkansas,SEC,17,Georgia,SEC,45
401856792,3,2026-09-19T16:00:00.000Z,True,False,Kansas State,Big 12,31,Tulane,American Athletic,20
401856812,3,2026-09-19T16:00:00.000Z,True,True,Kansas,Big 12,17,Arizona State,Big 12,24
401858460,3,2026-09-19T16:30:00.000Z,True,False,Wisconsin,Big Ten,54,Eastern Michigan,Mid-American,10
401856695,3,2026-09-19T16:45:00.000Z,True,False,Vanderbilt,SEC,35,NC State,ACC,31
401864508,3,2026-09-19T17:00:00.000Z,True,False,Central Michigan,Mid-American,24,Wyoming,Mountain West,10
401858448,3,2026-09-19T18:00:00.000Z,True,False,Illinois,Big Ten,48,Southern Illinois,MVFC,10
401858227,3,2026-09-19T18:00:00.000Z,True,False,Boston College,ACC,22,Maine,Coastal Athletic,16
401862774,3,2026-09-19T19:00:00.000Z,True,False,Toledo,Mid-American,49,Temple,American Athletic,48
401856685,3,2026-09-19T19:30:00.000Z,True,False,Alabama,SEC,50,Florida State,ACC,36
401866424,3,2026-09-19T19:30:00.000Z,True,False,Massachusetts,Mid-American,36,Stonehill,NEC,14
401858233,3,2026-09-19T19:30:00.000Z,True,False,California,ACC,49,Wagner,NEC,7
401858457,3,2026-09-19T19:30:00.000Z,True,False,Rutgers,Big Ten,35,USC,Big Ten,42
401856801,3,2026-09-19T19:30:00.000Z,True,False,Utah,Big 12,33,Utah State,Pac-12,0
401858450,3,2026-09-19T19:30:00.000Z,True,False,Michigan,Big Ten,52,UTEP,Mountain West,17
401856694,3,2026-09-19T19:30:00.000Z,True,False,Texas A&M,SEC,21,Kentucky,SEC,31
401856797,3,2026-09-19T19:30:00.000Z,True,False,Cincinnati,Big 12,35,Miami (OH),Mid-American,31
401858230,3,2026-09-19T19:30:00.000Z,True,False,Louisville,ACC,41,SMU,ACC,31
401860890,3,2026-09-19T19:30:00.000Z,True,False,Washington State,Pac-12,48,Duquesne,NEC,7
401858449,3,2026-09-19T20:00:00.000Z,True,False,Indiana,Big Ten,38,Western Kentucky,Conference USA,0
401858471,3,2026-09-19T20:00:00.000Z,True,False,Iowa,Big Ten,55,Northern Iowa,MVFC,0
401866422,3,2026-09-19T20:00:00.000Z,True,False,Liberty,Conference USA,51,Ball State,Mid-American,15
401867804,3,2026-09-19T20:00:00.000Z,True,False,Baylor,Big 12,36,Louisiana Tech,Sun Belt,19
401858231,3,2026-09-19T20:00:00.000Z,True,False,Duke,ACC,35,Stanford,ACC,7
401856691,3,2026-09-19T20:15:00.000Z,True,False,South Carolina,SEC,34,Mississippi State,SEC,41
401868317,3,2026-09-19T20:30:00.000Z,True,False,UL Monroe,Sun Belt,35,SE Louisiana,Southland,38
401862710,3,2026-09-19T22:00:00.000Z,True,False,Old Dominion,Sun Belt,17,East Carolina,American Athletic,20
401862771,3,2026-09-19T22:00:00.000Z,True,False,Florida Atlantic,American Athletic,16,Florida International,Conference USA,10
401864574,3,2026-09-19T22:00:00.000Z,True,False,App State,Sun Belt,26,Charlotte,American Athletic,21
401871047,3,2026-09-19T22:30:00.000Z,True,False,Missouri State,Conference USA,24,Marshall,Sun Belt,30
401870764,3,2026-09-19T23:00:00.000Z,True,False,Sam Houston,Conference USA,59,Nicholls,Southland,0
401869948,3,2026-09-19T23:00:00.000Z,True,False,Jacksonville State,Conference USA,31,Georgia Southern,Sun Belt,27
401862777,3,2026-09-19T23:00:00.000Z,True,False,South Florida,American Athletic,59,Delaware State,MEAC,17
401856689,3,2026-09-19T23:00:00.000Z,True,False,Missouri,SEC,27,Troy,Sun Belt,17
401862772,3,2026-09-19T23:00:00.000Z,True,False,Memphis,American Athletic,45,UT Martin,OVC,21
401856803,3,2026-09-19T23:00:00.000Z,True,False,Oklahoma State,Big 12,59,Murray State,MVFC,0
401864443,3,2026-09-19T23:00:00.000Z,True,False,Middle Tennessee,Conference USA,27,Nevada,Mountain West,20
401856800,3,2026-09-19T23:00:00.000Z,True,False,UCF,Big 12,44,Georgia State,Sun Belt,30
401862773,3,2026-09-19T23:00:00.000Z,True,False,Rice,American Athletic,21,Western Michigan,Mid-American,28
401866423,3,2026-09-19T23:00:00.000Z,True,False,South Alabama,Sun Belt,41,Ohio,Mid-American,36
401856687,3,2026-09-19T23:00:00.000Z,True,False,Auburn,SEC,39,Florida,SEC,44
401861963,3,2026-09-19T23:00:00.000Z,True,False,Southern Miss,Sun Belt,20,UConn,FBS Independents,48
401858452,3,2026-09-19T23:15:00.000Z,True,False,Nebraska,Big Ten,34,North Dakota,MVFC,7
401858459,3,2026-09-19T23:15:00.000Z,True,False,Washington,Big Ten,48,Eastern Washington,Big Sky,16
401856802,3,2026-09-19T23:30:00.000Z,True,True,Virginia,ACC,27,West Virginia,Big 12,38
401858232,3,2026-09-19T23:30:00.000Z,True,False,Maryland,Big Ten,26,Virginia Tech,ACC,35
401856796,3,2026-09-19T23:30:00.000Z,True,False,Northwestern,Big Ten,41,Colorado,Big 12,7
401856690,3,2026-09-19T23:30:00.000Z,True,False,Oklahoma,SEC,14,New Mexico,Mountain West,6
401856795,3,2026-09-19T23:30:00.000Z,True,False,Colorado State,Pac-12,23,BYU,Big 12,41
401856688,3,2026-09-19T23:30:00.000Z,True,False,Ole Miss,SEC,32,LSU,SEC,24
401858453,3,2026-09-19T23:30:00.000Z,True,False,Notre Dame,FBS Independents,27,Michigan State,Big Ten,10
401856692,3,2026-09-19T23:45:00.000Z,True,False,Tennessee,SEC,42,Kennesaw State,Conference USA,9
401856799,3,2026-09-20T00:00:00.000Z,True,False,TCU,Big 12,31,Arkansas State,Sun Belt,7
401862776,3,2026-09-20T00:00:00.000Z,True,False,Louisiana,Sun Belt,21,UAB,American Athletic,14
401856693,3,2026-09-20T00:00:00.000Z,True,False,Texas,SEC,30,UTSA,American Athletic,6
401862775,3,2026-09-20T00:00:00.000Z,True,False,Tulsa,American Athletic,42,East Texas A&M,Southland,0
401860887,3,2026-09-20T02:00:00.000Z,True,False,San Diego State,Pac-12,13,James Madison,Sun Belt,26
401860885,3,2026-09-20T02:00:00.000Z,True,False,Boise State,Pac-12,38,South Dakota,MVFC,24
401856793,3,2026-09-20T02:30:00.000Z,True,False,Arizona,Big 12,42,Northern Illinois,Mountain West,17
401864507,3,2026-09-20T02:30:00.000Z,True,False,Sacramento State,Mid-American,10,North Dakota State,Mountain West,31
401860886,3,2026-09-20T03:00:00.000Z,True,False,Oregon State,Pac-12,52,Montana,Big Sky,17
401860888,3,2026-09-20T03:00:00.000Z,True,False,San José State,Mountain West,10,Fresno State,Pac-12,26
401858458,3,2026-09-20T03:00:00.000Z,True,False,UCLA,Big Ten,52,Purdue,Big Ten,38
401869941,4,2026-09-24T23:30:00.000Z,True,False,Coastal Carolina,Sun Belt,17,Liberty,Conference USA,34
401862779,4,2026-09-25T20:00:00.000Z,True,False,Temple,American Athletic,17,Army,American Athletic,21
401858468,4,2026-09-25T23:00:00.000Z,True,False,Rutgers,Big Ten,58,Howard,MEAC,7
401862778,4,2026-09-25T23:00:00.000Z,True,False,UAB,American Athletic,24,Navy,American Athletic,20
401858461,4,2026-09-26T00:00:00.000Z,True,False,Indiana,Big Ten,29,Northwestern,Big Ten,23
401858234,4,2026-09-26T02:30:00.000Z,True,False,California,ACC,10,Clemson,ACC,24
401858242,4,2026-09-26T16:00:00.000Z,True,False,Boston College,ACC,14,Virginia Tech,ACC,21
401858236,4,2026-09-26T16:00:00.000Z,True,False,Pittsburgh,ACC,59,Bucknell,Patriot,0
401856813,4,2026-09-26T16:00:00.000Z,True,False,Baylor,Big 12,23,Colorado,Big 12,13
401864512,4,2026-09-26T16:00:00.000Z,True,False,Akron,Mid-American,10,UNLV,Mountain West,38
401860893,4,2026-09-26T16:00:00.000Z,True,False,Toledo,Mid-American,41,San Diego State,Pac-12,16
401858465,4,2026-09-26T16:00:00.000Z,True,False,Ohio State,Big Ten,42,Illinois,Big Ten,19
401860896,4,2026-09-26T16:00:00.000Z,True,False,UTSA,American Athletic,59,Colorado State,Pac-12,45
401856805,4,2026-09-26T16:00:00.000Z,True,False,Texas Tech,Big 12,49,Sam Houston,Conference USA,14
401866425,4,2026-09-26T16:00:00.000Z,True,False,Kent State,Mid-American,26,Ball State,Mid-American,13
401856704,4,2026-09-26T16:00:00.000Z,True,False,Tennessee,SEC,17,Texas,SEC,20
401858243,4,2026-09-26T16:00:00.000Z,True,False,Louisville,ACC,27,Wake Forest,ACC,30
401864576,4,2026-09-26T16:45:00.000Z,True,False,Kentucky,SEC,45,South Alabama,Sun Belt,21
401866427,4,2026-09-26T17:00:00.000Z,True,False,Eastern Michigan,Mid-American,29,Lindenwood,OVC,3
401858462,4,2026-09-26T17:30:00.000Z,True,False,Maryland,Big Ten,3,UCLA,Big Ten,54
401858467,4,2026-09-26T18:00:00.000Z,True,False,Purdue,Big Ten,10,Notre Dame,FBS Independents,49
401864511,4,2026-09-26T18:00:00.000Z,True,False,Georgia State,Sun Belt,35,Northern Illinois,Mountain West,14
401858237,4,2026-09-26T19:00:00.000Z,True,False,Florida State,ACC,34,Central Arkansas,UAC,7
401864510,4,2026-09-26T19:00:00.000Z,True,False,Wyoming,Mountain West,27,Hawai'i,Mountain West,10
401866426,4,2026-09-26T19:30:00.000Z,True,False,Buffalo,Mid-American,31,Robert Morris,NEC,28
401868188,4,2026-09-26T19:30:00.000Z,True,False,Marshall,Sun Belt,36,Gardner-Webb,OVC,35
401858244,4,2026-09-26T19:30:00.000Z,True,False,Duke,ACC,62,William & Mary,Patriot,7
401856815,4,2026-09-26T19:30:00.000Z,True,False,UCF,Big 12,21,TCU,Big 12,13
401858463,4,2026-09-26T19:30:00.000Z,True,False,Michigan,Big Ten,19,Iowa,Big Ten,20
401860897,4,2026-09-26T19:30:00.000Z,True,False,Western Michigan,Mid-American,7,Boise State,Pac-12,32
401861970,4,2026-09-26T19:30:00.000Z,True,False,Miami (OH),Mid-American,24,UConn,FBS Independents,21
401864579,4,2026-09-26T19:30:00.000Z,True,False,New Mexico State,Conference USA,18,New Mexico,Mountain West,42
401856816,4,2026-09-26T19:30:00.000Z,True,False,Iowa State,Big 12,17,Utah,Big 12,31
401866428,4,2026-09-26T19:30:00.000Z,True,False,Ohio,Mid-American,35,Stonehill,NEC,7
401856699,4,2026-09-26T19:30:00.000Z,True,False,Florida,SEC,52,Ole Miss,SEC,28
401856700,4,2026-09-26T19:30:00.000Z,True,False,Georgia,SEC,41,Oklahoma,SEC,13
401862781,4,2026-09-26T20:00:00.000Z,True,False,East Carolina,American Athletic,42,North Carolina Central,MEAC,9
401856806,4,2026-09-26T20:00:00.000Z,True,False,Georgia Southern,Sun Belt,28,Houston,Big 12,42
401856698,4,2026-09-26T20:15:00.000Z,True,False,Auburn,SEC,21,Vanderbilt,SEC,15
401858464,4,2026-09-26T21:00:00.000Z,True,False,Michigan State,Big Ten,13,Nebraska,Big Ten,31
401858466,4,2026-09-26T21:00:00.000Z,True,False,Penn State,Big Ten,20,Wisconsin,Big Ten,24
401862785,4,2026-09-26T21:00:00.000Z,True,False,Bowling Green,Mid-American,6,South Florida,American Athletic,14
401858239,4,2026-09-26T22:00:00.000Z,True,False,Virginia,ACC,42,Delaware,Conference USA,3
401869961,4,2026-09-26T22:00:00.000Z,True,False,Old Dominion,Sun Belt,20,James Madison,Sun Belt,46
401867909,4,2026-09-26T22:00:00.000Z,True,False,Florida International,Conference USA,20,Long Island University,NEC,3
401860892,4,2026-09-26T22:00:00.000Z,True,False,Texas State,Pac-12,63,Incarnate Word,Southland,10
401862780,4,2026-09-26T22:30:00.000Z,True,False,Charlotte,American Athletic,7,Louisiana,Sun Belt,34
401858238,4,2026-09-26T22:30:00.000Z,True,False,Miami,ACC,52,Central Michigan,Mid-American,3
401869931,4,2026-09-26T23:00:00.000Z,True,False,Arkansas State,Sun Belt,17,Kennesaw State,Conference USA,14
401856881,4,2026-09-26T23:00:00.000Z,True,False,West Virginia,Big 12,24,Oklahoma State,Big 12,41
401862784,4,2026-09-26T23:00:00.000Z,True,False,Tulane,American Athletic,24,Southern Miss,Sun Belt,21
401856814,4,2026-09-26T23:00:00.000Z,True,False,Cincinnati,Big 12,31,Kansas State,Big 12,26
401871048,4,2026-09-26T23:00:00.000Z,True,False,Jacksonville State,Conference USA,23,Middle Tennessee,Conference USA,13
401870745,4,2026-09-26T23:00:00.000Z,True,False,Western Kentucky,Conference USA,52,Mercyhurst,NEC,7
401856696,4,2026-09-26T23:00:00.000Z,True,False,Alabama,SEC,49,South Carolina,SEC,18
401864572,4,2026-09-26T23:30:00.000Z,True,False,NC State,ACC,41,App State,Sun Belt,31
401862783,4,2026-09-26T23:30:00.000Z,True,False,North Texas,American Athletic,63,Houston Christian,Southland,14
401860894,4,2026-09-26T23:30:00.000Z,True,False,Utah State,Pac-12,21,Troy,Sun Belt,10
401856804,4,2026-09-26T23:30:00.000Z,True,False,Washington State,Pac-12,24,Arizona,Big 12,34
401858469,4,2026-09-26T23:30:00.000Z,True,False,USC,Big Ten,27,Oregon,Big Ten,41
401856702,4,2026-09-26T23:30:00.000Z,True,False,LSU,SEC,35,Texas A&M,SEC,6
401856703,4,2026-09-26T23:45:00.000Z,True,False,Mississippi State,SEC,31,Missouri,SEC,24
401862782,4,2026-09-27T00:00:00.000Z,True,False,UL Monroe,Sun Belt,17,Florida Atlantic,American Athletic,45
401856697,4,2026-09-27T00:00:00.000Z,True,False,Arkansas,SEC,34,Tulsa,American Athletic,6
401866429,4,2026-09-27T01:00:00.000Z,True,False,Sacramento State,Mid-American,6,Massachusetts,Mid-American,35
401858241,4,2026-09-27T01:00:00.000Z,True,False,SMU,ACC,34,Missouri State,Conference USA,24
401860895,4,2026-09-27T01:00:00.000Z,True,False,UTEP,Mountain West,7,Oregon State,Pac-12,33
401860891,4,2026-09-27T02:00:00.000Z,True,False,Fresno State,Pac-12,38,Rice,American Athletic,24
401858240,4,2026-09-27T02:30:00.000Z,True,False,Stanford,ACC,34,Georgia Tech,ACC,27
401864509,4,2026-09-27T02:30:00.000Z,True,False,Nevada,Mountain West,33,Air Force,Mountain West,36
401858470,4,2026-09-27T03:00:00.000Z,True,False,Washington,Big Ten,24,Minnesota,Big Ten,27
401871049,5,2026-10-02T00:00:00.000Z,True,False,New Mexico State,Conference USA,34,Western Kentucky,Conference USA,13
401862786,5,2026-10-02T01:00:00.000Z,True,False,Tulsa,American Athletic,44,North Texas,American Athletic,45
401858245,5,2026-10-02T23:00:00.000Z,True,False,Virginia Tech,ACC,33,Pittsburgh,ACC,35
401871050,5,2026-10-02T23:00:00.000Z,True,False,Delaware,Conference USA,14,Liberty,Conference USA,30
401858476,5,2026-10-03T00:00:00.000Z,True,False,Northwestern,Big Ten,34,Penn State,Big Ten,13
401862787,5,2026-10-03T15:00:00.000Z,True,False,Charlotte,American Athletic,8,Memphis,American Athletic,59
401858474,5,2026-10-03T16:00:00.000Z,True,False,Minnesota,Big Ten,20,Michigan,Big Ten,14
401856822,5,2026-10-03T16:00:00.000Z,True,False,Iowa State,Big 12,45,West Virginia,Big 12,42
401856807,5,2026-10-03T16:00:00.000Z,True,False,Kansas,Big 12,55,Middle Tennessee,Conference USA,0
401858251,5,2026-10-03T16:00:00.000Z,True,False,Wake Forest,ACC,57,Stanford,ACC,3
401858250,5,2026-10-03T16:00:00.000Z,True,False,North Carolina,ACC,26,Notre Dame,FBS Independents,37
401856819,5,2026-10-03T16:00:00.000Z,True,False,Houston,Big 12,27,UCF,Big 12,17
401858246,5,2026-10-03T16:00:00.000Z,True,False,SMU,ACC,25,Boston College,ACC,16
401858252,5,2026-10-03T16:00:00.000Z,True,False,UConn,FBS Independents,41,Syracuse,ACC,42
401862791,5,2026-10-03T16:00:00.000Z,True,False,Air Force,Mountain West,14,Navy,American Athletic,9
401856707,5,2026-10-03T16:00:00.000Z,True,False,Mississippi State,SEC,23,Alabama,SEC,56
401858479,5,2026-10-03T16:30:00.000Z,True,False,Wisconsin,Big Ten,31,Michigan State,Big Ten,3
401856705,5,2026-10-03T16:45:00.000Z,True,False,Georgia,SEC,38,Vanderbilt,SEC,14
401866432,5,2026-10-03T17:00:00.000Z,True,False,Buffalo,Mid-American,17,Western Michigan,Mid-American,20
401866431,5,2026-10-03T18:00:00.000Z,True,False,Ball State,Mid-American,24,Toledo,Mid-American,39
401862793,5,2026-10-03T19:30:00.000Z,True,False,UAB,American Athletic,33,Samford,Southern,14
401858248,5,2026-10-03T19:30:00.000Z,True,False,NC State,ACC,31,Louisville,ACC,28
401858247,5,2026-10-03T19:30:00.000Z,True,False,UNLV,Mountain West,39,California,ACC,31
401856710,5,2026-10-03T19:30:00.000Z,True,False,Tennessee,SEC,24,Auburn,SEC,14
401866430,5,2026-10-03T19:30:00.000Z,True,False,Central Michigan,Mid-American,41,Akron,Mid-American,17
401866433,5,2026-10-03T19:30:00.000Z,True,False,Massachusetts,Mid-American,14,Eastern Michigan,Mid-American,38
401866434,5,2026-10-03T19:30:00.000Z,True,False,Kent State,Mid-American,10,Ohio,Mid-American,13
401869956,5,2026-10-03T19:30:00.000Z,True,False,Georgia State,Sun Belt,42,Old Dominion,Sun Belt,10
401864515,5,2026-10-03T19:30:00.000Z,True,False,North Dakota State,Mountain West,28,Wyoming,Mountain West,0
401866477,5,2026-10-03T19:30:00.000Z,True,False,Miami (OH),Mid-American,20,Bowling Green,Mid-American,24
401856708,5,2026-10-03T19:30:00.000Z,True,False,Missouri,SEC,45,Florida,SEC,17
401858473,5,2026-10-03T19:30:00.000Z,True,False,Iowa,Big Ten,14,Ohio State,Big Ten,31
401858253,5,2026-10-03T19:30:00.000Z,True,False,Florida State,ACC,38,Virginia,ACC,7
401869962,5,2026-10-03T19:45:00.000Z,True,False,James Madison,Sun Belt,45,Marshall,Sun Belt,17
401858475,5,2026-10-03T20:00:00.000Z,True,False,Nebraska,Big Ten,48,Maryland,Big Ten,23
401864514,5,2026-10-03T20:00:00.000Z,True,False,New Mexico,Mountain West,61,UTEP,Mountain West,7
401856709,5,2026-10-03T20:15:00.000Z,True,False,South Carolina,SEC,34,Kentucky,SEC,35
401858472,5,2026-10-03T20:15:00.000Z,True,False,Illinois,Big Ten,17,Purdue,Big Ten,24
401860899,5,2026-10-03T22:00:00.000Z,True,False,Colorado State,Pac-12,26,Oregon State,Pac-12,56
401862790,5,2026-10-03T22:00:00.000Z,True,False,Florida Atlantic,American Athletic,66,Texas Southern,SWAC,10
401862788,5,2026-10-03T23:00:00.000Z,True,False,Rice,American Athletic,14,UTSA,American Athletic,16
401869942,5,2026-10-03T23:00:00.000Z,True,False,Coastal Carolina,Sun Belt,24,Georgia Southern,Sun Belt,31
401856711,5,2026-10-03T23:00:00.000Z,True,False,Texas A&M,SEC,34,Arkansas,SEC,7
401856818,5,2026-10-03T23:00:00.000Z,True,False,TCU,Big 12,10,BYU,Big 12,17
401871089,5,2026-10-03T23:00:00.000Z,True,False,South Alabama,Sun Belt,52,UL Monroe,Sun Belt,35
401862792,5,2026-10-03T23:30:00.000Z,True,False,South Florida,American Athletic,13,Temple,American Athletic,17
401858478,5,2026-10-03T23:30:00.000Z,True,False,USC,Big Ten,25,Washington,Big Ten,21
401856821,5,2026-10-03T23:30:00.000Z,True,False,Colorado,Big 12,7,Texas Tech,Big 12,29
401858249,5,2026-10-03T23:30:00.000Z,True,False,Clemson,ACC,13,Miami,ACC,41
401860898,5,2026-10-03T23:30:00.000Z,True,False,Boise State,Pac-12,37,Utah State,Pac-12,18
401869842,5,2026-10-03T23:30:00.000Z,True,False,Louisiana Tech,Sun Belt,31,Army,American Athletic,29
401856706,5,2026-10-03T23:45:00.000Z,True,False,LSU,SEC,63,McNeese,Southland,14
401869932,5,2026-10-04T00:00:00.000Z,True,False,Louisiana,Sun Belt,23,Arkansas State,Sun Belt,20
401858477,5,2026-10-04T00:00:00.000Z,True,False,Rutgers,Big Ten,15,Indiana,Big Ten,47
401860921,5,2026-10-04T01:30:00.000Z,True,False,Washington State,Pac-12,6,Fresno State,Pac-12,26
401860900,5,2026-10-04T02:30:00.000Z,True,False,San Diego State,Pac-12,31,Texas State,Pac-12,29
401856817,5,2026-10-04T02:30:00.000Z,True,False,Arizona State,Big 12,19,Baylor,Big 12,55
401856820,5,2026-10-04T03:00:00.000Z,True,False,Arizona,Big 12,34,Cincinnati,Big 12,7
401864513,5,2026-10-04T03:59:00.000Z,True,False,Hawai'i,Mountain West,16,San José State,Mountain West,20
401871090,6,2026-10-07T00:00:00.000Z,True,False,Troy,Sun Belt,55,Southern Miss,Sun Belt,34
401871051,6,2026-10-07T23:00:00.000Z,True,False,Kennesaw State,Conference USA,26,Jacksonville State,Conference USA,27
401871066,6,2026-10-07T23:30:00.000Z,True,False,Florida International,Conference USA,22,New Mexico State,Conference USA,3
401870766,6,2026-10-08T23:00:00.000Z,True,False,Liberty,Conference USA,35,Sam Houston,Conference USA,3
401871052,6,2026-10-08T23:00:00.000Z,True,False,Western Kentucky,Conference USA,34,Missouri State,Conference USA,13
401869933,6,2026-10-08T23:30:00.000Z,True,False,Arkansas State,Sun Belt,49,South Alabama,Sun Belt,56
401862794,6,2026-10-08T23:30:00.000Z,True,False,UTSA,American Athletic,31,South Florida,American Athletic,24
401858254,6,2026-10-09T23:00:00.000Z,True,False,Louisville,ACC,44,Florida State,ACC,20
401858487,6,2026-10-10T01:00:00.000Z,True,False,Washington,Big Ten,24,Iowa,Big Ten,41
401860922,6,2026-10-10T01:00:00.000Z,True,False,Utah State,Pac-12,17,Washington State,Pac-12,16
401864519,6,2026-10-10T01:00:00.000Z,True,False,San José State,Mountain West,13,Wyoming,Mountain West,16
401856826,6,2026-10-10T02:15:00.000Z,True,False,BYU,Big 12,24,Iowa State,Big 12,10
401866436,6,2026-10-10T16:00:00.000Z,False,False,Bowling Green,Mid-American,,Sacramento State,Mid-American,
401856716,6,2026-10-10T16:00:00.000Z,False,False,Missouri,SEC,,Texas A&M,SEC,
401856824,6,2026-10-10T16:00:00.000Z,False,False,Oklahoma State,Big 12,,UCF,Big 12,
401858260,6,2026-10-10T16:00:00.000Z,False,False,NC State,ACC,,Wake Forest,ACC,
401858481,6,2026-10-10T16:00:00.000Z,False,False,Nebraska,Big Ten,,Indiana,Big Ten,
401862795,6,2026-10-10T16:00:00.000Z,False,False,Army,American Athletic,,Tulane,American Athletic,
401858256,6,2026-10-10T16:00:00.000Z,False,False,Pittsburgh,ACC,,North Carolina,ACC,
401856823,6,2026-10-10T16:00:00.000Z,False,False,West Virginia,Big 12,,Arizona,Big 12,
401858482,6,2026-10-10T16:30:00.000Z,False,False,Northwestern,Big Ten,,Ball State,Mid-American,
401856714,6,2026-10-10T16:45:00.000Z,False,False,Florida,SEC,,South Carolina,SEC,
401869843,6,2026-10-10T17:00:00.000Z,False,False,App State,Sun Belt,,Old Dominion,Sun Belt,
401866440,6,2026-10-10T18:00:00.000Z,False,False,Massachusetts,Mid-American,,Miami (OH),Mid-American,
401858255,6,2026-10-10T19:30:00.000Z,False,False,Georgia Tech,ACC,,Duke,ACC,
401856825,6,2026-10-10T19:30:00.000Z,False,False,Kansas State,Big 12,,Houston,Big 12,
401858259,6,2026-10-10T19:30:00.000Z,False,False,California,ACC,,Virginia Tech,ACC,
401858480,6,2026-10-10T19:30:00.000Z,False,False,Michigan State,Big Ten,,Illinois,Big Ten,
401866439,6,2026-10-10T19:30:00.000Z,False,False,Western Michigan,Mid-American,,Kent State,Mid-American,
401858484,6,2026-10-10T19:30:00.000Z,False,False,Oregon,Big Ten,,UCLA,Big Ten,
401856717,6,2026-10-10T19:30:00.000Z,False,True,Oklahoma,SEC,,Texas,SEC,
401866437,6,2026-10-10T19:30:00.000Z,False,False,Toledo,Mid-American,,Buffalo,Mid-American,
401866435,6,2026-10-10T19:30:00.000Z,False,False,Akron,Mid-American,,Eastern Michigan,Mid-American,
401862799,6,2026-10-10T19:30:00.000Z,False,False,Navy,American Athletic,,Tulsa,American Athletic,
401862796,6,2026-10-10T19:30:00.000Z,False,False,North Texas,American Athletic,,Charlotte,American Athletic,
401856718,6,2026-10-10T19:30:00.000Z,False,False,Vanderbilt,SEC,,Ole Miss,SEC,
401858257,6,2026-10-10T19:30:00.000Z,False,False,Notre Dame,FBS Independents,,Stanford,ACC,
401866438,6,2026-10-10T19:30:00.000Z,False,False,Ohio,Mid-American,,Central Michigan,Mid-American,
401861964,6,2026-10-10T19:45:00.000Z,False,False,Temple,American Athletic,,UConn,FBS Independents,
401862797,6,2026-10-10T20:00:00.000Z,False,False,East Carolina,American Athletic,,Rice,American Athletic,
401856713,6,2026-10-10T20:15:00.000Z,False,False,Arkansas,SEC,,Tennessee,SEC,
401858483,6,2026-10-10T20:15:00.000Z,False,False,Ohio State,Big Ten,,Maryland,Big Ten,
401860902,6,2026-10-10T22:00:00.000Z,False,False,Oregon State,Pac-12,,San Diego State,Pac-12,
401856715,6,2026-10-10T23:00:00.000Z,False,False,Kentucky,SEC,,LSU,SEC,
401869943,6,2026-10-10T23:00:00.000Z,False,False,Marshall,Sun Belt,,Coastal Carolina,Sun Belt,
401862798,6,2026-10-10T23:00:00.000Z,False,False,Memphis,American Athletic,,UAB,American Athletic,
401864517,6,2026-10-10T23:00:00.000Z,False,False,UTEP,Mountain West,,Nevada,Mountain West,
401864518,6,2026-10-10T23:00:00.000Z,False,False,UNLV,Mountain West,,North Dakota State,Mountain West,
401856712,6,2026-10-10T23:30:00.000Z,False,False,Alabama,SEC,,Georgia,SEC,
401869949,6,2026-10-10T23:30:00.000Z,False,False,Georgia Southern,Sun Belt,,James Madison,Sun Belt,
401869965,6,2026-10-10T23:30:00.000Z,False,False,Louisiana Tech,Sun Belt,,Louisiana,Sun Belt,
401864516,6,2026-10-10T23:30:00.000Z,False,False,Northern Illinois,Mountain West,,Air Force,Mountain West,
401858258,6,2026-10-10T23:30:00.000Z,False,False,Virginia,ACC,,Syracuse,ACC,
401858485,6,2026-10-10T23:30:00.000Z,False,False,Penn State,Big Ten,,USC,Big Ten,
401858486,6,2026-10-11T00:00:00.000Z,False,False,Purdue,Big Ten,,Minnesota,Big Ten,
401856827,6,2026-10-11T02:15:00.000Z,False,False,Utah,Big 12,,Kansas,Big 12,
401856808,6,2026-10-11T02:30:00.000Z,False,False,Arizona State,Big 12,,Hawai'i,Mountain West,
401860901,6,2026-10-11T02:30:00.000Z,False,False,Fresno State,Pac-12,,Boise State,Pac-12,
401871067,7,2026-10-13T23:00:00.000Z,False,False,Middle Tennessee,Conference USA,,Delaware,Conference USA,
401871053,7,2026-10-14T00:00:00.000Z,False,False,Jacksonville State,Conference USA,,Florida International,Conference USA,
401871054,7,2026-10-14T23:30:00.000Z,False,False,Missouri State,Conference USA,,Kennesaw State,Conference USA,
401871068,7,2026-10-15T00:00:00.000Z,False,False,Sam Houston,Conference USA,,Western Kentucky,Conference USA,
401869950,7,2026-10-15T23:30:00.000Z,False,False,Old Dominion,Sun Belt,,Georgia Southern,Sun Belt,
401862800,7,2026-10-15T23:30:00.000Z,False,False,UAB,American Athletic,,East Carolina,American Athletic,
401860923,7,2026-10-16T00:00:00.000Z,False,False,Texas State,Pac-12,,Colorado State,Pac-12,
401862801,7,2026-10-16T23:30:00.000Z,False,False,Tulane,American Athletic,,Memphis,American Athletic,
401869844,7,2026-10-17T00:00:00.000Z,False,False,Coastal Carolina,Sun Belt,,App State,Sun Belt,
401858493,7,2026-10-17T00:00:00.000Z,False,False,Purdue,Big Ten,,Washington,Big Ten,
401856833,7,2026-10-17T04:00:00.000Z,False,False,Colorado,Big 12,,Utah,Big 12,
401858269,7,2026-10-17T04:00:00.000Z,False,False,California,ACC,,Wake Forest,ACC,
401858492,7,2026-10-17T04:00:00.000Z,False,False,Oregon,Big Ten,,Nebraska,Big Ten,
401858494,7,2026-10-17T04:00:00.000Z,False,False,UCLA,Big Ten,,Wisconsin,Big Ten,
401858490,7,2026-10-17T04:00:00.000Z,False,False,Michigan,Big Ten,,Penn State,Big Ten,
401856829,7,2026-10-17T16:00:00.000Z,False,False,West Virginia,Big 12,,Cincinnati,Big 12,
401856720,7,2026-10-17T16:00:00.000Z,False,False,LSU,SEC,,Mississippi State,SEC,
401858261,7,2026-10-17T16:00:00.000Z,False,False,Clemson,ACC,,Charleston Southern,OVC,
401862802,7,2026-10-17T16:00:00.000Z,False,False,Army,American Athletic,,Florida Atlantic,American Athletic,
401869957,7,2026-10-17T16:00:00.000Z,False,False,James Madison,Sun Belt,,Georgia State,Sun Belt,
401858488,7,2026-10-17T16:00:00.000Z,False,False,Indiana,Big Ten,,Ohio State,Big Ten,
401858268,7,2026-10-17T16:00:00.000Z,False,False,SMU,ACC,,Virginia,ACC,
401858267,7,2026-10-17T16:00:00.000Z,False,False,Boston College,ACC,,Pittsburgh,ACC,
401856724,7,2026-10-17T16:00:00.000Z,False,False,Texas,SEC,,Florida,SEC,
401856830,7,2026-10-17T16:00:00.000Z,False,False,Kansas State,Big 12,,Kansas,Big 12,
401866441,7,2026-10-17T16:00:00.000Z,False,False,Bowling Green,Mid-American,,Ball State,Mid-American,
401858491,7,2026-10-17T16:00:00.000Z,False,False,Michigan State,Big Ten,,Northwestern,Big Ten,
401858489,7,2026-10-17T16:30:00.000Z,False,False,Maryland,Big Ten,,Rutgers,Big Ten,
401862803,7,2026-10-17T17:00:00.000Z,False,False,Temple,American Athletic,,Charlotte,American Athletic,
401866442,7,2026-10-17T17:00:00.000Z,False,False,Buffalo,Mid-American,,Massachusetts,Mid-American,
401856725,7,2026-10-17T17:00:00.000Z,False,False,Texas A&M,SEC,,The Citadel,Southern,
401866443,7,2026-10-17T17:30:00.000Z,False,False,Central Michigan,Mid-American,,Western Michigan,Mid-American,
401866478,7,2026-10-17T19:30:00.000Z,False,False,Miami (OH),Mid-American,,Akron,Mid-American,
401858264,7,2026-10-17T19:30:00.000Z,False,False,Virginia Tech,ACC,,Georgia Tech,ACC,
401858266,7,2026-10-17T19:30:00.000Z,False,False,Duke,ACC,,North Carolina,ACC,
401856723,7,2026-10-17T19:30:00.000Z,False,False,Tennessee,SEC,,Alabama,SEC,
401856721,7,2026-10-17T19:30:00.000Z,False,False,Ole Miss,SEC,,Missouri,SEC,
401856719,7,2026-10-17T19:30:00.000Z,False,False,Georgia,SEC,,Auburn,SEC,
401866444,7,2026-10-17T19:30:00.000Z,False,False,Eastern Michigan,Mid-American,,Toledo,Mid-American,
401864522,7,2026-10-17T19:30:00.000Z,False,False,Wyoming,Mountain West,,Northern Illinois,Mountain West,
401856828,7,2026-10-17T19:30:00.000Z,False,False,Texas Tech,Big 12,,Arizona State,Big 12,
401864524,7,2026-10-17T19:30:00.000Z,False,False,Air Force,Mountain West,,UNLV,Mountain West,
401862805,7,2026-10-17T20:30:00.000Z,False,False,Rice,American Athletic,,Tulsa,American Athletic,
401869966,7,2026-10-17T21:00:00.000Z,False,False,Louisiana,Sun Belt,,Troy,Sun Belt,
401860903,7,2026-10-17T22:00:00.000Z,False,False,Oregon State,Pac-12,,Washington State,Pac-12,
401856726,7,2026-10-17T23:00:00.000Z,False,False,Vanderbilt,SEC,,Arkansas,SEC,
401869934,7,2026-10-17T23:00:00.000Z,False,False,Southern Miss,Sun Belt,,Arkansas State,Sun Belt,
401862806,7,2026-10-17T23:00:00.000Z,False,False,South Florida,American Athletic,,Kent State,Mid-American,
401864520,7,2026-10-17T23:00:00.000Z,False,False,North Dakota State,Mountain West,,Nevada,Mountain West,
401856832,7,2026-10-17T23:00:00.000Z,False,False,Baylor,Big 12,,TCU,Big 12,
401858263,7,2026-10-17T23:00:00.000Z,False,False,Miami,ACC,,Florida State,ACC,
401856831,7,2026-10-17T23:30:00.000Z,False,False,Houston,Big 12,,Oklahoma State,Big 12,
401856722,7,2026-10-17T23:30:00.000Z,False,False,Oklahoma,SEC,,Kentucky,SEC,
401856809,7,2026-10-17T23:30:00.000Z,False,False,BYU,Big 12,,Notre Dame,FBS Independents,
401858265,7,2026-10-17T23:30:00.000Z,False,False,Syracuse,ACC,,Louisville,ACC,
401858262,7,2026-10-17T23:30:00.000Z,False,False,Stanford,ACC,,Elon,Coastal Athletic,
401871091,7,2026-10-18T00:00:00.000Z,False,False,UL Monroe,Sun Belt,,Louisiana Tech,Sun Belt,
401862804,7,2026-10-18T00:00:00.000Z,False,False,UTSA,American Athletic,,Navy,American Athletic,
401864523,7,2026-10-18T01:00:00.000Z,False,False,UTEP,Mountain West,,San José State,Mountain West,
401866445,7,2026-10-18T02:00:00.000Z,False,False,Sacramento State,Mid-American,,Ohio,Mid-American,
401860904,7,2026-10-18T02:30:00.000Z,False,False,San Diego State,Pac-12,,Fresno State,Pac-12,
401864521,7,2026-10-18T02:30:00.000Z,False,False,Hawai'i,Mountain West,,New Mexico,Mountain West,
401871069,8,2026-10-20T23:00:00.000Z,False,False,Delaware,Conference USA,,Missouri State,Conference USA,
401871055,8,2026-10-20T23:00:00.000Z,False,False,Florida International,Conference USA,,Middle Tennessee,Conference USA,
401871092,8,2026-10-20T23:30:00.000Z,False,False,Marshall,Sun Belt,,South Alabama,Sun Belt,
401871070,8,2026-10-22T00:00:00.000Z,False,False,Sam Houston,Conference USA,,New Mexico State,Conference USA,
401869845,8,2026-10-22T23:00:00.000Z,False,False,App State,Sun Belt,,James Madison,Sun Belt,
401871056,8,2026-10-22T23:00:00.000Z,False,False,Kennesaw State,Conference USA,,Liberty,Conference USA,
401862807,8,2026-10-22T23:30:00.000Z,False,False,Memphis,American Athletic,,East Carolina,American Athletic,
401858271,8,2026-10-23T23:00:00.000Z,False,False,Virginia,ACC,,Duke,ACC,
401861965,8,2026-10-23T23:00:00.000Z,False,False,UConn,FBS Independents,,Massachusetts,Mid-American,
401862808,8,2026-10-24T00:30:00.000Z,False,False,Tulsa,American Athletic,,Army,American Athletic,
401864525,8,2026-10-24T01:00:00.000Z,False,False,Wyoming,Mountain West,,Air Force,Mountain West,
401858272,8,2026-10-24T02:30:00.000Z,False,False,Stanford,ACC,,NC State,ACC,
401871093,8,2026-10-24T04:00:00.000Z,False,False,Louisiana Tech,Sun Belt,,Old Dominion,Sun Belt,
401871094,8,2026-10-24T04:00:00.000Z,False,False,Troy,Sun Belt,,UL Monroe,Sun Belt,
401869967,8,2026-10-24T04:00:00.000Z,False,False,Southern Miss,Sun Belt,,Louisiana,Sun Belt,
401866449,8,2026-10-24T04:00:00.000Z,False,False,Ohio,Mid-American,,Eastern Michigan,Mid-American,
401862809,8,2026-10-24T04:00:00.000Z,False,False,Florida Atlantic,American Athletic,,Rice,American Athletic,
401858500,8,2026-10-24T04:00:00.000Z,False,False,Wisconsin,Big Ten,,USC,Big Ten,
401856730,8,2026-10-24T04:00:00.000Z,False,False,Mississippi State,SEC,,Oklahoma,SEC,
401866450,8,2026-10-24T04:00:00.000Z,False,False,Toledo,Mid-American,,Western Michigan,Mid-American,
401858270,8,2026-10-24T04:00:00.000Z,False,False,SMU,ACC,,California,ACC,
401856727,8,2026-10-24T04:00:00.000Z,False,False,Alabama,SEC,,Texas A&M,SEC,
401856729,8,2026-10-24T04:00:00.000Z,False,False,Kentucky,SEC,,Vanderbilt,SEC,
401856731,8,2026-10-24T04:00:00.000Z,False,False,South Carolina,SEC,,Tennessee,SEC,
401856838,8,2026-10-24T04:00:00.000Z,False,False,Arizona,Big 12,,Iowa State,Big 12,
401856732,8,2026-10-24T04:00:00.000Z,False,False,Texas,SEC,,Ole Miss,SEC,
401858274,8,2026-10-24T04:00:00.000Z,False,False,Miami,ACC,,Pittsburgh,ACC,
401858275,8,2026-10-24T04:00:00.000Z,False,False,North Carolina,ACC,,Syracuse,ACC,
401866476,8,2026-10-24T04:00:00.000Z,False,False,Central Michigan,Mid-American,,Miami (OH),Mid-American,
401858276,8,2026-10-24T04:00:00.000Z,False,False,Clemson,ACC,,Virginia Tech,ACC,
401858496,8,2026-10-24T04:00:00.000Z,False,False,Michigan,Big Ten,,Indiana,Big Ten,
401866446,8,2026-10-24T04:00:00.000Z,False,False,Kent State,Mid-American,,Akron,Mid-American,
401858498,8,2026-10-24T04:00:00.000Z,False,False,Northwestern,Big Ten,,Rutgers,Big Ten,
401862811,8,2026-10-24T04:00:00.000Z,False,False,Tulane,American Athletic,,UTSA,American Athletic,
401866447,8,2026-10-24T04:00:00.000Z,False,False,Ball State,Mid-American,,Sacramento State,Mid-American,
401858497,8,2026-10-24T04:00:00.000Z,False,False,Minnesota,Big Ten,,Iowa,Big Ten,
401866448,8,2026-10-24T04:00:00.000Z,False,False,Buffalo,Mid-American,,Bowling Green,Mid-American,
401856836,8,2026-10-24T04:00:00.000Z,False,False,Oklahoma State,Big 12,,Colorado,Big 12,
401856840,8,2026-10-24T04:00:00.000Z,False,False,Cincinnati,Big 12,,Texas Tech,Big 12,
401856839,8,2026-10-24T04:00:00.000Z,False,False,Arizona State,Big 12,,Kansas State,Big 12,
401864526,8,2026-10-24T04:00:00.000Z,False,False,Northern Illinois,Mountain West,,Hawai'i,Mountain West,
401858495,8,2026-10-24T04:00:00.000Z,False,False,Illinois,Big Ten,,Oregon,Big Ten,
401858499,8,2026-10-24T04:00:00.000Z,False,False,UCLA,Big Ten,,Michigan State,Big Ten,
401856841,8,2026-10-24T04:00:00.000Z,False,False,TCU,Big 12,,West Virginia,Big 12,
401858273,8,2026-10-24T04:00:00.000Z,False,False,Georgia Tech,ACC,,Boston College,ACC,
401856834,8,2026-10-24T04:00:00.000Z,False,False,Kansas,Big 12,,Baylor,Big 12,
401856837,8,2026-10-24T04:00:00.000Z,False,False,Utah,Big 12,,Houston,Big 12,
401856835,8,2026-10-24T04:00:00.000Z,False,False,UCF,Big 12,,BYU,Big 12,
401856728,8,2026-10-24T16:00:00.000Z,False,False,Auburn,SEC,,LSU,SEC,
401862810,8,2026-10-24T19:30:00.000Z,False,False,Navy,American Athletic,,North Texas,American Athletic,
401864528,8,2026-10-24T21:00:00.000Z,False,False,Nevada,Mountain West,,San José State,Mountain West,
401860907,8,2026-10-24T22:00:00.000Z,False,False,Washington State,Pac-12,,Boise State,Pac-12,
401860905,8,2026-10-24T22:30:00.000Z,False,False,Colorado State,Pac-12,,San Diego State,Pac-12,
401869935,8,2026-10-24T23:00:00.000Z,False,False,Arkansas State,Sun Belt,,Georgia State,Sun Belt,
401860906,8,2026-10-24T23:30:00.000Z,False,False,Texas State,Pac-12,,Utah State,Pac-12,
401864527,8,2026-10-25T02:00:00.000Z,False,False,New Mexico,Mountain West,,North Dakota State,Mountain West,
401871071,9,2026-10-27T23:00:00.000Z,False,False,Western Kentucky,Conference USA,,Delaware,Conference USA,
401871072,9,2026-10-28T00:00:00.000Z,False,False,Missouri State,Conference USA,,Sam Houston,Conference USA,
401871058,9,2026-10-28T23:00:00.000Z,False,False,Middle Tennessee,Conference USA,,Kennesaw State,Conference USA,
401871057,9,2026-10-29T00:00:00.000Z,False,False,New Mexico State,Conference USA,,Jacksonville State,Conference USA,
401869963,9,2026-10-29T23:30:00.000Z,False,False,James Madison,Sun Belt,,Troy,Sun Belt,
401862812,9,2026-10-29T23:30:00.000Z,False,False,North Texas,American Athletic,,Florida Atlantic,American Athletic,
401862813,9,2026-10-30T23:00:00.000Z,False,False,Charlotte,American Athletic,,Tulane,American Athletic,
401856844,9,2026-10-30T23:30:00.000Z,False,False,UCF,Big 12,,Baylor,Big 12,
401866451,9,2026-10-31T02:30:00.000Z,False,False,Sacramento State,Mid-American,,Kent State,Mid-American,
401856845,9,2026-10-31T04:00:00.000Z,False,False,TCU,Big 12,,Kansas,Big 12,
401856735,9,2026-10-31T04:00:00.000Z,False,False,Ole Miss,SEC,,Auburn,SEC,
401856736,9,2026-10-31T04:00:00.000Z,False,False,Oklahoma,SEC,,South Carolina,SEC,
401856842,9,2026-10-31T04:00:00.000Z,False,False,Texas Tech,Big 12,,Arizona,Big 12,
401856846,9,2026-10-31T04:00:00.000Z,False,False,Colorado,Big 12,,Kansas State,Big 12,
401856848,9,2026-10-31T04:00:00.000Z,False,False,Cincinnati,Big 12,,Utah,Big 12,
401858508,9,2026-10-31T04:00:00.000Z,False,False,UCLA,Big Ten,,Nevada,Mountain West,
401858503,9,2026-10-31T04:00:00.000Z,False,False,Maryland,Big Ten,,Illinois,Big Ten,
401858280,9,2026-10-31T04:00:00.000Z,False,False,Florida State,ACC,,Clemson,ACC,
401858284,9,2026-10-31T04:00:00.000Z,False,False,Wake Forest,ACC,,Virginia,ACC,
401856847,9,2026-10-31T04:00:00.000Z,False,False,Iowa State,Big 12,,Oklahoma State,Big 12,
401856733,9,2026-10-31T04:00:00.000Z,False,False,Arkansas,SEC,,Missouri,SEC,
401871097,9,2026-10-31T04:00:00.000Z,False,False,South Alabama,Sun Belt,,Louisiana Tech,Sun Belt,
401858506,9,2026-10-31T04:00:00.000Z,False,False,Penn State,Big Ten,,Purdue,Big Ten,
401864529,9,2026-10-31T04:00:00.000Z,False,False,San José State,Mountain West,,New Mexico,Mountain West,
401858283,9,2026-10-31T04:00:00.000Z,False,False,Louisville,ACC,,Stanford,ACC,
401858509,9,2026-10-31T04:00:00.000Z,False,False,USC,Big Ten,,Ohio State,Big Ten,
401860924,9,2026-10-31T04:00:00.000Z,False,False,Fresno State,Pac-12,,Oregon State,Pac-12,
401862814,9,2026-10-31T04:00:00.000Z,False,False,Memphis,American Athletic,,Army,American Athletic,
401858277,9,2026-10-31T04:00:00.000Z,False,False,NC State,ACC,,California,ACC,
401869944,9,2026-10-31T04:00:00.000Z,False,False,Georgia State,Sun Belt,,Coastal Carolina,Sun Belt,
401871096,9,2026-10-31T04:00:00.000Z,False,False,Old Dominion,Sun Belt,,Marshall,Sun Belt,
401871095,9,2026-10-31T04:00:00.000Z,False,False,UL Monroe,Sun Belt,,Southern Miss,Sun Belt,
401869846,9,2026-10-31T04:00:00.000Z,False,False,Georgia Southern,Sun Belt,,App State,Sun Belt,
401858502,9,2026-10-31T04:00:00.000Z,False,False,Iowa,Big Ten,,Wisconsin,Big Ten,
401858501,9,2026-10-31T04:00:00.000Z,False,False,Indiana,Big Ten,,Minnesota,Big Ten,
401858282,9,2026-10-31T04:00:00.000Z,False,False,North Carolina,ACC,,Miami,ACC,
401858279,9,2026-10-31T04:00:00.000Z,False,False,Duke,ACC,,Boston College,ACC,
401858278,9,2026-10-31T04:00:00.000Z,False,False,Syracuse,ACC,,SMU,ACC,
401862815,9,2026-10-31T04:00:00.000Z,False,False,East Carolina,American Athletic,,Temple,American Athletic,
401856737,9,2026-10-31T04:00:00.000Z,False,False,Texas,SEC,,Mississippi State,SEC,
401858504,9,2026-10-31T04:00:00.000Z,False,False,Nebraska,Big Ten,,Washington,Big Ten,
401858507,9,2026-10-31T04:00:00.000Z,False,False,Rutgers,Big Ten,,Michigan,Big Ten,
401858505,9,2026-10-31T04:00:00.000Z,False,False,Oregon,Big Ten,,Northwestern,Big Ten,
401858281,9,2026-10-31T04:00:00.000Z,False,False,Pittsburgh,ACC,,Georgia Tech,ACC,
401856843,9,2026-10-31T04:00:00.000Z,False,False,BYU,Big 12,,Arizona State,Big 12,
401862816,9,2026-10-31T04:00:00.000Z,False,False,South Florida,American Athletic,,UAB,American Athletic,
401866452,9,2026-10-31T16:00:00.000Z,False,False,Western Michigan,Mid-American,,Bowling Green,Mid-American,
401859185,9,2026-10-31T16:00:00.000Z,False,True,Navy,American Athletic,,Notre Dame,FBS Independents,
401861966,9,2026-10-31T19:00:00.000Z,False,False,Air Force,Mountain West,,UConn,FBS Independents,
401856734,9,2026-10-31T19:30:00.000Z,False,True,Georgia,SEC,,Florida,SEC,
401860910,9,2026-10-31T19:30:00.000Z,False,False,Utah State,Pac-12,,Colorado State,Pac-12,
401864531,9,2026-10-31T19:30:00.000Z,False,False,North Dakota State,Mountain West,,UTEP,Mountain West,
401871059,9,2026-10-31T19:30:00.000Z,False,False,Liberty,Conference USA,,Florida International,Conference USA,
401860909,9,2026-10-31T23:00:00.000Z,False,False,San Diego State,Pac-12,,Washington State,Pac-12,
401860908,9,2026-11-01T02:00:00.000Z,False,False,Boise State,Pac-12,,Texas State,Pac-12,
401864530,9,2026-11-01T02:30:00.000Z,False,False,UNLV,Mountain West,,Northern Illinois,Mountain West,
401866454,10,2026-11-04T00:00:00.000Z,False,False,Miami (OH),Mid-American,,Buffalo,Mid-American,
401866453,10,2026-11-04T00:00:00.000Z,False,False,Akron,Mid-American,,Ohio,Mid-American,
401866456,10,2026-11-04T05:00:00.000Z,False,True,Eastern Michigan,Mid-American,,Central Michigan,Mid-American,
401866457,10,2026-11-04T05:00:00.000Z,False,False,Sacramento State,Mid-American,,Toledo,Mid-American,
401866455,10,2026-11-04T05:00:00.000Z,False,False,Massachusetts,Mid-American,,Ball State,Mid-American,
401862817,10,2026-11-06T01:00:00.000Z,False,False,Florida Atlantic,American Athletic,,UTSA,American Athletic,
401869964,10,2026-11-06T01:00:00.000Z,False,False,Southern Miss,Sun Belt,,James Madison,Sun Belt,
401858288,10,2026-11-07T00:00:00.000Z,False,False,SMU,ACC,,Virginia Tech,ACC,
401862818,10,2026-11-07T00:30:00.000Z,False,False,East Carolina,American Athletic,,South Florida,American Athletic,
401858510,10,2026-11-07T01:00:00.000Z,False,False,Illinois,Big Ten,,Nebraska,Big Ten,
401864533,10,2026-11-07T02:00:00.000Z,False,False,Nevada,Mountain West,,New Mexico,Mountain West,
401856855,10,2026-11-07T03:15:00.000Z,False,False,Arizona,Big 12,,TCU,Big 12,
401856743,10,2026-11-07T05:00:00.000Z,False,False,Missouri,SEC,,Texas,SEC,
401856744,10,2026-11-07T05:00:00.000Z,False,False,South Carolina,SEC,,Texas A&M,SEC,
401869945,10,2026-11-07T05:00:00.000Z,False,False,Coastal Carolina,Sun Belt,,Old Dominion,Sun Belt,
401856856,10,2026-11-07T05:00:00.000Z,False,False,Texas Tech,Big 12,,West Virginia,Big 12,
401858290,10,2026-11-07T05:00:00.000Z,False,False,Wake Forest,ACC,,Merrimack,FCS Independents,
401858287,10,2026-11-07T05:00:00.000Z,False,False,Georgia Tech,ACC,,Louisville,ACC,
401856738,10,2026-11-07T05:00:00.000Z,False,False,Auburn,SEC,,Arkansas,SEC,
401856850,10,2026-11-07T05:00:00.000Z,False,False,Kansas,Big 12,,UCF,Big 12,
401856849,10,2026-11-07T05:00:00.000Z,False,False,Utah,Big 12,,BYU,Big 12,
401862822,10,2026-11-07T05:00:00.000Z,False,False,Tulane,American Athletic,,Tulsa,American Athletic,
401856851,10,2026-11-07T05:00:00.000Z,False,False,Houston,Big 12,,Cincinnati,Big 12,
401856854,10,2026-11-07T05:00:00.000Z,False,False,Kansas State,Big 12,,Oklahoma State,Big 12,
401856740,10,2026-11-07T05:00:00.000Z,False,False,LSU,SEC,,Alabama,SEC,
401858285,10,2026-11-07T05:00:00.000Z,False,False,Syracuse,ACC,,Clemson,ACC,
401856853,10,2026-11-07T05:00:00.000Z,False,False,Baylor,Big 12,,Iowa State,Big 12,
401869951,10,2026-11-07T05:00:00.000Z,False,False,Georgia Southern,Sun Belt,,Marshall,Sun Belt,
401869968,10,2026-11-07T05:00:00.000Z,False,False,Louisiana,Sun Belt,,South Alabama,Sun Belt,
401858286,10,2026-11-07T05:00:00.000Z,False,False,NC State,ACC,,Duke,ACC,
401856852,10,2026-11-07T05:00:00.000Z,False,False,Arizona State,Big 12,,Colorado,Big 12,
401858511,10,2026-11-07T05:00:00.000Z,False,False,Michigan,Big Ten,,Michigan State,Big Ten,
401864532,10,2026-11-07T05:00:00.000Z,False,False,UTEP,Mountain West,,Hawai'i,Mountain West,
401858517,10,2026-11-07T05:00:00.000Z,False,False,Wisconsin,Big Ten,,Rutgers,Big Ten,
401856739,10,2026-11-07T05:00:00.000Z,False,False,Florida,SEC,,Oklahoma,SEC,
401858289,10,2026-11-07T05:00:00.000Z,False,False,Boston College,ACC,,Florida State,ACC,
401869927,10,2026-11-07T05:00:00.000Z,False,False,App State,Sun Belt,,Georgia State,Sun Belt,
401858515,10,2026-11-07T05:00:00.000Z,False,False,Purdue,Big Ten,,Maryland,Big Ten,
401856741,10,2026-11-07T05:00:00.000Z,False,False,Ole Miss,SEC,,Georgia,SEC,
401856742,10,2026-11-07T05:00:00.000Z,False,False,Mississippi State,SEC,,Vanderbilt,SEC,
401856745,10,2026-11-07T05:00:00.000Z,False,False,Tennessee,SEC,,Kentucky,SEC,
401858513,10,2026-11-07T05:00:00.000Z,False,False,Northwestern,Big Ten,,Iowa,Big Ten,
401858514,10,2026-11-07T05:00:00.000Z,False,False,Ohio State,Big Ten,,Oregon,Big Ten,
401871098,10,2026-11-07T05:00:00.000Z,False,False,Troy,Sun Belt,,Louisiana Tech,Sun Belt,
401862819,10,2026-11-07T05:00:00.000Z,False,False,UAB,American Athletic,,Charlotte,American Athletic,
401858516,10,2026-11-07T05:00:00.000Z,False,False,Washington,Big Ten,,Penn State,Big Ten,
401864534,10,2026-11-07T05:00:00.000Z,False,False,San José State,Mountain West,,Northern Illinois,Mountain West,
401862821,10,2026-11-07T05:00:00.000Z,False,False,North Texas,American Athletic,,Rice,American Athletic,
401858512,10,2026-11-07T05:00:00.000Z,False,False,Minnesota,Big Ten,,UCLA,Big Ten,
401858292,10,2026-11-07T17:00:00.000Z,False,False,UConn,FBS Independents,,North Carolina,ACC,
401869936,10,2026-11-07T20:00:00.000Z,False,False,Arkansas State,Sun Belt,,UL Monroe,Sun Belt,
401871073,10,2026-11-07T20:00:00.000Z,False,False,Kennesaw State,Conference USA,,Delaware,Conference USA,
401862820,10,2026-11-07T20:30:00.000Z,False,False,Navy,American Athletic,,Temple,American Athletic,
401871076,10,2026-11-07T20:30:00.000Z,False,False,Middle Tennessee,Conference USA,,Western Kentucky,Conference USA,
401871074,10,2026-11-07T21:00:00.000Z,False,False,Florida International,Conference USA,,Missouri State,Conference USA,
401870795,10,2026-11-07T22:00:00.000Z,False,False,New Mexico State,Conference USA,,Liberty,Conference USA,
401860911,10,2026-11-07T23:00:00.000Z,False,False,Colorado State,Pac-12,,Boise State,Pac-12,
401871075,10,2026-11-08T00:00:00.000Z,False,False,Jacksonville State,Conference USA,,Sam Houston,Conference USA,
401858291,10,2026-11-08T00:30:00.000Z,False,False,Notre Dame,FBS Independents,,Miami,ACC,
401862823,10,2026-11-08T00:30:00.000Z,False,False,Army,American Athletic,,Air Force,Mountain West,
401860913,10,2026-11-08T02:30:00.000Z,False,False,Utah State,Pac-12,,Fresno State,Pac-12,
401864535,10,2026-11-08T03:30:00.000Z,False,False,UNLV,Mountain West,,Wyoming,Mountain West,
401860912,10,2026-11-08T03:30:00.000Z,False,False,Oregon State,Pac-12,,Texas State,Pac-12,
401866460,11,2026-11-11T00:00:00.000Z,False,False,Miami (OH),Mid-American,,Ohio,Mid-American,
401866459,11,2026-11-11T00:00:00.000Z,False,False,Bowling Green,Mid-American,,Kent State,Mid-American,
401866458,11,2026-11-11T00:00:00.000Z,False,False,Akron,Mid-American,,Western Michigan,Mid-American,
401866461,11,2026-11-11T05:00:00.000Z,False,False,Ball State,Mid-American,,Buffalo,Mid-American,
401866462,11,2026-11-11T05:00:00.000Z,False,False,Central Michigan,Mid-American,,Sacramento State,Mid-American,
401866463,11,2026-11-11T05:00:00.000Z,False,False,Toledo,Mid-American,,Massachusetts,Mid-American,
401862824,11,2026-11-13T01:00:00.000Z,False,False,South Florida,American Athletic,,Memphis,American Athletic,
401869969,11,2026-11-13T02:00:00.000Z,False,False,UL Monroe,Sun Belt,,Louisiana,Sun Belt,
401858293,11,2026-11-14T00:00:00.000Z,False,False,Pittsburgh,ACC,,Florida State,ACC,
401858526,11,2026-11-14T02:00:00.000Z,False,False,UCLA,Big Ten,,Illinois,Big Ten,
401856860,11,2026-11-14T03:15:00.000Z,False,False,Colorado,Big 12,,Houston,Big 12,
401856857,11,2026-11-14T05:00:00.000Z,False,False,UCF,Big 12,,Arizona State,Big 12,
401869928,11,2026-11-14T05:00:00.000Z,False,False,Marshall,Sun Belt,,App State,Sun Belt,
401871099,11,2026-11-14T05:00:00.000Z,False,False,Louisiana Tech,Sun Belt,,Southern Miss,Sun Belt,
401858295,11,2026-11-14T05:00:00.000Z,False,False,Virginia,ACC,,California,ACC,
401856882,11,2026-11-14T05:00:00.000Z,False,False,Arkansas,SEC,,South Carolina,SEC,
401858518,11,2026-11-14T05:00:00.000Z,False,False,Indiana,Big Ten,,USC,Big Ten,
401871100,11,2026-11-14T05:00:00.000Z,False,False,South Alabama,Sun Belt,,Troy,Sun Belt,
401864536,11,2026-11-14T05:00:00.000Z,False,False,Northern Illinois,Mountain West,,Nevada,Mountain West,
401869952,11,2026-11-14T05:00:00.000Z,False,False,Georgia State,Sun Belt,,Georgia Southern,Sun Belt,
401862829,11,2026-11-14T05:00:00.000Z,False,False,Temple,American Athletic,,UAB,American Athletic,
401869937,11,2026-11-14T05:00:00.000Z,False,False,Coastal Carolina,Sun Belt,,Arkansas State,Sun Belt,
401864540,11,2026-11-14T05:00:00.000Z,False,False,UTEP,Mountain West,,Wyoming,Mountain West,
401856861,11,2026-11-14T05:00:00.000Z,False,False,West Virginia,Big 12,,Kansas,Big 12,
401856862,11,2026-11-14T05:00:00.000Z,False,False,TCU,Big 12,,Kansas State,Big 12,
401856863,11,2026-11-14T05:00:00.000Z,False,False,Oklahoma State,Big 12,,Texas Tech,Big 12,
401856864,11,2026-11-14T05:00:00.000Z,False,False,Arizona,Big 12,,Utah,Big 12,
401856883,11,2026-11-14T05:00:00.000Z,False,False,Georgia,SEC,,Missouri,SEC,
401856884,11,2026-11-14T05:00:00.000Z,False,False,Kentucky,SEC,,Florida,SEC,
401856886,11,2026-11-14T05:00:00.000Z,False,False,Mississippi State,SEC,,Auburn,SEC,
401856887,11,2026-11-14T05:00:00.000Z,False,False,Oklahoma,SEC,,Ole Miss,SEC,
401858296,11,2026-11-14T05:00:00.000Z,False,False,Miami,ACC,,Duke,ACC,
401858297,11,2026-11-14T05:00:00.000Z,False,False,Clemson,ACC,,Georgia Tech,ACC,
401858300,11,2026-11-14T05:00:00.000Z,False,False,NC State,ACC,,Syracuse,ACC,
401858301,11,2026-11-14T05:00:00.000Z,False,False,SMU,ACC,,Wake Forest,ACC,
401858520,11,2026-11-14T05:00:00.000Z,False,False,Maryland,Big Ten,,Wisconsin,Big Ten,
401858522,11,2026-11-14T05:00:00.000Z,False,False,Ohio State,Big Ten,,Northwestern,Big Ten,
401862825,11,2026-11-14T05:00:00.000Z,False,False,Charlotte,American Athletic,,East Carolina,American Athletic,
401862826,11,2026-11-14T05:00:00.000Z,False,False,Tulsa,American Athletic,,Florida Atlantic,American Athletic,
401862827,11,2026-11-14T05:00:00.000Z,False,False,UTSA,American Athletic,,North Texas,American Athletic,
401862828,11,2026-11-14T05:00:00.000Z,False,False,Rice,American Athletic,,Tulane,American Athletic,
401858298,11,2026-11-14T05:00:00.000Z,False,False,North Carolina,ACC,,Louisville,ACC,
401858524,11,2026-11-14T05:00:00.000Z,False,False,Penn State,Big Ten,,Minnesota,Big Ten,
401856858,11,2026-11-14T05:00:00.000Z,False,False,BYU,Big 12,,Baylor,Big 12,
401858523,11,2026-11-14T05:00:00.000Z,False,False,Oregon,Big Ten,,Michigan,Big Ten,
401858521,11,2026-11-14T05:00:00.000Z,False,False,Michigan State,Big Ten,,Washington,Big Ten,
401858299,11,2026-11-14T05:00:00.000Z,False,False,Virginia Tech,ACC,,Stanford,ACC,
401856888,11,2026-11-14T05:00:00.000Z,False,False,Texas A&M,SEC,,Tennessee,SEC,
401856885,11,2026-11-14T05:00:00.000Z,False,False,LSU,SEC,,Texas,SEC,
401856859,11,2026-11-14T05:00:00.000Z,False,False,Iowa State,Big 12,,Cincinnati,Big 12,
401858519,11,2026-11-14T05:00:00.000Z,False,False,Iowa,Big Ten,,Purdue,Big Ten,
401856889,11,2026-11-14T05:00:00.000Z,False,False,Vanderbilt,SEC,,Alabama,SEC,
401858525,11,2026-11-14T05:00:00.000Z,False,False,Rutgers,Big Ten,,Nebraska,Big Ten,
401861967,11,2026-11-14T17:00:00.000Z,False,False,UConn,FBS Independents,,James Madison,Sun Belt,
401870769,11,2026-11-14T19:00:00.000Z,False,False,Sam Houston,Conference USA,,Kennesaw State,Conference USA,
401870796,11,2026-11-14T20:00:00.000Z,False,False,Missouri State,Conference USA,,New Mexico State,Conference USA,
401871060,11,2026-11-14T20:00:00.000Z,False,False,Delaware,Conference USA,,Florida International,Conference USA,
401871061,11,2026-11-14T20:30:00.000Z,False,False,Liberty,Conference USA,,Middle Tennessee,Conference USA,
401870752,11,2026-11-14T20:30:00.000Z,False,False,Western Kentucky,Conference USA,,Jacksonville State,Conference USA,
401858294,11,2026-11-14T20:30:00.000Z,False,False,Notre Dame,FBS Independents,,Boston College,ACC,
401860916,11,2026-11-14T21:00:00.000Z,False,False,Texas State,Pac-12,,Fresno State,Pac-12,
401860914,11,2026-11-14T23:00:00.000Z,False,False,Boise State,Pac-12,,Oregon State,Pac-12,
401864538,11,2026-11-15T00:00:00.000Z,False,False,Air Force,Mountain West,,San José State,Mountain West,
401864539,11,2026-11-15T00:30:00.000Z,False,False,New Mexico,Mountain West,,UNLV,Mountain West,
401860915,11,2026-11-15T02:30:00.000Z,False,False,San Diego State,Pac-12,,Utah State,Pac-12,
401860917,11,2026-11-15T03:30:00.000Z,False,False,Washington State,Pac-12,,Colorado State,Pac-12,
401864537,11,2026-11-15T04:59:00.000Z,False,False,Hawai'i,Mountain West,,North Dakota State,Mountain West,
401866466,12,2026-11-18T00:00:00.000Z,False,False,Kent State,Mid-American,,Miami (OH),Mid-American,
401866465,12,2026-11-18T00:00:00.000Z,False,False,Western Michigan,Mid-American,,Eastern Michigan,Mid-American,
401866464,12,2026-11-18T00:00:00.000Z,False,False,Ohio,Mid-American,,Ball State,Mid-American,
401866467,12,2026-11-18T05:00:00.000Z,False,False,Massachusetts,Mid-American,,Akron,Mid-American,
401866469,12,2026-11-18T05:00:00.000Z,False,False,Buffalo,Mid-American,,Central Michigan,Mid-American,
401862830,12,2026-11-20T00:30:00.000Z,False,False,Temple,American Athletic,,Rice,American Athletic,
401856869,12,2026-11-20T23:00:00.000Z,False,False,UCF,Big 12,,Iowa State,Big 12,
401866468,12,2026-11-21T00:30:00.000Z,False,False,Toledo,Mid-American,,Bowling Green,Mid-American,
401858303,12,2026-11-21T00:30:00.000Z,False,False,Duke,ACC,,Clemson,ACC,
401864545,12,2026-11-21T01:00:00.000Z,False,False,Air Force,Mountain West,,UTEP,Mountain West,
401858529,12,2026-11-21T01:00:00.000Z,False,False,Michigan State,Big Ten,,Oregon,Big Ten,
401869946,12,2026-11-21T05:00:00.000Z,False,False,Louisiana,Sun Belt,,Coastal Carolina,Sun Belt,
401858302,12,2026-11-21T05:00:00.000Z,False,False,Miami,ACC,,Virginia Tech,ACC,
401856872,12,2026-11-21T05:00:00.000Z,False,False,TCU,Big 12,,Utah,Big 12,
401856751,12,2026-11-21T05:00:00.000Z,False,False,Missouri,SEC,,Kentucky,SEC,
401856866,12,2026-11-21T05:00:00.000Z,False,False,Kansas,Big 12,,BYU,Big 12,
401858306,12,2026-11-21T05:00:00.000Z,False,False,Louisville,ACC,,Pittsburgh,ACC,
401858309,12,2026-11-21T05:00:00.000Z,False,False,Boston College,ACC,,Syracuse,ACC,
401856871,12,2026-11-21T05:00:00.000Z,False,False,Baylor,Big 12,,Texas Tech,Big 12,
401869953,12,2026-11-21T05:00:00.000Z,False,False,Troy,Sun Belt,,Georgia Southern,Sun Belt,
401871101,12,2026-11-21T05:00:00.000Z,False,False,Southern Miss,Sun Belt,,South Alabama,Sun Belt,
401858304,12,2026-11-21T05:00:00.000Z,False,False,Florida State,ACC,,NC State,ACC,
401856867,12,2026-11-21T05:00:00.000Z,False,False,Cincinnati,Big 12,,Colorado,Big 12,
401856870,12,2026-11-21T05:00:00.000Z,False,False,Arizona State,Big 12,,Oklahoma State,Big 12,
401856868,12,2026-11-21T05:00:00.000Z,False,False,West Virginia,Big 12,,Houston,Big 12,
401856865,12,2026-11-21T05:00:00.000Z,False,False,Kansas State,Big 12,,Arizona,Big 12,
401856754,12,2026-11-21T05:00:00.000Z,False,False,Tennessee,SEC,,LSU,SEC,
401856753,12,2026-11-21T05:00:00.000Z,False,False,South Carolina,SEC,,Georgia,SEC,
401856752,12,2026-11-21T05:00:00.000Z,False,False,Oklahoma,SEC,,Texas A&M,SEC,
401869938,12,2026-11-21T05:00:00.000Z,False,False,Louisiana Tech,Sun Belt,,Arkansas State,Sun Belt,
401858527,12,2026-11-21T05:00:00.000Z,False,False,Illinois,Big Ten,,Iowa,Big Ten,
401858308,12,2026-11-21T05:00:00.000Z,False,False,California,ACC,,Stanford,ACC,
401858305,12,2026-11-21T05:00:00.000Z,False,False,Virginia,ACC,,North Carolina,ACC,
401856748,12,2026-11-21T05:00:00.000Z,False,False,Florida,SEC,,Vanderbilt,SEC,
401856755,12,2026-11-21T05:00:00.000Z,False,False,Texas,SEC,,Arkansas,SEC,
401858533,12,2026-11-21T05:00:00.000Z,False,False,Purdue,Big Ten,,Wisconsin,Big Ten,
401862833,12,2026-11-21T05:00:00.000Z,False,False,Florida Atlantic,American Athletic,,South Florida,American Athletic,
401858310,12,2026-11-21T05:00:00.000Z,False,False,Georgia Tech,ACC,,Wake Forest,ACC,
401869929,12,2026-11-21T05:00:00.000Z,False,False,App State,Sun Belt,,UL Monroe,Sun Belt,
401858528,12,2026-11-21T05:00:00.000Z,False,False,Michigan,Big Ten,,UCLA,Big Ten,
401858530,12,2026-11-21T05:00:00.000Z,False,False,Minnesota,Big Ten,,Northwestern,Big Ten,
401858531,12,2026-11-21T05:00:00.000Z,False,False,Nebraska,Big Ten,,Ohio State,Big Ten,
401858532,12,2026-11-21T05:00:00.000Z,False,False,Penn State,Big Ten,,Rutgers,Big Ten,
401858534,12,2026-11-21T05:00:00.000Z,False,False,USC,Big Ten,,Maryland,Big Ten,
401858535,12,2026-11-21T05:00:00.000Z,False,False,Washington,Big Ten,,Indiana,Big Ten,
401862832,12,2026-11-21T05:00:00.000Z,False,False,Tulsa,American Athletic,,Charlotte,American Athletic,
401862835,12,2026-11-21T05:00:00.000Z,False,False,Tulane,American Athletic,,North Texas,American Athletic,
401864541,12,2026-11-21T05:00:00.000Z,False,False,Nevada,Mountain West,,Hawai'i,Mountain West,
401869958,12,2026-11-21T05:00:00.000Z,False,False,Marshall,Sun Belt,,Georgia State,Sun Belt,
401862836,12,2026-11-21T05:00:00.000Z,False,False,UAB,American Athletic,,UTSA,American Athletic,
401862834,12,2026-11-21T17:00:00.000Z,False,False,Navy,American Athletic,,Memphis,American Athletic,
401862831,12,2026-11-21T17:00:00.000Z,False,False,Army,American Athletic,,East Carolina,American Athletic,
401856749,12,2026-11-21T17:00:00.000Z,False,False,Ole Miss,SEC,,Wofford,Southern,
401871080,12,2026-11-21T18:00:00.000Z,False,False,Liberty,Conference USA,,Western Kentucky,Conference USA,
401856750,12,2026-11-21T18:00:00.000Z,False,False,Mississippi State,SEC,,Tennessee Tech,Southern,
401871081,12,2026-11-21T19:00:00.000Z,False,False,Sam Houston,Conference USA,,Middle Tennessee,Conference USA,
401871079,12,2026-11-21T19:00:00.000Z,False,False,Jacksonville State,Conference USA,,Missouri State,Conference USA,
401856746,12,2026-11-21T19:00:00.000Z,False,False,Alabama,SEC,,Chattanooga,Southern,
401871077,12,2026-11-21T20:00:00.000Z,False,False,New Mexico State,Conference USA,,Delaware,Conference USA,
401871078,12,2026-11-21T20:00:00.000Z,False,False,Kennesaw State,Conference USA,,Florida International,Conference USA,
401856747,12,2026-11-21T20:30:00.000Z,False,False,Auburn,SEC,,Samford,Southern,
401861968,12,2026-11-21T20:30:00.000Z,False,False,UConn,FBS Independents,,Old Dominion,Sun Belt,
401864543,12,2026-11-21T21:00:00.000Z,False,False,North Dakota State,Mountain West,,Northern Illinois,Mountain West,
401860920,12,2026-11-21T23:00:00.000Z,False,False,Texas State,Pac-12,,Washington State,Pac-12,
401864544,12,2026-11-22T00:00:00.000Z,False,False,San José State,Mountain West,,UNLV,Mountain West,
401858307,12,2026-11-22T00:30:00.000Z,False,False,Notre Dame,FBS Independents,,SMU,ACC,
401860918,12,2026-11-22T00:30:00.000Z,False,False,Fresno State,Pac-12,,Colorado State,Pac-12,
401864542,12,2026-11-22T02:00:00.000Z,False,False,Wyoming,Mountain West,,New Mexico,Mountain West,
401860925,12,2026-11-22T02:30:00.000Z,False,False,Boise State,Pac-12,,San Diego State,Pac-12,
401860919,12,2026-11-22T03:30:00.000Z,False,False,Oregon State,Pac-12,,Utah State,Pac-12,
401866471,13,2026-11-24T05:00:00.000Z,False,False,Western Michigan,Mid-American,,Miami (OH),Mid-American,
401866470,13,2026-11-25T00:00:00.000Z,False,False,Eastern Michigan,Mid-American,,Kent State,Mid-American,
401856879,13,2026-11-27T01:00:00.000Z,False,False,Texas Tech,Big 12,,TCU,Big 12,
401862838,13,2026-11-27T05:00:00.000Z,False,False,Memphis,American Athletic,,Temple,American Athletic,
401862837,13,2026-11-27T05:00:00.000Z,False,False,East Carolina,American Athletic,,Florida Atlantic,American Athletic,
401862839,13,2026-11-27T05:00:00.000Z,False,False,South Florida,American Athletic,,Tulane,American Athletic,
401866473,13,2026-11-27T17:00:00.000Z,False,False,Ohio,Mid-American,,Toledo,Mid-American,
401858536,13,2026-11-27T17:00:00.000Z,False,False,Iowa,Big Ten,,Nebraska,Big Ten,
401866472,13,2026-11-27T17:00:00.000Z,False,False,Akron,Mid-American,,Buffalo,Mid-American,
401856762,13,2026-11-27T17:00:00.000Z,False,False,Ole Miss,SEC,,Mississippi State,SEC,
401869930,13,2026-11-27T20:00:00.000Z,False,False,South Alabama,Sun Belt,,App State,Sun Belt,
401856759,13,2026-11-27T20:30:00.000Z,False,False,Florida State,ACC,,Florida,SEC,
401864549,13,2026-11-27T20:30:00.000Z,False,False,San José State,Mountain West,,North Dakota State,Mountain West,
401858544,13,2026-11-28T00:30:00.000Z,False,False,Wisconsin,Big Ten,,Minnesota,Big Ten,
401856756,13,2026-11-28T00:30:00.000Z,False,False,Texas A&M,SEC,,Texas,SEC,
401856880,13,2026-11-28T02:00:00.000Z,False,False,Utah,Big 12,,West Virginia,Big 12,
401858315,13,2026-11-28T05:00:00.000Z,False,False,California,ACC,,Pittsburgh,ACC,
401869954,13,2026-11-28T05:00:00.000Z,False,False,Georgia Southern,Sun Belt,,Louisiana Tech,Sun Belt,
401864550,13,2026-11-28T05:00:00.000Z,False,False,Northern Illinois,Mountain West,,UTEP,Mountain West,
401862843,13,2026-11-28T05:00:00.000Z,False,False,North Texas,American Athletic,,UAB,American Athletic,
401862840,13,2026-11-28T05:00:00.000Z,False,False,UTSA,American Athletic,,Tulsa,American Athletic,
401858313,13,2026-11-28T05:00:00.000Z,False,False,North Carolina,ACC,,NC State,ACC,
401856878,13,2026-11-28T05:00:00.000Z,False,False,Iowa State,Big 12,,Kansas State,Big 12,
401856877,13,2026-11-28T05:00:00.000Z,False,False,Oklahoma State,Big 12,,Kansas,Big 12,
401856765,13,2026-11-28T05:00:00.000Z,False,False,Vanderbilt,SEC,,Tennessee,SEC,
401856758,13,2026-11-28T05:00:00.000Z,False,False,Arkansas,SEC,,LSU,SEC,
401856757,13,2026-11-28T05:00:00.000Z,False,False,Alabama,SEC,,Auburn,SEC,
401858314,13,2026-11-28T05:00:00.000Z,False,False,Syracuse,ACC,,Notre Dame,FBS Independents,
401861969,13,2026-11-28T05:00:00.000Z,False,False,Wyoming,Mountain West,,UConn,FBS Independents,
401869947,13,2026-11-28T05:00:00.000Z,False,False,James Madison,Sun Belt,,Coastal Carolina,Sun Belt,
401856876,13,2026-11-28T05:00:00.000Z,False,False,BYU,Big 12,,Cincinnati,Big 12,
401856764,13,2026-11-28T05:00:00.000Z,False,False,Clemson,ACC,,South Carolina,SEC,
401862841,13,2026-11-28T05:00:00.000Z,False,False,Rice,American Athletic,,Army,American Athletic,
401862842,13,2026-11-28T05:00:00.000Z,False,False,Charlotte,American Athletic,,Navy,American Athletic,
401869959,13,2026-11-28T05:00:00.000Z,False,False,Georgia State,Sun Belt,,Louisiana,Sun Belt,
401856873,13,2026-11-28T05:00:00.000Z,False,False,Arizona,Big 12,,Arizona State,Big 12,
401856875,13,2026-11-28T05:00:00.000Z,False,False,Colorado,Big 12,,UCF,Big 12,
401856761,13,2026-11-28T05:00:00.000Z,False,False,Kentucky,SEC,,Louisville,ACC,
401856760,13,2026-11-28T05:00:00.000Z,False,False,Georgia,SEC,,Georgia Tech,ACC,
401858538,13,2026-11-28T05:00:00.000Z,False,False,Indiana,Big Ten,,Purdue,Big Ten,
401858312,13,2026-11-28T05:00:00.000Z,False,False,Wake Forest,ACC,,Duke,ACC,
401858311,13,2026-11-28T05:00:00.000Z,False,False,Miami,ACC,,Boston College,ACC,
401858539,13,2026-11-28T05:00:00.000Z,False,False,Maryland,Big Ten,,Penn State,Big Ten,
401858543,13,2026-11-28T05:00:00.000Z,False,False,UCLA,Big Ten,,USC,Big Ten,
401856763,13,2026-11-28T05:00:00.000Z,False,False,Missouri,SEC,,Oklahoma,SEC,
401856874,13,2026-11-28T05:00:00.000Z,False,False,Houston,Big 12,,Baylor,Big 12,
401858541,13,2026-11-28T05:00:00.000Z,False,False,Oregon,Big Ten,,Washington,Big Ten,
401858316,13,2026-11-28T05:00:00.000Z,False,False,Stanford,ACC,,SMU,ACC,
401858542,13,2026-11-28T05:00:00.000Z,False,False,Rutgers,Big Ten,,Michigan State,Big Ten,
401858537,13,2026-11-28T05:00:00.000Z,False,False,Northwestern,Big Ten,,Illinois,Big Ten,
401871103,13,2026-11-28T05:00:00.000Z,False,False,Old Dominion,Sun Belt,,Southern Miss,Sun Belt,
401871102,13,2026-11-28T05:00:00.000Z,False,False,UL Monroe,Sun Belt,,Marshall,Sun Belt,
401858317,13,2026-11-28T05:00:00.000Z,False,False,Virginia Tech,ACC,,Virginia,ACC,
401866475,13,2026-11-28T17:00:00.000Z,False,False,Bowling Green,Mid-American,,Massachusetts,Mid-American,
401858540,13,2026-11-28T17:00:00.000Z,False,False,Ohio State,Big Ten,,Michigan,Big Ten,
401866474,13,2026-11-28T17:00:00.000Z,False,False,Ball State,Mid-American,,Central Michigan,Mid-American,
401870804,13,2026-11-28T18:00:00.000Z,False,False,Western Kentucky,Conference USA,,Kennesaw State,Conference USA,
401871082,13,2026-11-28T19:00:00.000Z,False,False,Florida International,Conference USA,,Sam Houston,Conference USA,
401871063,13,2026-11-28T19:00:00.000Z,False,False,Missouri State,Conference USA,,Liberty,Conference USA,
401871083,13,2026-11-28T19:00:00.000Z,False,False,Middle Tennessee,Conference USA,,New Mexico State,Conference USA,
401869939,13,2026-11-28T20:00:00.000Z,False,False,Arkansas State,Sun Belt,,Troy,Sun Belt,
401871062,13,2026-11-28T20:30:00.000Z,False,False,Delaware,Conference USA,,Jacksonville State,Conference USA,
401864546,13,2026-11-28T21:30:00.000Z,False,False,New Mexico,Mountain West,,Air Force,Mountain West,
401864548,13,2026-11-29T02:00:00.000Z,False,False,UNLV,Mountain West,,Nevada,Mountain West,
401864547,13,2026-11-29T04:00:00.000Z,False,False,Hawai'i,Mountain West,,Sacramento State,Mid-American,
401862844,15,2026-12-12T20:00:00.000Z,False,True,Army,American Athletic,,Navy,American Athletic,
