pid,name,team,status
None,Aaron Wiggins,ATL,Day-To-Day
None,Luguentz Dort,ATL,Day-To-Day
None,CJ McCollum,ATL,Day-To-Day
None,Henri Veesaar,ATL,Out
None,Mouhamed Gueye,ATL,Day-To-Day
None,Joshua Jefferson,BKN,Day-To-Day
None,Mikel Brown Jr.,BKN,Day-To-Day
None,Brandon Miller,CHA,Day-To-Day
None,Christian Anderson,CHA,Day-To-Day
None,Kylan Boswell,CHA,Day-To-Day
None,Coby White,CHA,Day-To-Day
None,Kon Knueppel,CHA,Day-To-Day
None,Grant Williams,CHA,Day-To-Day
None,Zach Collins,CHI,Day-To-Day
None,Jaylin Sellers,CHI,Day-To-Day
None,Tre Jones,CHI,Day-To-Day
None,Nic Claxton,CHI,Day-To-Day
None,Peyton Watson,DEN,Day-To-Day
None,Morez Johnson Jr.,DAL,Day-To-Day
None,Santi Aldama,MEM,Day-To-Day
None,Dereck Lively II,DAL,Day-To-Day
None,Spencer Jones,DEN,Day-To-Day
None,Jalen Duren,DET,Day-To-Day
None,Al Horford,GS,Day-To-Day
None,Gui Santos,GS,Day-To-Day
None,Brandin Podziemski,GS,Day-To-Day
None,Gary Payton II,GS,Day-To-Day
None,Georges Niang,GS,Day-To-Day
None,De'Anthony Melton,GS,Day-To-Day
None,Yaxel Lendeborg,GS,Day-To-Day
None,Stephen Curry,GS,Day-To-Day
None,Draymond Green,GS,Day-To-Day
None,Kristaps Porzingis,GS,Day-To-Day
None,Jimmy Butler III,GS,Out
None,Moses Moody,GS,Out
None,Larry Nance Jr.,IND,Day-To-Day
None,T.J. McConnell,IND,Day-To-Day
None,Johnny Furphy,IND,Out
None,Kobe Sanders,LAC,Day-To-Day
None,Bradley Beal,LAC,Day-To-Day
None,Max Strus,LAC,Out
None,Yanic Konan Niederhauser,LAC,Out
None,Brandon Ingram,TOR,Out
None,Jordan Miller,LAC,Out
None,Arthur Kaluma,LAL,Day-To-Day
None,Collin Sexton,LAL,Day-To-Day
None,Ziaire Williams,LAL,Day-To-Day
None,Walker Kessler,LAL,Day-To-Day
None,Luka Doncic,LAL,Day-To-Day
None,Matisse Thybulle,LAL,Day-To-Day
None,Austin Reaves,LAL,Day-To-Day
None,Isaiah Stewart,MEM,Day-To-Day
None,Micah Peavy,MEM,Day-To-Day
None,Keshad Johnson,MIA,Out
None,Pelle Larsson,MIA,Day-To-Day
None,Andrew Wiggins,MIA,Day-To-Day
None,Dru Smith,MIA,Day-To-Day
None,Nate Ament,MIL,Day-To-Day
None,Donte DiVincenzo,MIN,Out
None,Jose Alvarado,NY,Day-To-Day
None,Thomas Sorber,OKC,Day-To-Day
None,Chet Holmgren,OKC,Day-To-Day
None,Nikola Topic,OKC,Day-To-Day
None,Isaiah Hartenstein,OKC,Day-To-Day
None,Jaylin Williams,OKC,Day-To-Day
None,Noah Penda,ORL,Day-To-Day
None,Anthony Black,ORL,Day-To-Day
None,Jalen Suggs,ORL,Day-To-Day
None,Jonathan Isaac,ORL,Day-To-Day
None,Izaiyah Nelson,ORL,Out
None,Dominick Barlow,PHI,Day-To-Day
None,Anfernee Simons,PHI,Day-To-Day
None,Adem Bona,PHI,Day-To-Day
None,Ariel Hukporti,PHI,Out
None,Tyrese Maxey,PHI,Day-To-Day
None,LeBron James,PHI,Day-To-Day
None,Joel Embiid,PHI,Day-To-Day
None,Tacko Fall,PHI,Day-To-Day
None,Mark Williams,PHX,Out
None,Shaedon Sharpe,POR,Out
None,Keegan Murray,SAC,Day-To-Day
None,Malik Monk,SAC,Day-To-Day
None,Ben Simmons,SAC,Day-To-Day
None,Jayden Quaintance,SA,Out
None,Tobias Harris,SA,Day-To-Day
None,David Jones Garcia,SA,Day-To-Day
None,Trayce Jackson-Davis,TOR,Day-To-Day
None,Jamison Battle,TOR,Day-To-Day
None,Allen Graves,TOR,Day-To-Day
None,Kawhi Leonard,TOR,Day-To-Day
None,Nate Bittle,TOR,Day-To-Day
None,Jusuf Nurkic,UTAH,Out
None,Lauri Markkanen,UTAH,Day-To-Day
None,Brice Sensabaugh,UTAH,Day-To-Day
None,Kyle Filipowski,UTAH,Day-To-Day
None,Alex Sarr,WSH,Day-To-Day
None,Tristan Vukcevic,WSH,Out
None,Jamir Watkins,WSH,Out
