pid,name,team,pos,date,opp,home,season,min,pts,reb,ast,fg3m,stl,blk,tov,fgm,fga,ftm,fta,event
3032977,Giannis Antetokounmpo,MIA,F,2026-10-03,TOR,0,2026,14.0,9,4,7,0,0,0,2,3,3,3,4,401902644
3059319,Andrew Wiggins,MIA,F,2026-10-03,TOR,0,2026,13.0,12,1,0,4,1,0,0,4,6,0,0,401902644
4066261,Bam Adebayo,MIA,C,2026-10-03,TOR,0,2026,13.0,10,6,0,1,0,0,2,2,7,5,6,401902644
6475,Klay Thompson,MIA,G,2026-10-03,TOR,0,2026,13.0,0,2,0,0,0,0,1,0,2,0,0,401902644
4278053,Davion Mitchell,MIA,G,2026-10-03,TOR,0,2026,13.0,3,1,4,1,1,0,2,1,5,0,0,401902644
3064482,Bobby Portis,MIA,F,2026-10-03,TOR,0,2026,11.0,4,3,2,1,0,0,1,1,4,1,2,401902644
3899664,Simone Fontecchio,MIA,F,2026-10-03,TOR,0,2026,11.0,4,2,1,0,0,1,2,2,4,0,0,401902644
4431772,Myron Gardner,MIA,F,2026-10-03,TOR,0,2026,14.0,7,5,2,1,2,1,2,2,4,2,2,401902644
4693954,Ian Schieffelin,MIA,F,2026-10-03,TOR,0,2026,10.0,11,3,1,1,0,0,0,4,4,2,2,401902644
4702784,J'Vonne Hadley,MIA,F,2026-10-03,TOR,0,2026,10.0,2,6,0,0,1,0,0,1,1,0,0,401902644
4997528,Nikola Jovic,MIA,F,2026-10-03,TOR,0,2026,17.0,11,7,4,1,0,2,2,3,9,4,4,401902644
4278076,Nick Richards,MIA,C,2026-10-03,TOR,0,2026,10.0,0,7,0,0,0,2,2,0,0,0,0,401902644
4700818,Vladislav Goldin,MIA,C,2026-10-03,TOR,0,2026,7.0,6,1,0,0,0,0,1,3,4,0,0,401902644
2528210,Tim Hardaway Jr.,MIA,G,2026-10-03,TOR,0,2026,11.0,14,0,0,3,0,0,1,4,4,3,3,401902644
4431720,Lester Quinones,MIA,G,2026-10-03,TOR,0,2026,9.0,0,1,0,0,0,0,1,0,2,0,0,401902644
4601025,Pelle Larsson,MIA,G,2026-10-03,TOR,0,2026,11.0,13,2,2,0,2,0,1,3,3,7,7,401902644
4837356,Tre Donaldson,MIA,G,2026-10-03,TOR,0,2026,16.0,6,0,3,0,1,1,2,1,5,4,6,401902644
4898237,Bez Mbeng,MIA,G,2026-10-03,TOR,0,2026,18.0,11,3,3,1,1,0,2,5,11,0,0,401902644
5107157,Ryan Conwell,MIA,G,2026-10-03,TOR,0,2026,18.0,6,1,2,0,0,0,1,3,8,0,0,401902644
4395625,RJ Barrett,TOR,F,2026-10-03,MIA,1,2026,17.0,15,3,1,2,1,0,1,3,9,7,8,401902644
4433134,Scottie Barnes,TOR,F,2026-10-03,MIA,1,2026,12.0,11,2,2,0,3,0,3,5,11,1,2,401902644
3134908,Jakob Poeltl,TOR,C,2026-10-03,MIA,1,2026,18.0,9,1,1,0,2,1,1,3,3,3,4,401902644
4395724,Immanuel Quickley,TOR,G,2026-10-03,MIA,1,2026,12.0,5,2,3,1,1,0,1,2,6,0,0,401902644
4684272,Ja'Kobe Walter,TOR,G,2026-10-03,MIA,1,2026,18.0,8,5,1,2,0,0,1,3,8,0,0,401902644
5093267,Collin Murray-Boyles,TOR,F,2026-10-03,MIA,1,2026,20.0,6,9,1,0,0,0,0,3,10,0,1,401902644
4279143,Tyreke Key,TOR,G,2026-10-03,MIA,1,2026,16.0,15,1,0,4,0,0,1,5,9,1,2,401902644
4397784,Malachi Smith,TOR,G,2026-10-03,MIA,1,2026,31.0,7,5,2,0,2,0,3,3,11,1,2,401902644
4432241,Jamal Shead,TOR,G,2026-10-03,MIA,1,2026,28.0,3,5,7,0,3,1,2,1,7,1,2,401902644
4432737,Jaden Bradley,TOR,G,2026-10-03,MIA,1,2026,20.0,9,3,2,1,1,0,0,3,4,2,4,401902644
4433138,Nimari Burnett,TOR,G,2026-10-03,MIA,1,2026,24.0,6,3,3,1,1,0,4,2,10,1,2,401902644
4590360,Chucky Hepburn,TOR,G,2026-10-03,MIA,1,2026,25.0,11,4,2,1,3,0,2,4,6,2,3,401902644
4066336,Lauri Markkanen,UTAH,F,2026-10-04,DEN,0,2026,14.0,17,2,0,3,1,0,1,5,12,4,4,401914127
4277961,Jaren Jackson Jr.,UTAH,F,2026-10-04,DEN,0,2026,18.0,11,4,2,1,0,0,1,4,7,2,3,401914127
3102530,Jusuf Nurkic,UTAH,C,2026-10-04,DEN,0,2026,11.0,4,5,4,0,1,1,0,1,5,2,2,401914127
4433627,Keyonte George,UTAH,G,2026-10-04,DEN,0,2026,21.0,15,4,3,1,0,0,1,5,8,4,5,401914127
5041955,Darryn Peterson,UTAH,G,2026-10-04,DEN,0,2026,19.0,3,6,2,0,1,0,2,1,5,1,2,401914127
4396963,Blake Hinson,UTAH,F,2026-10-04,DEN,0,2026,17.0,14,6,0,4,0,0,0,5,8,0,0,401914127
4433618,Harrison Ingram,UTAH,F,2026-10-04,DEN,0,2026,12.0,6,1,0,0,0,0,1,3,7,0,0,401914127
4277919,Mo Bamba,UTAH,C,2026-10-04,DEN,0,2026,12.0,6,7,2,0,0,0,0,2,4,2,2,401914127
4397077,Jaxson Hayes,UTAH,C,2026-10-04,DEN,0,2026,19.0,2,3,4,0,0,3,1,1,2,0,1,401914127
4684682,Jonas Aidoo,UTAH,C,2026-10-04,DEN,0,2026,3.0,0,2,0,0,0,0,0,0,1,0,0,401914127
3133602,Svi Mykhailiuk,UTAH,G,2026-10-04,DEN,0,2026,17.0,9,0,3,3,0,0,0,3,9,0,0,401914127
4065663,Josh Okogie,UTAH,G,2026-10-04,DEN,0,2026,14.0,3,1,1,1,0,0,0,1,3,0,0,401914127
4433268,Trey Alexander,UTAH,G,2026-10-04,DEN,0,2026,12.0,0,2,2,0,0,0,1,0,5,0,0,401914127
4683766,Isaiah Collier,UTAH,G,2026-10-04,DEN,0,2026,15.0,9,4,4,2,0,0,0,3,4,1,1,401914127
4683933,Tamar Bates,UTAH,G,2026-10-04,DEN,0,2026,15.0,0,2,1,0,0,0,1,0,3,0,0,401914127
4873138,Ace Bailey,UTAH,G,2026-10-04,DEN,0,2026,20.0,10,5,0,0,1,1,1,5,10,0,0,401914127
3064290,Aaron Gordon,DEN,F,2026-10-04,UTAH,1,2026,10.0,12,4,0,1,0,0,2,4,8,3,3,401914127
3138196,Cameron Johnson,DEN,F,2026-10-04,UTAH,1,2026,15.0,8,2,0,2,1,1,0,3,7,0,0,401914127
3112335,Nikola Jokic,DEN,C,2026-10-04,UTAH,1,2026,15.0,3,3,7,0,1,1,0,1,1,1,2,401914127
3135046,Tyus Jones,DEN,G,2026-10-04,UTAH,1,2026,19.0,8,2,6,2,0,0,2,3,6,0,0,401914127
4431767,Christian Braun,DEN,G,2026-10-04,UTAH,1,2026,15.0,6,3,1,0,0,0,0,3,5,0,2,401914127
4065813,Alpha Diallo,DEN,F,2026-10-04,UTAH,1,2026,13.0,2,3,2,0,0,0,1,0,2,2,2,401914127
4277848,Marvin Bagley III,DEN,F,2026-10-04,UTAH,1,2026,14.0,5,7,0,0,0,0,2,2,7,1,2,401914127
4431690,Zeke Nnaji,DEN,F,2026-10-04,UTAH,1,2026,15.0,3,3,1,0,0,1,2,0,4,3,4,401914127
4432872,Emanuel Miller,DEN,F,2026-10-04,UTAH,1,2026,3.0,5,1,0,0,0,0,0,2,3,1,1,401914127
4432976,Coleman Hawkins,DEN,F,2026-10-04,UTAH,1,2026,3.0,0,0,0,0,0,0,0,0,1,0,0,401914127
4433607,DaRon Holmes II,DEN,F,2026-10-04,UTAH,1,2026,12.0,4,1,1,0,0,1,0,2,6,0,0,401914127
4565698,Bryce Hopkins,DEN,F,2026-10-04,UTAH,1,2026,12.0,1,2,0,0,1,0,0,0,2,1,2,401914127
4698719,Trevon Brazile,DEN,F,2026-10-04,UTAH,1,2026,20.0,7,3,0,1,0,2,0,3,4,0,0,401914127
5105592,Cam Whitmore,DEN,F,2026-10-04,UTAH,1,2026,15.0,6,2,1,2,0,0,0,2,7,0,0,401914127
3978,DeMar DeRozan,DEN,G,2026-10-04,UTAH,1,2026,10.0,5,1,1,0,0,1,0,2,5,1,1,401914127
4277890,Lonnie Walker IV,DEN,G,2026-10-04,UTAH,1,2026,9.0,3,3,2,1,1,1,0,1,4,0,0,401914127
4395667,Dane Goodwin,DEN,G,2026-10-04,UTAH,1,2026,3.0,0,1,0,0,0,0,0,0,0,0,0,401914127
4432181,Julian Strawther,DEN,G,2026-10-04,UTAH,1,2026,20.0,14,3,1,1,0,0,1,6,13,1,2,401914127
4433629,Ryan Nembhard,DEN,G,2026-10-04,UTAH,1,2026,17.0,5,3,4,1,0,0,1,2,4,0,0,401914127
6589,Draymond Green,GS,F,2026-10-04,LAC,0,2026,14.0,2,2,2,0,3,0,0,0,1,2,2,401918010
5175737,Yaxel Lendeborg,GS,F,2026-10-04,LAC,0,2026,19.0,4,9,3,1,0,1,0,1,6,1,2,401918010
3213,Al Horford,GS,C,2026-10-04,LAC,0,2026,16.0,3,3,1,1,1,0,2,1,5,0,0,401918010
3975,Stephen Curry,GS,G,2026-10-04,LAC,0,2026,13.0,10,2,2,2,1,0,2,3,4,2,2,401918010
4709138,Brandin Podziemski,GS,G,2026-10-04,LAC,0,2026,18.0,7,2,2,1,1,0,1,2,10,2,4,401918010
2990969,Georges Niang,GS,F,2026-10-04,LAC,0,2026,12.0,4,2,0,0,0,0,0,2,6,0,0,401918010
4703396,Graham Ike,GS,F,2026-10-04,LAC,0,2026,16.0,11,5,1,0,2,1,2,3,7,5,5,401918010
4897449,Malevy Leons,GS,F,2026-10-04,LAC,0,2026,10.0,8,2,1,0,1,0,1,3,5,2,3,401918010
4997536,Gui Santos,GS,F,2026-10-04,LAC,0,2026,17.0,9,4,0,1,0,0,2,3,7,2,2,401918010
5170949,Alex Toohey,GS,F,2026-10-04,LAC,0,2026,8.0,2,0,1,0,1,2,0,1,2,0,0,401918010
4397886,Charles Bassey,GS,C,2026-10-04,LAC,0,2026,16.0,12,8,1,0,2,0,3,6,10,0,2,401918010
3134903,Gary Payton II,GS,G,2026-10-04,LAC,0,2026,12.0,6,0,1,0,2,0,0,3,5,0,2,401918010
4066436,De'Anthony Melton,GS,G,2026-10-04,LAC,0,2026,16.0,2,1,2,0,0,0,1,1,4,0,0,401918010
4397040,Brandon Williams,GS,G,2026-10-04,LAC,0,2026,16.0,11,2,3,0,1,0,1,4,9,3,3,401918010
4433149,LJ Cryer,GS,G,2026-10-04,LAC,0,2026,3.0,1,0,0,0,0,0,0,0,3,1,2,401918010
4433159,Dalen Terry,GS,G,2026-10-04,LAC,0,2026,11.0,5,5,2,0,0,0,0,2,4,1,2,401918010
4696317,Miles Kelly,GS,G,2026-10-04,LAC,0,2026,7.0,2,0,1,0,0,0,1,1,4,0,0,401918010
4897262,Will Richard,GS,G,2026-10-04,LAC,0,2026,17.0,2,2,0,0,0,0,0,1,3,0,0,401918010
3936099,Derrick Jones Jr.,LAC,F,2026-10-04,GS,1,2026,15.0,6,1,0,1,0,1,0,2,6,1,3,401918010
4066648,Rui Hachimura,LAC,F,2026-10-04,GS,1,2026,15.0,21,5,0,4,0,1,2,8,11,1,2,401918010
4432170,Isaiah Jackson,LAC,F,2026-10-04,GS,1,2026,17.0,4,4,3,0,1,2,3,2,3,0,0,401918010
4065778,Max Strus,LAC,G,2026-10-04,GS,1,2026,5.0,0,1,0,0,0,0,0,0,1,0,0,401918010
4396907,Darius Garland,LAC,G,2026-10-04,GS,1,2026,15.0,15,3,6,3,0,0,1,4,4,4,5,401918010
5075626,Baba Miller,LAC,F,2026-10-04,GS,1,2026,20.0,9,6,0,0,0,0,1,2,5,5,6,401918010
5105832,Nick Martinelli,LAC,F,2026-10-04,GS,1,2026,24.0,5,2,1,1,0,0,2,2,6,0,0,401918010
3448,Brook Lopez,LAC,C,2026-10-04,GS,1,2026,7.0,1,3,0,0,0,0,1,0,4,1,2,401918010
2991139,Kris Dunn,LAC,G,2026-10-04,GS,1,2026,6.0,3,1,0,1,0,1,0,1,2,0,0,401918010
4398390,Jalen Pickett,LAC,G,2026-10-04,GS,1,2026,14.0,4,2,0,0,0,0,2,2,4,0,0,401918010
4683935,Blake Wesley,LAC,G,2026-10-04,GS,1,2026,18.0,8,3,1,0,1,1,1,3,5,2,3,401918010
4845363,Cam Christie,LAC,G,2026-10-04,GS,1,2026,28.0,8,8,3,0,0,0,5,2,8,4,4,401918010
5105853,Fletcher Loyer,LAC,G,2026-10-04,GS,1,2026,7.0,0,1,0,0,0,0,0,0,1,0,0,401918010
5106258,Gradey Dick,LAC,G,2026-10-04,GS,1,2026,16.0,4,6,1,0,0,0,1,1,5,2,2,401918010
5159895,Yuki Kawamura,LAC,G,2026-10-04,GS,1,2026,4.0,1,0,0,0,0,0,2,0,0,1,2,401918010
5254165,Keaton Wagler,LAC,G,2026-10-04,GS,1,2026,30.0,15,6,3,1,2,1,0,3,15,8,9,401918010
4903027,Cedric Coward,MEM,F,2026-10-05,ATL,0,2026,18.0,9,5,4,1,1,0,2,3,6,2,2,401898388
5041935,Cameron Boozer,MEM,F,2026-10-05,ATL,0,2026,18.0,11,5,4,0,2,0,1,5,9,1,3,401898388
5112087,Jaylen Wells,MEM,F,2026-10-05,ATL,0,2026,17.0,12,0,0,4,1,0,0,4,7,0,0,401898388
4593016,Quinten Post,MEM,C,2026-10-05,ATL,0,2026,12.0,8,4,0,2,0,0,0,3,6,0,0,401898388
4065733,Ty Jerome,MEM,G,2026-10-05,ATL,0,2026,15.0,12,0,5,1,0,1,3,4,8,3,3,401898388
2991070,Jerami Grant,MEM,F,2026-10-05,ATL,0,2026,14.0,10,4,2,1,0,0,0,2,3,5,6,401898388
4594326,Kris Murray,MEM,F,2026-10-05,ATL,0,2026,13.0,3,1,0,0,0,0,0,1,3,1,2,401898388
4595400,Olivier-Maxence Prosper,MEM,F,2026-10-05,ATL,0,2026,11.0,1,1,1,0,2,0,1,0,1,1,2,401898388
4684806,Taylor Hendricks,MEM,F,2026-10-05,ATL,0,2026,19.0,7,6,1,0,3,1,2,3,5,1,2,401898388
5105550,GG Jackson,MEM,F,2026-10-05,ATL,0,2026,16.0,14,2,1,2,1,0,0,5,7,2,3,401898388
5231919,Karim Lopez,MEM,F,2026-10-05,ATL,0,2026,8.0,2,1,0,0,2,1,0,1,2,0,0,401898388
4432810,Isaiah Stewart,MEM,C,2026-10-05,ATL,0,2026,2.0,0,1,0,0,0,0,0,0,0,0,0,401898388
5105817,Carson Cooper,MEM,C,2026-10-05,ATL,0,2026,15.0,8,4,1,1,0,0,0,2,3,3,4,401898388
4431785,Scotty Pippen Jr.,MEM,G,2026-10-05,ATL,0,2026,16.0,10,0,4,2,1,0,2,3,5,2,2,401898388
4433083,Cam Spencer,MEM,G,2026-10-05,ATL,0,2026,14.0,8,4,2,2,0,0,3,2,3,2,2,401898388
4683934,Jahmai Mashack,MEM,G,2026-10-05,ATL,0,2026,8.0,2,1,1,0,0,0,1,1,1,0,0,401898388
4781746,Javon Small,MEM,G,2026-10-05,ATL,0,2026,13.0,8,1,4,1,0,0,1,2,9,3,4,401898388
4896372,Walter Clayton Jr.,MEM,G,2026-10-05,ATL,0,2026,13.0,7,1,2,1,0,0,2,2,5,2,2,401898388
4431680,Onyeka Okongwu,ATL,F,2026-10-05,MEM,1,2026,14.0,8,4,2,1,0,1,1,3,4,1,2,401898388
4701230,Jalen Johnson,ATL,F,2026-10-05,MEM,1,2026,18.0,8,5,3,0,1,0,2,1,7,6,6,401898388
4278039,Nickeil Alexander-Walker,ATL,G,2026-10-05,MEM,1,2026,16.0,14,1,0,1,1,0,0,6,9,1,1,401898388
4869342,Dyson Daniels,ATL,G,2026-10-05,MEM,1,2026,18.0,6,4,2,0,0,0,1,2,6,2,5,401898388
5149077,Kingston Flemings,ATL,G,2026-10-05,MEM,1,2026,25.0,11,0,2,2,0,0,3,4,11,1,4,401898388
2578185,Dorian Finney-Smith,ATL,F,2026-10-05,MEM,1,2026,8.0,3,0,1,1,1,0,1,1,3,0,0,401898388
4280151,Corey Kispert,ATL,F,2026-10-05,MEM,1,2026,20.0,19,4,2,4,1,0,1,7,11,1,2,401898388
4431714,Jalen Wilson,ATL,F,2026-10-05,MEM,1,2026,15.0,12,0,0,2,1,0,0,3,6,4,5,401898388
4712902,Cameron Corhen,ATL,F,2026-10-05,MEM,1,2026,3.0,0,2,0,0,0,0,0,0,1,0,0,401898388
4873201,Asa Newell,ATL,F,2026-10-05,MEM,1,2026,22.0,12,12,2,0,2,0,2,5,9,2,2,401898388
5106262,Zuby Ejiofor,ATL,F,2026-10-05,MEM,1,2026,14.0,5,3,2,0,0,0,0,2,5,1,2,401898388
3146557,Jock Landale,ATL,C,2026-10-05,MEM,1,2026,16.0,4,6,3,0,0,0,0,1,5,2,2,401898388
4397183,Aaron Wiggins,ATL,G,2026-10-05,MEM,1,2026,11.0,7,0,0,1,0,0,0,2,4,2,2,401898388
4431941,RayJ Dennis,ATL,G,2026-10-05,MEM,1,2026,18.0,12,3,3,2,2,0,3,5,10,0,0,401898388
4585618,Keshon Gilbert,ATL,G,2026-10-05,MEM,1,2026,15.0,2,1,2,0,1,0,3,1,3,0,0,401898388
4683857,Kobe Johnson,ATL,G,2026-10-05,MEM,1,2026,8.0,0,0,1,0,1,0,0,0,0,0,0,401898388
3155526,Dillon Brooks,PHX,F,2026-10-05,DET,0,2026,16.0,11,2,0,2,0,0,0,4,7,1,2,401908947
4066383,Miles Bridges,PHX,F,2026-10-05,DET,0,2026,14.0,8,5,4,1,1,0,1,3,8,1,1,401908947
4601023,Oso Ighodaro,PHX,F,2026-10-05,DET,0,2026,14.0,3,5,2,0,1,0,1,1,1,1,2,401908947
3136193,Devin Booker,PHX,G,2026-10-05,DET,0,2026,16.0,13,3,3,1,0,0,2,4,7,4,4,401908947
4437244,Jalen Green,PHX,G,2026-10-05,DET,0,2026,15.0,11,2,1,1,0,0,1,3,6,4,6,401908947
4291678,Haywood Highsmith,PHX,F,2026-10-05,DET,0,2026,16.0,2,4,0,0,0,0,5,1,1,0,0,401908947
4888725,Ryan Dunn,PHX,F,2026-10-05,DET,0,2026,16.0,2,2,1,0,1,0,3,1,3,0,0,401908947
5041953,Koa Peat,PHX,F,2026-10-05,DET,0,2026,12.0,4,4,0,0,0,0,2,2,5,0,3,401908947
5105977,Rasheer Fleming,PHX,F,2026-10-05,DET,0,2026,19.0,3,5,1,1,2,0,1,1,4,0,2,401908947
4066268,Duop Reath,PHX,C,2026-10-05,DET,0,2026,9.0,2,1,0,0,0,0,1,0,1,2,2,401908947
5203685,Khaman Maluach,PHX,C,2026-10-05,DET,0,2026,17.0,6,2,0,0,0,1,0,3,5,0,3,401908947
3913174,Luke Kennard,PHX,G,2026-10-05,DET,0,2026,15.0,9,2,2,1,0,0,2,3,5,2,2,401908947
4278402,Jordan Goodwin,PHX,G,2026-10-05,DET,0,2026,11.0,7,6,1,1,3,0,1,3,6,0,1,401908947
4278585,Collin Gillespie,PHX,G,2026-10-05,DET,0,2026,17.0,8,1,1,2,1,1,3,3,3,0,0,401908947
4280245,Jamaree Bouyea,PHX,G,2026-10-05,DET,0,2026,17.0,9,2,2,2,1,0,4,3,9,1,3,401908947
4432646,Kennedy Chandler,PHX,G,2026-10-05,DET,0,2026,9.0,8,1,0,2,1,0,0,3,5,0,0,401908947
4592714,Pat Spencer,PHX,G,2026-10-05,DET,0,2026,7.0,1,0,1,0,1,0,2,0,2,1,2,401908947
3157465,Duncan Robinson,DET,F,2026-10-05,PHX,1,2026,13.0,9,0,1,3,0,0,3,3,4,0,0,401908947
3908845,John Collins,DET,F,2026-10-05,PHX,1,2026,17.0,10,3,0,0,2,0,2,5,7,0,0,401908947
4278562,Paul Reed,DET,F,2026-10-05,PHX,1,2026,21.0,10,7,3,0,1,1,1,2,6,6,6,401908947
4432166,Cade Cunningham,DET,G,2026-10-05,PHX,1,2026,16.0,10,2,1,2,1,0,1,3,8,2,3,401908947
4684742,Ausar Thompson,DET,G,2026-10-05,PHX,1,2026,18.0,10,2,2,0,3,1,1,5,8,0,1,401908947
2990962,Taurean Prince,DET,F,2026-10-05,PHX,1,2026,11.0,3,1,0,1,1,0,1,1,3,0,0,401908947
4397882,Tolu Smith,DET,F,2026-10-05,PHX,1,2026,16.0,1,5,1,0,0,0,0,0,0,1,6,401908947
4592843,Brice Williams,DET,F,2026-10-05,PHX,1,2026,6.0,3,0,1,0,0,0,0,0,1,3,3,401908947
4683771,Ronald Holland II,DET,F,2026-10-05,PHX,1,2026,24.0,14,4,1,1,5,2,3,4,12,5,8,401908947
5107818,Isaac Jones,DET,C,2026-10-05,PHX,1,2026,7.0,5,2,0,0,1,2,2,2,2,1,2,401908947
2596112,Javonte Green,DET,G,2026-10-05,PHX,1,2026,13.0,6,1,1,2,1,1,1,2,3,0,0,401908947
4066372,Kevin Huerter,DET,G,2026-10-05,PHX,1,2026,18.0,4,0,0,0,2,1,1,0,2,4,5,401908947
4395702,Isaiah Joe,DET,G,2026-10-05,PHX,1,2026,18.0,7,2,1,1,1,0,1,2,8,2,3,401908947
4700852,Chaz Lanier,DET,G,2026-10-05,PHX,1,2026,14.0,5,3,0,1,2,0,2,1,4,2,4,401908947
5107199,Daniss Jenkins,DET,G,2026-10-05,PHX,1,2026,18.0,5,2,4,1,0,0,1,2,7,0,0,401908947
5258459,Ebuka Okorie,DET,G,2026-10-05,PHX,1,2026,10.0,7,1,1,1,1,0,0,3,4,0,0,401908947
3934719,OG Anunoby,NY,F,2026-10-05,PHI,0,2026,14.0,12,6,0,0,0,0,0,3,7,6,6,401914101
3136195,Karl-Anthony Towns,NY,C,2026-10-05,PHI,0,2026,15.0,5,5,2,1,0,0,2,2,4,0,0,401914101
3062679,Josh Hart,NY,G,2026-10-05,PHI,0,2026,13.0,2,1,0,0,0,0,1,1,1,0,0,401914101
3147657,Mikal Bridges,NY,G,2026-10-05,PHI,0,2026,15.0,3,3,3,0,0,0,0,1,5,1,2,401914101
3934672,Jalen Brunson,NY,G,2026-10-05,PHI,0,2026,15.0,12,4,3,2,0,0,0,4,8,2,2,401914101
3914285,Drew Eubanks,NY,F,2026-10-05,PHI,0,2026,6.0,1,1,0,0,0,0,1,0,0,1,2,401914101
4838721,Tyler Nickel,NY,F,2026-10-05,PHI,0,2026,8.0,0,1,1,0,0,1,0,0,4,0,0,401914101
5211983,Pacome Dadiet,NY,F,2026-10-05,PHI,0,2026,18.0,5,3,0,1,0,0,0,2,6,0,0,401914101
5289900,Mohamed Diawara,NY,F,2026-10-05,PHI,0,2026,17.0,8,5,0,0,1,1,2,4,8,0,0,401914101
6585,Andre Drummond,NY,C,2026-10-05,PHI,0,2026,12.0,6,5,1,0,0,3,0,2,5,2,5,401914101
4065673,Tony Bradley,NY,C,2026-10-05,PHI,0,2026,6.0,2,0,0,0,0,0,0,1,1,0,0,401914101
4432808,James Wiseman,NY,C,2026-10-05,PHI,0,2026,9.0,8,5,0,0,0,1,1,3,4,2,6,401914101
2528426,Jordan Clarkson,NY,G,2026-10-05,PHI,0,2026,14.0,6,4,1,0,0,0,2,2,8,2,4,401914101
3914044,Landry Shamet,NY,G,2026-10-05,PHI,0,2026,11.0,10,0,0,2,0,0,0,4,8,0,0,401914101
4065670,Bruce Brown,NY,G,2026-10-05,PHI,0,2026,10.0,2,0,0,0,0,0,1,1,3,0,0,401914101
4397018,Ochai Agbaji,NY,G,2026-10-05,PHI,0,2026,8.0,1,1,0,0,0,0,0,0,3,1,2,401914101
4411057,Kevin McCullar Jr.,NY,G,2026-10-05,PHI,0,2026,10.0,6,4,1,0,0,1,2,2,5,2,2,401914101
4431823,Miles McBride,NY,G,2026-10-05,PHI,0,2026,12.0,0,1,3,0,0,0,0,0,4,0,0,401914101
4433225,Tyler Kolek,NY,G,2026-10-05,PHI,0,2026,17.0,5,2,5,1,0,1,0,2,5,0,1,401914101
4683730,Jaden Akins,NY,G,2026-10-05,PHI,0,2026,8.0,3,0,3,1,0,0,1,1,2,0,0,401914101
3912848,Dean Wade,PHI,F,2026-10-05,NY,1,2026,13.0,2,5,0,0,1,0,0,1,3,0,0,401914101
4871141,Ariel Hukporti,PHI,C,2026-10-05,NY,1,2026,5.0,0,0,1,0,0,0,0,0,1,0,0,401914101
2581018,Kentavious Caldwell-Pope,PHI,G,2026-10-05,NY,1,2026,13.0,7,2,2,1,1,0,0,3,6,0,0,401914101
3917376,Jaylen Brown,PHI,G,2026-10-05,NY,1,2026,17.0,22,2,2,3,0,1,0,8,13,3,5,401914101
5124612,VJ Edgecombe,PHI,G,2026-10-05,NY,1,2026,20.0,12,4,7,0,0,0,0,4,9,4,5,401914101
4432446,Jabari Walker,PHI,F,2026-10-05,NY,1,2026,19.0,11,11,1,3,1,1,1,4,9,0,0,401914101
4702159,Dillon Jones,PHI,F,2026-10-05,NY,1,2026,18.0,11,6,2,1,0,0,1,3,6,4,4,401914101
4711297,Justin Edwards,PHI,F,2026-10-05,NY,1,2026,24.0,6,1,1,2,1,1,2,2,5,0,0,401914101
4897471,Saint Thomas,PHI,F,2026-10-05,NY,1,2026,15.0,11,10,1,0,1,0,1,5,8,1,1,401914101
4433144,Caleb Love,PHI,G,2026-10-05,NY,1,2026,24.0,15,3,6,3,0,2,0,4,10,4,6,401914101
4592444,Jameer Nelson Jr.,PHI,G,2026-10-05,NY,1,2026,15.0,7,2,0,0,1,2,2,2,5,3,3,401914101
4702049,Duke Miles,PHI,G,2026-10-05,NY,1,2026,9.0,4,1,1,1,0,0,0,1,5,1,2,401914101
4873090,Labaron Philon Jr.,PHI,G,2026-10-05,NY,1,2026,25.0,6,2,4,0,0,0,0,2,9,2,2,401914101
5099752,Rayan Rupert,PHI,G,2026-10-05,NY,1,2026,25.0,6,4,1,2,0,0,1,2,8,0,0,401914101
4431671,Jaden McDaniels,MIN,F,2026-10-05,MIL,0,2026,15.0,9,3,1,1,0,0,0,4,5,0,0,401914102
4433247,Jonathan Kuminga,MIN,F,2026-10-05,MIL,0,2026,14.0,8,2,0,0,0,0,0,2,4,4,4,401914102
3032976,Rudy Gobert,MIN,C,2026-10-05,MIL,0,2026,17.0,6,7,0,0,0,0,1,3,4,0,0,401914102
4432816,LaMelo Ball,MIN,G,2026-10-05,MIL,0,2026,17.0,11,4,3,2,1,0,1,3,6,3,3,401914102
4594268,Anthony Edwards,MIN,G,2026-10-05,MIL,0,2026,18.0,14,4,2,1,0,2,2,4,13,5,5,401914102
3136196,Trey Lyles,MIN,F,2026-10-05,MIL,0,2026,12.0,3,2,0,1,0,0,0,1,4,0,0,401914102
4431695,Drew Timme,MIN,F,2026-10-05,MIL,0,2026,6.0,3,0,1,1,2,0,0,1,1,0,0,401914102
4431828,KJ Martin,MIN,F,2026-10-05,MIL,0,2026,9.0,4,1,0,0,0,0,0,2,3,0,0,401914102
4592699,Enrique Freeman,MIN,F,2026-10-05,MIL,0,2026,6.0,4,2,0,0,0,0,0,1,3,2,2,401914102
4702134,Norchad Omier,MIN,F,2026-10-05,MIL,0,2026,9.0,2,2,1,0,1,0,2,1,2,0,0,401914102
4895758,Cody Williams,MIN,F,2026-10-05,MIL,0,2026,10.0,5,2,4,0,0,0,0,1,3,3,4,401914102
5061585,Isaiah Evans,MIN,F,2026-10-05,MIL,0,2026,8.0,2,3,0,0,1,0,1,0,6,2,2,401914102
5279133,Joan Beringer,MIN,F,2026-10-05,MIL,0,2026,15.0,12,7,0,0,0,1,2,5,8,2,4,401914102
5157587,Rocco Zikarsky,MIN,C,2026-10-05,MIL,0,2026,8.0,0,1,0,0,0,1,0,0,1,0,0,401914102
4397002,Ayo Dosunmu,MIN,G,2026-10-05,MIL,0,2026,13.0,5,3,0,1,0,0,0,2,5,0,0,401914102
4432247,Jaylen Clark,MIN,G,2026-10-05,MIL,0,2026,10.0,0,0,1,0,1,2,0,0,2,0,0,401914102
4432847,Terrence Shannon Jr.,MIN,G,2026-10-05,MIL,0,2026,16.0,6,1,4,0,1,1,0,1,5,4,6,401914102
4592492,Bones Hyland,MIN,G,2026-10-05,MIL,0,2026,9.0,0,2,2,0,1,0,1,0,2,0,0,401914102
4592686,Antonio Reeves,MIN,G,2026-10-05,MIL,0,2026,12.0,12,3,2,2,1,0,0,5,5,0,0,401914102
4592979,Zyon Pullin,MIN,G,2026-10-05,MIL,0,2026,16.0,10,2,1,0,0,0,1,4,5,2,4,401914102
3134907,Kyle Kuzma,MIL,F,2026-10-05,MIN,1,2026,20.0,1,5,1,0,0,0,0,0,6,1,2,401914102
4432848,Jaime Jaquez Jr.,MIL,F,2026-10-05,MIN,1,2026,18.0,5,1,1,1,0,0,2,2,7,0,0,401914102
3133628,Myles Turner,MIL,C,2026-10-05,MIN,1,2026,19.0,7,5,1,1,1,1,1,1,5,4,4,401914102
4395725,Tyler Herro,MIL,G,2026-10-05,MIN,1,2026,19.0,11,3,3,2,0,0,4,3,9,3,3,401914102
4591725,Ryan Rollins,MIL,G,2026-10-05,MIN,1,2026,14.0,15,4,1,2,1,1,0,6,12,1,1,401914102
4397233,Pete Nance,MIL,F,2026-10-05,MIN,1,2026,7.0,3,1,0,1,0,0,0,1,1,0,0,401914102
5164559,Nate Ament,MIL,F,2026-10-05,MIN,1,2026,14.0,8,2,0,1,0,0,0,2,4,3,3,401914102
4277922,Jericho Sims,MIL,C,2026-10-05,MIN,1,2026,19.0,2,3,1,0,0,0,0,1,1,0,2,401914102
5105623,Kel'el Ware,MIL,C,2026-10-05,MIN,1,2026,24.0,14,12,0,2,1,1,0,5,11,2,2,401914102
2991043,Caris LeVert,MIL,G,2026-10-05,MIN,1,2026,11.0,0,0,1,0,0,0,4,0,2,0,0,401914102
4277843,Gary Trent Jr.,MIL,G,2026-10-05,MIN,1,2026,18.0,11,1,1,3,0,0,0,3,9,2,2,401914102
4397140,Kevin Porter Jr.,MIL,G,2026-10-05,MIN,1,2026,19.0,7,3,2,0,0,0,1,1,6,5,9,401914102
4397475,AJ Green,MIL,G,2026-10-05,MIN,1,2026,22.0,6,5,2,2,0,0,2,2,8,0,0,401914102
5082206,Brayden Burries,MIL,G,2026-10-05,MIN,1,2026,16.0,7,2,5,1,2,0,3,3,10,0,0,401914102
3155535,Kevon Looney,LAL,F,2026-10-05,SAC,0,2026,18.0,2,9,3,0,1,0,1,1,3,0,0,401898716
4433137,Ziaire Williams,LAL,F,2026-10-05,SAC,0,2026,21.0,13,1,1,3,1,0,0,4,6,2,2,401898716
3907498,Matisse Thybulle,LAL,G,2026-10-05,SAC,0,2026,18.0,6,0,1,2,2,0,0,2,6,0,0,401898716
3945274,Luka Doncic,LAL,G,2026-10-05,SAC,0,2026,16.0,21,2,3,3,2,0,5,5,12,8,9,401898716
4397014,Quentin Grimes,LAL,G,2026-10-05,SAC,0,2026,19.0,16,0,1,2,0,0,0,5,7,4,4,401898716
4278077,Jarred Vanderbilt,LAL,F,2026-10-05,SAC,0,2026,11.0,4,2,1,0,0,0,2,2,4,0,0,401898716
4278580,Sandro Mamukelashvili,LAL,F,2026-10-05,SAC,0,2026,19.0,8,1,5,2,2,0,3,3,8,0,0,401898716
4592691,Jake LaRavia,LAL,F,2026-10-05,SAC,0,2026,21.0,12,3,2,2,2,2,1,5,6,0,3,401898716
4897943,Dalton Knecht,LAL,F,2026-10-05,SAC,0,2026,12.0,0,2,1,0,0,0,1,0,1,0,0,401898716
5060631,Adou Thiero,LAL,F,2026-10-05,SAC,0,2026,17.0,3,4,4,0,2,0,1,1,2,1,2,401898716
5107258,William Kyle III,LAL,F,2026-10-05,SAC,0,2026,5.0,0,1,1,0,0,0,0,0,0,0,0,401898716
4683774,Bronny James,LAL,G,2026-10-05,SAC,0,2026,16.0,3,5,2,1,0,1,1,1,5,0,0,401898716
4702972,Chris Manon,LAL,G,2026-10-05,SAC,0,2026,12.0,12,5,1,0,1,1,3,2,3,8,10,401898716
4868423,Jaden Hardy,LAL,G,2026-10-05,SAC,0,2026,14.0,8,1,1,2,0,0,3,3,6,0,1,401898716
5113969,Cameron Carr,LAL,G,2026-10-05,SAC,0,2026,23.0,19,3,2,3,2,0,0,7,13,2,2,401898716
3155942,Domantas Sabonis,SAC,F,2026-10-05,LAL,1,2026,10.0,4,3,3,0,0,0,3,1,2,2,2,401898716
4065732,De'Andre Hunter,SAC,F,2026-10-05,LAL,1,2026,13.0,3,0,0,0,0,0,0,0,0,3,3,401898716
4431679,Precious Achiuwa,SAC,F,2026-10-05,LAL,1,2026,13.0,2,1,1,0,1,0,0,1,2,0,2,401898716
3064440,Zach LaVine,SAC,G,2026-10-05,LAL,1,2026,15.0,9,1,0,0,0,0,2,4,6,1,2,401898716
5142620,Darius Acuff Jr.,SAC,G,2026-10-05,LAL,1,2026,27.0,19,2,4,1,1,1,5,8,17,2,2,401898716
4917149,Alex Karaban,SAC,F,2026-10-05,LAL,1,2026,16.0,3,3,2,0,2,0,1,1,3,1,1,401898716
4433174,Dylan Cardwell,SAC,C,2026-10-05,LAL,1,2026,29.0,9,10,3,0,3,1,3,4,7,1,2,401898716
4898371,Maxime Raynaud,SAC,C,2026-10-05,LAL,1,2026,24.0,12,8,2,0,0,0,5,5,11,2,2,401898716
2583639,Elfrid Payton,SAC,G,2026-10-05,LAL,1,2026,7.0,0,3,0,0,0,0,0,0,1,0,0,401898716
4279318,Daeqwon Plowden,SAC,G,2026-10-05,LAL,1,2026,25.0,12,5,1,1,1,0,3,3,9,5,6,401898716
4397654,Adam Flagler,SAC,G,2026-10-05,LAL,1,2026,1.0,0,0,0,0,0,0,0,0,0,0,0,401898716
4702384,Nique Clifford,SAC,G,2026-10-05,LAL,1,2026,28.0,23,9,2,1,0,0,1,8,13,6,10,401898716
5106058,Emanuel Sharp,SAC,G,2026-10-05,LAL,1,2026,30.0,7,1,2,1,2,0,3,2,11,2,2,401898716
3064514,Julius Randle,BKN,F,2026-10-06,CHA,0,2026,18.0,13,2,3,2,1,0,0,4,7,3,4,401901820
4278104,Michael Porter Jr.,BKN,F,2026-10-06,CHA,0,2026,17.0,16,5,2,4,1,0,1,6,9,0,0,401901820
4432194,Day'Ron Sharpe,BKN,C,2026-10-06,CHA,0,2026,18.0,8,7,3,0,0,2,1,4,9,0,0,401901820
4702177,Keon Ellis,BKN,G,2026-10-06,CHA,0,2026,12.0,5,0,0,1,0,0,1,2,3,0,0,401901820
5175643,Egor Demin,BKN,G,2026-10-06,CHA,0,2026,18.0,6,1,5,2,0,0,2,2,5,0,0,401901820
4432189,Dain Dainja,BKN,F,2026-10-06,CHA,0,2026,4.0,0,0,0,0,0,0,0,0,0,0,0,401901820
4687718,Josh Minott,BKN,F,2026-10-06,CHA,0,2026,9.0,6,1,0,1,2,0,0,2,3,1,2,401901820
4702670,Grant Nelson,BKN,F,2026-10-06,CHA,0,2026,6.0,5,2,1,1,0,0,0,2,4,0,1,401901820
4712896,Noah Clowney,BKN,F,2026-10-06,CHA,0,2026,19.0,7,1,1,1,2,0,1,2,6,2,2,401901820
5105626,Tyler Bilodeau,BKN,F,2026-10-06,CHA,0,2026,8.0,5,3,0,1,0,0,0,1,1,2,3,401901820
5107173,Danny Wolf,BKN,F,2026-10-06,CHA,0,2026,15.0,9,3,5,1,0,0,1,3,4,2,4,401901820
5174655,Chaney Johnson,BKN,F,2026-10-06,CHA,0,2026,17.0,6,2,0,0,1,0,0,3,3,0,0,401901820
3150844,Moritz Wagner,BKN,C,2026-10-06,CHA,0,2026,18.0,5,4,5,1,1,0,2,1,4,2,2,401901820
3907823,Terance Mann,BKN,G,2026-10-06,CHA,0,2026,20.0,6,2,1,2,2,0,1,2,4,0,0,401901820
5037873,Drake Powell,BKN,G,2026-10-06,CHA,0,2026,13.0,9,2,1,1,1,0,0,4,6,0,0,401901820
5242502,Ben Saraf,BKN,G,2026-10-06,CHA,0,2026,15.0,8,2,2,2,0,0,1,3,7,0,0,401901820
5279130,Nolan Traore,BKN,G,2026-10-06,CHA,0,2026,10.0,10,1,2,0,1,0,1,3,4,4,4,401901820
5177736,Ben Humrichous,BKN,,2026-10-06,CHA,0,2026,4.0,0,0,0,0,0,0,0,0,1,0,0,401901820
4433249,Moussa Diabate,CHA,F,2026-10-06,BKN,1,2026,20.0,4,4,1,0,2,2,4,1,1,2,4,401901820
4396971,Naz Reid,CHA,C,2026-10-06,BKN,1,2026,16.0,13,4,0,1,0,0,3,3,9,6,7,401901820
3032979,Dennis Schroder,CHA,G,2026-10-06,BKN,1,2026,15.0,5,0,2,1,1,0,0,2,5,0,0,401901820
3135045,Grayson Allen,CHA,G,2026-10-06,BKN,1,2026,14.0,13,1,1,3,0,0,1,4,6,2,2,401901820
5239590,Liam McNeeley,CHA,G,2026-10-06,BKN,1,2026,19.0,14,1,0,4,0,0,6,5,8,0,0,401901820
2583632,Royce O'Neale,CHA,F,2026-10-06,BKN,1,2026,17.0,3,2,5,1,1,2,1,1,4,0,0,401901820
4897504,Wyatt Fricks,CHA,F,2026-10-06,BKN,1,2026,13.0,2,3,0,0,0,1,0,1,3,0,0,401901820
5211176,Tidjane Salaun,CHA,F,2026-10-06,BKN,1,2026,28.0,6,2,1,1,2,0,3,2,7,1,3,401901820
5281370,Hannes Steinbach,CHA,F,2026-10-06,BKN,1,2026,14.0,7,4,0,0,0,0,0,2,4,3,4,401901820
4576060,Ryan Kalkbrenner,CHA,C,2026-10-06,BKN,1,2026,15.0,2,2,0,0,0,0,0,0,1,2,2,401901820
4701225,PJ Hall,CHA,C,2026-10-06,BKN,1,2026,8.0,4,3,0,1,0,0,3,1,3,1,2,401901820
2578239,Pat Connaughton,CHA,G,2026-10-06,BKN,1,2026,9.0,1,0,3,0,0,0,1,0,3,1,2,401901820
4278729,Jarkel Joiner,CHA,G,2026-10-06,BKN,1,2026,14.0,5,0,3,1,1,0,0,2,4,0,0,401901820
4602025,Sion James,CHA,G,2026-10-06,BKN,1,2026,17.0,8,4,0,2,0,0,1,3,7,0,0,401901820
5176517,Michael Ajayi,CHA,,2026-10-06,BKN,1,2026,19.0,3,4,3,1,0,1,2,1,5,0,0,401901820
4277813,Herbert Jones,NO,F,2026-10-06,OKC,0,2026,20.0,7,2,1,1,0,0,0,3,6,0,1,401898389
4395628,Zion Williamson,NO,F,2026-10-06,OKC,0,2026,16.0,11,4,1,1,0,0,1,4,6,2,3,401898389
4397688,Trey Murphy III,NO,F,2026-10-06,OKC,0,2026,19.0,11,3,2,2,2,0,0,4,11,1,2,401898389
5061589,Yves Missi,NO,C,2026-10-06,OKC,0,2026,19.0,6,7,1,0,1,1,0,1,7,4,4,401898389
3907497,Dejounte Murray,NO,G,2026-10-06,OKC,0,2026,19.0,6,4,6,1,0,0,1,2,8,1,2,401898389
4431675,Trendon Watford,NO,F,2026-10-06,OKC,0,2026,12.0,7,6,1,0,2,0,1,3,5,1,2,401898389
4433623,Caleb Houstan,NO,F,2026-10-06,OKC,0,2026,6.0,0,0,0,0,0,0,1,0,1,0,0,401898389
4997538,Karlo Matkovic,NO,F,2026-10-06,OKC,0,2026,12.0,3,3,1,0,2,1,0,1,3,1,2,401898389
4869780,Derik Queen,NO,C,2026-10-06,OKC,0,2026,17.0,10,9,1,1,3,0,2,3,6,3,7,401898389
4277956,Jordan Poole,NO,G,2026-10-06,OKC,0,2026,16.0,9,1,0,0,1,0,0,2,3,5,6,401898389
4397136,Saddiq Bey,NO,G,2026-10-06,OKC,0,2026,20.0,5,2,0,0,1,0,1,1,6,3,3,401898389
4576086,Bryce McGowens,NO,G,2026-10-06,OKC,0,2026,12.0,7,1,1,1,2,1,1,2,6,2,2,401898389
4683634,Bennedict Mathurin,NO,G,2026-10-06,OKC,0,2026,17.0,13,2,5,2,0,0,1,3,5,5,5,401898389
4683736,Kobe Bufkin,NO,G,2026-10-06,OKC,0,2026,6.0,6,1,0,0,0,0,0,2,4,2,2,401898389
4703115,Jaron Pierre Jr.,NO,G,2026-10-06,OKC,0,2026,12.0,3,4,3,1,0,1,1,1,4,0,0,401898389
5144091,Jeremiah Fears,NO,G,2026-10-06,OKC,0,2026,17.0,12,2,1,2,0,0,1,3,6,4,6,401898389
5174983,Aday Mara,OKC,C,2026-10-06,NO,1,2026,18.0,12,9,3,0,0,3,2,5,5,2,2,401898389
3133626,Kenrich Williams,OKC,G,2026-10-06,NO,1,2026,18.0,9,8,2,3,1,1,1,3,6,0,0,401898389
4683778,Jared McCain,OKC,G,2026-10-06,NO,1,2026,16.0,12,1,5,4,1,0,1,4,10,0,0,401898389
4900671,Ajay Mitchell,OKC,G,2026-10-06,NO,1,2026,18.0,11,1,4,1,0,0,2,2,7,6,6,401898389
5241364,Bennett Stirtz,OKC,G,2026-10-06,NO,1,2026,31.0,15,5,6,3,0,0,4,6,9,0,0,401898389
4684208,Brooks Barnhizer,OKC,F,2026-10-06,NO,1,2026,26.0,12,7,3,1,0,1,2,4,5,3,5,401898389
5116468,Andrew Holifield,OKC,F,2026-10-06,NO,1,2026,7.0,4,0,0,0,0,0,0,1,4,2,2,401898389
5109790,Christoph Tilly,OKC,C,2026-10-06,NO,1,2026,25.0,9,4,2,0,0,1,3,4,7,1,2,401898389
4277923,Zhaire Smith,OKC,G,2026-10-06,NO,1,2026,14.0,2,1,0,0,0,1,1,1,4,0,0,401898389
4897155,Anthony Pritchard,OKC,G,2026-10-06,NO,1,2026,10.0,7,2,1,1,2,0,2,3,3,0,0,401898389
5105800,Josh Dix,OKC,G,2026-10-06,NO,1,2026,30.0,11,2,2,3,0,0,2,4,7,0,0,401898389
5106270,Otega Oweh,OKC,G,2026-10-06,NO,1,2026,28.0,6,6,1,0,2,1,2,3,9,0,4,401898389
3064290,Aaron Gordon,DEN,F,2026-10-06,UTAH,0,2026,15.0,18,5,0,2,0,0,0,5,7,6,7,401914128
3138196,Cameron Johnson,DEN,F,2026-10-06,UTAH,0,2026,15.0,10,1,1,2,0,0,0,4,7,0,0,401914128
3112335,Nikola Jokic,DEN,C,2026-10-06,UTAH,0,2026,16.0,6,4,5,0,1,0,2,2,4,2,4,401914128
3936299,Jamal Murray,DEN,G,2026-10-06,UTAH,0,2026,16.0,4,2,3,0,0,1,0,1,4,2,2,401914128
4431767,Christian Braun,DEN,G,2026-10-06,UTAH,0,2026,14.0,5,4,0,1,0,1,1,2,6,0,0,401914128
4065813,Alpha Diallo,DEN,F,2026-10-06,UTAH,0,2026,21.0,8,2,0,2,2,0,3,3,3,0,4,401914128
4277848,Marvin Bagley III,DEN,F,2026-10-06,UTAH,0,2026,15.0,10,5,0,0,1,1,1,4,5,2,2,401914128
4431690,Zeke Nnaji,DEN,F,2026-10-06,UTAH,0,2026,9.0,6,4,0,0,0,1,2,2,4,2,2,401914128
4433607,DaRon Holmes II,DEN,F,2026-10-06,UTAH,0,2026,8.0,4,3,1,0,0,2,0,1,3,2,2,401914128
4565698,Bryce Hopkins,DEN,F,2026-10-06,UTAH,0,2026,11.0,1,1,1,0,0,0,1,0,0,1,2,401914128
4698719,Trevon Brazile,DEN,F,2026-10-06,UTAH,0,2026,17.0,4,2,0,0,0,1,1,2,2,0,2,401914128
5105592,Cam Whitmore,DEN,F,2026-10-06,UTAH,0,2026,15.0,14,1,0,0,0,0,0,4,7,6,7,401914128
3978,DeMar DeRozan,DEN,G,2026-10-06,UTAH,0,2026,11.0,7,1,1,1,0,0,0,2,5,2,2,401914128
3135046,Tyus Jones,DEN,G,2026-10-06,UTAH,0,2026,15.0,2,2,6,0,2,0,1,1,2,0,0,401914128
4277890,Lonnie Walker IV,DEN,G,2026-10-06,UTAH,0,2026,8.0,1,0,0,0,0,0,0,0,1,1,2,401914128
4432181,Julian Strawther,DEN,G,2026-10-06,UTAH,0,2026,18.0,15,4,3,3,1,0,2,4,7,4,4,401914128
4433629,Ryan Nembhard,DEN,G,2026-10-06,UTAH,0,2026,16.0,2,0,5,0,1,0,1,1,5,0,0,401914128
4277961,Jaren Jackson Jr.,UTAH,F,2026-10-06,DEN,1,2026,16.0,7,1,0,1,0,1,1,2,3,2,3,401914128
4397077,Jaxson Hayes,UTAH,C,2026-10-06,DEN,1,2026,14.0,7,4,0,0,0,1,0,3,7,1,2,401914128
4433627,Keyonte George,UTAH,G,2026-10-06,DEN,1,2026,13.0,6,0,4,2,0,0,2,2,4,0,1,401914128
4873138,Ace Bailey,UTAH,G,2026-10-06,DEN,1,2026,27.0,10,7,3,2,1,1,2,4,12,0,0,401914128
5041955,Darryn Peterson,UTAH,G,2026-10-06,DEN,1,2026,30.0,23,3,3,1,0,0,2,10,18,2,4,401914128
4396963,Blake Hinson,UTAH,F,2026-10-06,DEN,1,2026,12.0,0,0,1,0,0,0,1,0,3,0,0,401914128
4433618,Harrison Ingram,UTAH,F,2026-10-06,DEN,1,2026,8.0,9,5,2,1,0,0,0,3,5,2,2,401914128
4277919,Mo Bamba,UTAH,C,2026-10-06,DEN,1,2026,20.0,8,10,0,0,0,0,2,4,6,0,0,401914128
4684682,Jonas Aidoo,UTAH,C,2026-10-06,DEN,1,2026,8.0,6,5,0,0,0,1,0,2,3,2,4,401914128
3133602,Svi Mykhailiuk,UTAH,G,2026-10-06,DEN,1,2026,22.0,9,3,0,2,2,1,1,3,14,1,2,401914128
4065663,Josh Okogie,UTAH,G,2026-10-06,DEN,1,2026,25.0,8,3,3,2,1,0,0,3,6,0,1,401914128
4432811,Josh Green,UTAH,G,2026-10-06,DEN,1,2026,11.0,0,2,2,0,2,0,0,0,2,0,0,401914128
4433268,Trey Alexander,UTAH,G,2026-10-06,DEN,1,2026,8.0,7,0,1,1,0,0,0,2,3,2,2,401914128
4683766,Isaiah Collier,UTAH,G,2026-10-06,DEN,1,2026,17.0,6,0,3,0,0,0,2,3,6,0,1,401914128
4683933,Tamar Bates,UTAH,G,2026-10-06,DEN,1,2026,12.0,0,0,0,0,0,0,1,0,1,0,0,401914128
4278580,Sandro Mamukelashvili,LAL,F,2026-10-06,GS,0,2026,18.0,15,2,2,3,0,1,1,6,10,0,0,401898390
4592691,Jake LaRavia,LAL,F,2026-10-06,GS,0,2026,22.0,9,3,1,1,3,1,1,3,7,2,3,401898390
5060631,Adou Thiero,LAL,F,2026-10-06,GS,0,2026,17.0,7,4,0,0,0,0,2,3,6,1,3,401898390
4397014,Quentin Grimes,LAL,G,2026-10-06,GS,0,2026,23.0,12,1,3,2,1,0,3,3,8,4,5,401898390
4683774,Bronny James,LAL,G,2026-10-06,GS,0,2026,21.0,4,1,5,0,0,0,3,2,5,0,0,401898390
3155535,Kevon Looney,LAL,F,2026-10-06,GS,0,2026,13.0,0,3,2,0,0,1,0,0,1,0,0,401898390
4278077,Jarred Vanderbilt,LAL,F,2026-10-06,GS,0,2026,16.0,2,5,1,0,3,1,1,1,2,0,0,401898390
4397134,Cole Swider,LAL,F,2026-10-06,GS,0,2026,12.0,9,2,0,3,0,0,0,3,7,0,0,401898390
4897943,Dalton Knecht,LAL,F,2026-10-06,GS,0,2026,22.0,11,1,1,1,0,0,3,3,8,4,4,401898390
5107258,William Kyle III,LAL,F,2026-10-06,GS,0,2026,10.0,0,2,0,0,0,0,0,0,2,0,0,401898390
5114350,AK Okereke,LAL,F,2026-10-06,GS,0,2026,13.0,4,3,2,0,0,0,0,1,3,2,2,401898390
4702972,Chris Manon,LAL,G,2026-10-06,GS,0,2026,22.0,7,4,0,1,2,1,1,3,8,0,0,401898390
4868423,Jaden Hardy,LAL,G,2026-10-06,GS,0,2026,19.0,13,4,3,1,2,0,5,4,12,4,4,401898390
5113969,Cameron Carr,LAL,G,2026-10-06,GS,0,2026,12.0,5,0,0,1,2,0,2,1,4,2,2,401898390
6589,Draymond Green,GS,F,2026-10-06,LAL,1,2026,15.0,3,2,8,1,1,0,2,1,1,0,0,401898390
4997536,Gui Santos,GS,F,2026-10-06,LAL,1,2026,21.0,7,3,2,0,1,1,1,2,3,3,4,401898390
5175737,Yaxel Lendeborg,GS,F,2026-10-06,LAL,1,2026,21.0,17,9,2,2,0,1,2,7,11,1,2,401898390
3975,Stephen Curry,GS,G,2026-10-06,LAL,1,2026,14.0,16,2,5,3,0,0,0,4,7,5,6,401898390
4709138,Brandin Podziemski,GS,G,2026-10-06,LAL,1,2026,19.0,16,2,1,1,1,1,2,7,11,1,2,401898390
2990969,Georges Niang,GS,F,2026-10-06,LAL,1,2026,19.0,7,1,0,1,1,0,0,2,8,2,2,401898390
4703396,Graham Ike,GS,F,2026-10-06,LAL,1,2026,12.0,6,7,3,0,0,0,2,1,4,4,4,401898390
4897449,Malevy Leons,GS,F,2026-10-06,LAL,1,2026,10.0,5,1,1,1,0,0,1,2,3,0,0,401898390
5170949,Alex Toohey,GS,F,2026-10-06,LAL,1,2026,3.0,3,1,0,1,0,0,0,1,1,0,0,401898390
4397886,Charles Bassey,GS,C,2026-10-06,LAL,1,2026,14.0,4,6,2,0,1,3,0,2,4,0,0,401898390
3134903,Gary Payton II,GS,G,2026-10-06,LAL,1,2026,16.0,4,5,1,1,1,0,2,1,2,1,2,401898390
4066436,De'Anthony Melton,GS,G,2026-10-06,LAL,1,2026,18.0,9,1,3,1,1,0,2,2,7,4,4,401898390
4397040,Brandon Williams,GS,G,2026-10-06,LAL,1,2026,18.0,10,2,1,0,1,1,5,3,6,4,4,401898390
4433149,LJ Cryer,GS,G,2026-10-06,LAL,1,2026,9.0,2,0,1,0,1,0,2,1,5,0,0,401898390
4433159,Dalen Terry,GS,G,2026-10-06,LAL,1,2026,8.0,4,1,1,0,1,0,1,1,2,2,2,401898390
4696317,Miles Kelly,GS,G,2026-10-06,LAL,1,2026,6.0,6,0,0,2,0,1,1,2,2,0,0,401898390
4897262,Will Richard,GS,G,2026-10-06,LAL,1,2026,15.0,5,1,1,1,0,1,0,2,3,0,0,401898390
4431671,Jaden McDaniels,MIN,F,2026-10-07,IND,0,2026,21.0,16,3,0,4,1,1,1,6,10,0,0,401914123
4433247,Jonathan Kuminga,MIN,F,2026-10-07,IND,0,2026,19.0,2,1,3,0,1,0,0,1,9,0,0,401914123
3032976,Rudy Gobert,MIN,C,2026-10-07,IND,0,2026,19.0,7,9,2,0,1,0,2,2,3,3,3,401914123
4432816,LaMelo Ball,MIN,G,2026-10-07,IND,0,2026,20.0,14,4,7,4,0,0,5,5,9,0,0,401914123
4594268,Anthony Edwards,MIN,G,2026-10-07,IND,0,2026,20.0,19,1,1,4,0,0,0,5,10,5,6,401914123
3136196,Trey Lyles,MIN,F,2026-10-07,IND,0,2026,12.0,8,4,2,2,0,0,0,3,4,0,0,401914123
4592699,Enrique Freeman,MIN,F,2026-10-07,IND,0,2026,8.0,0,1,0,0,1,2,1,0,2,0,0,401914123
4702134,Norchad Omier,MIN,F,2026-10-07,IND,0,2026,6.0,0,0,0,0,1,0,0,0,0,0,0,401914123
4895758,Cody Williams,MIN,F,2026-10-07,IND,0,2026,18.0,6,3,1,0,0,1,1,2,7,2,2,401914123
5061585,Isaiah Evans,MIN,F,2026-10-07,IND,0,2026,7.0,2,0,0,0,0,1,0,1,5,0,0,401914123
5279133,Joan Beringer,MIN,F,2026-10-07,IND,0,2026,19.0,2,8,0,0,0,1,2,1,3,0,0,401914123
4397002,Ayo Dosunmu,MIN,G,2026-10-07,IND,0,2026,17.0,10,1,3,1,1,0,1,3,7,3,4,401914123
4432247,Jaylen Clark,MIN,G,2026-10-07,IND,0,2026,11.0,0,1,0,0,2,0,2,0,0,0,0,401914123
4432847,Terrence Shannon Jr.,MIN,G,2026-10-07,IND,0,2026,17.0,9,1,2,1,1,0,1,2,4,4,5,401914123
4592492,Bones Hyland,MIN,G,2026-10-07,IND,0,2026,11.0,10,0,1,3,1,1,1,3,7,1,1,401914123
4592979,Zyon Pullin,MIN,G,2026-10-07,IND,0,2026,14.0,7,3,0,0,0,0,2,3,5,1,2,401914123
3149673,Pascal Siakam,IND,F,2026-10-07,MIN,1,2026,19.0,10,2,3,0,1,2,1,5,8,0,0,401914123
4017837,Ivica Zubac,IND,C,2026-10-07,MIN,1,2026,18.0,6,3,2,0,1,0,3,3,7,0,0,401914123
4395712,Andrew Nembhard,IND,G,2026-10-07,MIN,1,2026,16.0,4,1,2,0,1,0,1,2,5,0,0,401914123
4396909,Aaron Nesmith,IND,G,2026-10-07,MIN,1,2026,16.0,19,0,0,4,0,0,0,7,9,1,1,401914123
4396993,Tyrese Haliburton,IND,G,2026-10-07,MIN,1,2026,16.0,7,0,6,1,1,2,1,3,8,0,0,401914123
4278355,Obi Toppin,IND,F,2026-10-07,MIN,1,2026,11.0,10,2,1,1,1,1,2,4,5,1,1,401914123
4398207,Jalen Slawson,IND,F,2026-10-07,MIN,1,2026,18.0,4,5,1,0,2,2,2,1,4,2,2,401914123
5106060,Jarace Walker,IND,F,2026-10-07,MIN,1,2026,28.0,7,5,10,1,0,0,1,3,6,0,1,401914123
4065731,Jay Huff,IND,C,2026-10-07,MIN,1,2026,17.0,16,4,4,2,1,1,2,6,11,2,2,401914123
3133603,Kelly Oubre Jr.,IND,G,2026-10-07,MIN,1,2026,10.0,5,1,2,1,2,0,2,1,1,2,2,401914123
4431752,Kobe Brown,IND,G,2026-10-07,MIN,1,2026,17.0,5,5,1,1,0,0,2,2,5,0,0,401914123
4433076,Ben Sheppard,IND,G,2026-10-07,MIN,1,2026,22.0,13,5,0,3,2,0,1,4,9,2,2,401914123
4592829,Quenton Jackson,IND,G,2026-10-07,MIN,1,2026,10.0,5,1,1,1,0,0,1,2,2,0,0,401914123
5105854,Braden Smith,IND,G,2026-10-07,MIN,1,2026,14.0,3,5,5,1,0,0,1,1,4,0,0,401914123
4592677,Rienk Mast,IND,,2026-10-07,MIN,1,2026,5.0,5,3,1,1,0,0,0,2,4,0,0,401914123
5105647,Keba Keita,IND,,2026-10-07,MIN,1,2026,2.0,4,1,0,0,0,0,0,2,2,0,0,401914123
4432573,Paolo Banchero,ORL,F,2026-10-07,MEM,0,2026,15.0,11,1,5,0,0,0,2,2,7,7,10,401898391
4566434,Franz Wagner,ORL,F,2026-10-07,MEM,0,2026,14.0,6,2,7,0,2,0,1,2,7,2,2,401898391
4277847,Wendell Carter Jr.,ORL,C,2026-10-07,MEM,0,2026,15.0,13,4,2,3,0,0,0,5,7,0,0,401898391
4066320,Desmond Bane,ORL,G,2026-10-07,MEM,0,2026,13.0,9,1,1,3,0,0,1,3,3,0,0,401898391
5239561,Jase Richardson,ORL,G,2026-10-07,MEM,0,2026,23.0,3,3,3,1,0,0,0,1,2,0,0,401898391
4278075,Kevin Knox II,ORL,F,2026-10-07,MEM,0,2026,13.0,11,6,0,1,0,0,0,3,8,4,4,401898391
4278572,Jamal Cain,ORL,F,2026-10-07,MEM,0,2026,22.0,15,2,1,3,0,0,1,6,9,0,0,401898391
4565201,Malaki Branham,ORL,F,2026-10-07,MEM,0,2026,13.0,5,5,0,1,0,0,3,2,7,0,0,401898391
4702382,Tristan da Silva,ORL,F,2026-10-07,MEM,0,2026,25.0,19,5,2,4,1,0,0,6,16,3,4,401898391
6478,Nikola Vucevic,ORL,C,2026-10-07,MEM,0,2026,12.0,9,3,1,3,1,1,0,3,3,0,0,401898391
4348700,Goga Bitadze,ORL,C,2026-10-07,MEM,0,2026,13.0,7,2,0,0,0,1,1,3,4,1,2,401898391
4397204,Colin Castleton,ORL,C,2026-10-07,MEM,0,2026,8.0,4,2,0,0,0,1,2,2,2,0,0,401898391
3133635,Jevon Carter,ORL,G,2026-10-07,MEM,0,2026,19.0,5,4,6,1,0,0,2,1,3,2,2,401898391
4576085,JD Davison,ORL,G,2026-10-07,MEM,0,2026,10.0,1,2,5,0,1,0,0,0,4,1,2,401898391
4593034,Alex Morales,ORL,G,2026-10-07,MEM,0,2026,24.0,4,10,2,0,1,1,1,2,5,0,2,401898391
4903027,Cedric Coward,MEM,F,2026-10-07,ORL,1,2026,22.0,8,4,3,2,0,0,0,3,9,0,0,401898391
5041935,Cameron Boozer,MEM,F,2026-10-07,ORL,1,2026,22.0,16,6,2,2,0,0,2,4,7,6,7,401898391
5112087,Jaylen Wells,MEM,F,2026-10-07,ORL,1,2026,22.0,6,5,0,1,0,0,0,2,10,1,2,401898391
4600663,Zach Edey,MEM,C,2026-10-07,ORL,1,2026,10.0,2,4,1,0,1,1,0,1,1,0,0,401898391
4065733,Ty Jerome,MEM,G,2026-10-07,ORL,1,2026,19.0,17,1,4,1,0,0,0,7,14,2,2,401898391
2991070,Jerami Grant,MEM,F,2026-10-07,ORL,1,2026,20.0,3,3,1,1,0,0,0,1,4,0,0,401898391
4594326,Kris Murray,MEM,F,2026-10-07,ORL,1,2026,10.0,5,1,1,1,1,0,0,2,4,0,0,401898391
4595400,Olivier-Maxence Prosper,MEM,F,2026-10-07,ORL,1,2026,12.0,9,0,1,1,0,1,0,4,7,0,0,401898391
4684806,Taylor Hendricks,MEM,F,2026-10-07,ORL,1,2026,11.0,12,2,1,2,0,1,0,5,7,0,0,401898391
5105550,GG Jackson,MEM,F,2026-10-07,ORL,1,2026,14.0,15,6,0,3,1,0,0,5,13,2,2,401898391
5231919,Karim Lopez,MEM,F,2026-10-07,ORL,1,2026,6.0,0,0,1,0,0,0,0,0,0,0,0,401898391
4593016,Quinten Post,MEM,C,2026-10-07,ORL,1,2026,15.0,5,1,4,0,0,0,0,2,4,1,3,401898391
5105817,Carson Cooper,MEM,C,2026-10-07,ORL,1,2026,5.0,0,2,0,0,0,0,0,0,1,0,0,401898391
4431785,Scotty Pippen Jr.,MEM,G,2026-10-07,ORL,1,2026,14.0,1,0,2,0,3,0,1,0,2,1,4,401898391
4433083,Cam Spencer,MEM,G,2026-10-07,ORL,1,2026,16.0,7,1,5,1,1,0,2,1,4,4,4,401898391
4781746,Javon Small,MEM,G,2026-10-07,ORL,1,2026,8.0,3,0,2,1,0,0,0,1,1,0,0,401898391
4896372,Walter Clayton Jr.,MEM,G,2026-10-07,ORL,1,2026,13.0,9,4,3,1,0,1,2,3,8,2,4,401898391
4432848,Jaime Jaquez Jr.,MIL,F,2026-10-07,OKC,0,2026,22.0,13,1,3,3,2,0,2,4,12,2,2,401908620
3133628,Myles Turner,MIL,C,2026-10-07,OKC,0,2026,22.0,19,5,0,2,1,2,1,5,8,7,8,401908620
5105623,Kel'el Ware,MIL,C,2026-10-07,OKC,0,2026,25.0,18,12,1,0,0,1,1,7,13,4,6,401908620
4395725,Tyler Herro,MIL,G,2026-10-07,OKC,0,2026,23.0,13,3,3,3,0,1,2,5,9,0,0,401908620
4591725,Ryan Rollins,MIL,G,2026-10-07,OKC,0,2026,21.0,12,3,7,2,1,1,1,5,7,0,1,401908620
4397233,Pete Nance,MIL,F,2026-10-07,OKC,0,2026,13.0,6,5,0,2,0,0,1,2,5,0,0,401908620
4997526,Ousmane Dieng,MIL,F,2026-10-07,OKC,0,2026,23.0,8,5,7,0,0,0,1,3,7,2,2,401908620
5164559,Nate Ament,MIL,F,2026-10-07,OKC,0,2026,10.0,3,4,1,0,1,0,0,1,7,1,4,401908620
5214989,Bogoljub Markovic,MIL,F,2026-10-07,OKC,0,2026,6.0,2,2,0,0,0,0,1,0,0,2,2,401908620
4277922,Jericho Sims,MIL,C,2026-10-07,OKC,0,2026,18.0,6,6,2,0,0,0,2,3,3,0,0,401908620
4397114,Cormac Ryan,MIL,G,2026-10-07,OKC,0,2026,11.0,2,2,0,0,1,1,1,1,3,0,0,401908620
4697268,Kam Jones,MIL,G,2026-10-07,OKC,0,2026,10.0,0,2,2,0,0,0,2,0,1,0,0,401908620
5082206,Brayden Burries,MIL,G,2026-10-07,OKC,0,2026,21.0,16,5,1,0,2,0,1,5,13,6,8,401908620
5214640,Kasparas Jakucionis,MIL,G,2026-10-07,OKC,0,2026,18.0,10,4,4,2,0,1,1,3,7,2,2,401908620
5174983,Aday Mara,OKC,C,2026-10-07,MIL,1,2026,25.0,22,6,2,0,0,1,0,10,10,2,3,401908620
2991350,Alex Caruso,OKC,G,2026-10-07,MIL,1,2026,17.0,12,4,2,4,0,1,0,4,6,0,2,401908620
4278073,Shai Gilgeous-Alexander,OKC,G,2026-10-07,MIL,1,2026,18.0,17,3,5,3,0,1,0,5,5,4,4,401908620
4593803,Jalen Williams,OKC,G,2026-10-07,MIL,1,2026,19.0,16,3,6,0,2,0,1,8,11,0,0,401908620
4683692,Cason Wallace,OKC,G,2026-10-07,MIL,1,2026,18.0,7,3,6,1,1,1,0,2,8,2,2,401908620
4684208,Brooks Barnhizer,OKC,F,2026-10-07,MIL,1,2026,19.0,6,3,1,0,0,0,2,3,6,0,0,401908620
5116468,Andrew Holifield,OKC,F,2026-10-07,MIL,1,2026,6.0,2,1,1,0,0,0,0,0,0,2,2,401908620
5109790,Christoph Tilly,OKC,C,2026-10-07,MIL,1,2026,8.0,0,2,0,0,1,0,1,0,1,0,2,401908620
3133626,Kenrich Williams,OKC,G,2026-10-07,MIL,1,2026,14.0,3,4,0,1,2,0,1,1,9,0,0,401908620
4683778,Jared McCain,OKC,G,2026-10-07,MIL,1,2026,17.0,11,1,2,3,0,0,1,4,11,0,0,401908620
4897155,Anthony Pritchard,OKC,G,2026-10-07,MIL,1,2026,10.0,2,1,2,0,1,0,1,0,2,2,4,401908620
4900671,Ajay Mitchell,OKC,G,2026-10-07,MIL,1,2026,17.0,3,2,5,0,0,1,4,1,5,1,1,401908620
5105800,Josh Dix,OKC,G,2026-10-07,MIL,1,2026,14.0,3,0,0,1,0,0,1,1,5,0,0,401908620
5106270,Otega Oweh,OKC,G,2026-10-07,MIL,1,2026,16.0,2,1,0,0,0,1,1,1,3,0,0,401908620
5241364,Bennett Stirtz,OKC,G,2026-10-07,MIL,1,2026,22.0,20,5,2,4,1,0,1,6,11,4,6,401908620
3155526,Dillon Brooks,PHX,F,2026-10-07,CHI,0,2026,23.0,24,4,2,3,1,0,5,7,9,7,8,401908939
4066383,Miles Bridges,PHX,F,2026-10-07,CHI,0,2026,8.0,3,1,1,0,0,0,0,1,1,1,1,401908939
4601023,Oso Ighodaro,PHX,F,2026-10-07,CHI,0,2026,18.0,8,2,2,0,1,0,2,4,6,0,2,401908939
3136193,Devin Booker,PHX,G,2026-10-07,CHI,0,2026,23.0,11,0,1,0,0,0,2,3,14,5,6,401908939
4437244,Jalen Green,PHX,G,2026-10-07,CHI,0,2026,22.0,12,4,2,1,2,1,4,4,10,3,4,401908939
4291678,Haywood Highsmith,PHX,F,2026-10-07,CHI,0,2026,7.0,0,1,0,0,0,0,1,0,2,0,0,401908939
4888725,Ryan Dunn,PHX,F,2026-10-07,CHI,0,2026,23.0,4,5,2,0,2,1,2,2,4,0,0,401908939
5041953,Koa Peat,PHX,F,2026-10-07,CHI,0,2026,5.0,2,3,0,0,0,0,1,1,3,0,0,401908939
5105977,Rasheer Fleming,PHX,F,2026-10-07,CHI,0,2026,20.0,3,3,0,0,0,0,0,1,4,1,2,401908939
5203685,Khaman Maluach,PHX,C,2026-10-07,CHI,0,2026,25.0,8,7,4,0,0,0,2,2,3,4,5,401908939
3913174,Luke Kennard,PHX,G,2026-10-07,CHI,0,2026,13.0,8,2,4,0,1,0,0,3,5,2,2,401908939
4278402,Jordan Goodwin,PHX,G,2026-10-07,CHI,0,2026,16.0,5,3,2,1,6,0,2,2,4,0,0,401908939
4278585,Collin Gillespie,PHX,G,2026-10-07,CHI,0,2026,14.0,12,3,2,3,0,0,2,4,8,1,2,401908939
4280245,Jamaree Bouyea,PHX,G,2026-10-07,CHI,0,2026,12.0,9,0,2,1,1,0,3,4,6,0,0,401908939
4592714,Pat Spencer,PHX,G,2026-10-07,CHI,0,2026,12.0,8,0,1,2,0,0,0,2,5,2,2,401908939
4397189,Jalen Smith,CHI,F,2026-10-07,PHX,1,2026,20.0,13,8,1,2,2,0,3,5,8,1,2,401908939
4711294,Matas Buzelis,CHI,F,2026-10-07,PHX,1,2026,26.0,14,3,1,0,2,2,1,6,15,2,2,401908939
5095151,Caleb Wilson,CHI,F,2026-10-07,PHX,1,2026,29.0,15,3,2,0,1,0,2,6,15,3,3,401908939
2595516,Norman Powell,CHI,G,2026-10-07,PHX,1,2026,14.0,14,0,1,3,1,0,2,3,4,5,6,401908939
4871145,Josh Giddey,CHI,G,2026-10-07,PHX,1,2026,23.0,7,3,7,1,0,1,2,1,6,4,4,401908939
4397689,Drew Peterson,CHI,F,2026-10-07,PHX,1,2026,7.0,3,0,3,1,0,1,2,1,1,0,0,401908939
4431687,Patrick Williams,CHI,F,2026-10-07,PHX,1,2026,11.0,6,1,0,2,1,0,0,2,3,0,0,401908939
4432822,Isaac Okoro,CHI,F,2026-10-07,PHX,1,2026,17.0,2,1,2,0,0,0,0,1,2,0,0,401908939
5044385,Leonard Miller,CHI,F,2026-10-07,PHX,1,2026,14.0,14,1,2,1,2,0,0,5,7,3,3,401908939
5105555,Tobe Awaka,CHI,F,2026-10-07,PHX,1,2026,21.0,14,11,0,1,1,1,3,6,8,1,3,401908939
5242496,Noa Essengue,CHI,F,2026-10-07,PHX,1,2026,15.0,2,0,2,0,0,0,1,0,4,2,2,401908939
2990984,Buddy Hield,CHI,G,2026-10-07,PHX,1,2026,15.0,8,2,3,1,1,0,2,2,6,3,3,401908939
4432162,Brandon Boston Jr.,CHI,G,2026-10-07,PHX,1,2026,5.0,2,0,0,0,0,0,0,1,1,0,0,401908939
4848625,Dailyn Swain,CHI,G,2026-10-07,PHX,1,2026,22.0,10,2,6,0,2,0,3,3,3,4,4,401908939
4897449,Malevy Leons,GS,F,2026-10-07,POR,0,2026,33.0,5,5,0,1,1,1,2,2,11,0,0,401914129
4397886,Charles Bassey,GS,C,2026-10-07,POR,0,2026,24.0,13,6,1,0,3,3,3,6,7,1,2,401914129
4397040,Brandon Williams,GS,G,2026-10-07,POR,0,2026,18.0,17,3,4,1,1,0,3,7,11,2,4,401914129
4433159,Dalen Terry,GS,G,2026-10-07,POR,0,2026,43.0,23,8,9,4,4,0,4,9,18,1,2,401914129
4897262,Will Richard,GS,G,2026-10-07,POR,0,2026,33.0,15,3,1,3,0,0,2,3,7,6,6,401914129
4703396,Graham Ike,GS,F,2026-10-07,POR,0,2026,24.0,10,6,2,2,1,0,2,4,9,0,2,401914129
5170949,Alex Toohey,GS,F,2026-10-07,POR,0,2026,19.0,5,1,2,1,0,2,0,1,3,2,2,401914129
4433149,LJ Cryer,GS,G,2026-10-07,POR,0,2026,18.0,6,1,1,1,0,0,2,2,5,1,2,401914129
4696317,Miles Kelly,GS,G,2026-10-07,POR,0,2026,28.0,24,7,6,6,1,1,1,8,16,2,4,401914129
4431736,Toumani Camara,POR,F,2026-10-07,GS,1,2026,19.0,5,1,1,1,1,0,0,1,3,2,2,401914129
4683021,Deni Avdija,POR,F,2026-10-07,GS,1,2026,21.0,23,2,2,3,0,0,2,9,13,2,4,401914129
5105565,Donovan Clingan,POR,C,2026-10-07,GS,1,2026,20.0,3,10,2,0,1,1,0,1,7,1,1,401914129
6606,Damian Lillard,POR,G,2026-10-07,GS,1,2026,19.0,15,1,1,3,2,0,1,5,11,2,2,401914129
4279888,Ja Morant,POR,G,2026-10-07,GS,1,2026,19.0,8,2,5,0,2,0,4,3,8,2,2,401914129
4593043,John Tonje,POR,F,2026-10-07,GS,1,2026,3.0,0,0,1,0,1,0,0,0,0,0,0,401914129
4610139,Jeremy Sochan,POR,F,2026-10-07,GS,1,2026,9.0,10,0,0,2,0,0,0,4,6,0,0,401914129
4066211,Robert Williams III,POR,C,2026-10-07,GS,1,2026,14.0,8,5,1,0,1,5,1,4,5,0,0,401914129
4066399,Micah Potter,POR,C,2026-10-07,GS,1,2026,13.0,13,6,1,2,0,0,0,4,6,3,3,401914129
4592435,Branden Carlson,POR,C,2026-10-07,GS,1,2026,9.0,4,3,0,0,0,0,0,2,4,0,0,401914129
5217746,Yang Hansen,POR,C,2026-10-07,GS,1,2026,12.0,6,2,4,0,1,0,2,2,3,2,2,401914129
3995,Jrue Holiday,POR,G,2026-10-07,GS,1,2026,19.0,5,7,5,1,1,0,3,2,8,0,0,401914129
4578893,Vit Krejci,POR,G,2026-10-07,GS,1,2026,14.0,3,4,3,1,0,0,0,1,5,0,0,401914129
4683678,Scoot Henderson,POR,G,2026-10-07,GS,1,2026,17.0,9,3,3,1,0,1,3,3,8,2,2,401914129
4703889,Jayson Kent,POR,G,2026-10-07,GS,1,2026,3.0,3,1,1,1,1,0,0,1,2,0,0,401914129
4706557,Chris Youngblood,POR,G,2026-10-07,GS,1,2026,12.0,8,2,3,2,1,0,3,3,5,0,2,401914129
5081727,Sidy Cissoko,POR,G,2026-10-07,GS,1,2026,16.0,0,1,1,0,1,2,2,0,1,0,1,401914129
4277951,Luka Garza,BOS,C,2026-10-08,CLE,0,2026,27.0,22,10,2,3,0,3,0,6,17,7,8,401898392
3195,Mike Conley,BOS,G,2026-10-08,CLE,0,2026,18.0,3,1,4,0,1,0,2,1,3,1,1,401898392
4593841,Baylor Scheierman,BOS,G,2026-10-08,CLE,0,2026,23.0,16,5,3,4,0,0,1,5,12,2,2,401898392
4683689,Jordan Walsh,BOS,G,2026-10-08,CLE,0,2026,26.0,16,2,1,2,0,1,1,6,14,2,4,401898392
5175647,Hugo Gonzalez,BOS,G,2026-10-08,CLE,0,2026,26.0,15,4,5,3,0,0,2,5,9,2,2,401898392
4398356,Gabe McGlothan,BOS,F,2026-10-08,CLE,0,2026,5.0,0,2,0,0,1,0,1,0,0,0,0,401898392
4702745,Amari Williams,BOS,F,2026-10-08,CLE,0,2026,5.0,0,4,1,0,0,0,2,0,0,0,0,401898392
4837238,Tucker DeVries,BOS,F,2026-10-08,CLE,0,2026,11.0,6,2,1,2,0,0,0,2,6,0,0,401898392
5106283,Dillon Mitchell,BOS,F,2026-10-08,CLE,0,2026,28.0,10,9,4,0,2,0,2,4,7,2,4,401898392
5142621,Chris Cenac Jr.,BOS,F,2026-10-08,CLE,0,2026,24.0,7,8,1,0,0,4,0,3,13,1,4,401898392
4433188,Devin Carter,BOS,G,2026-10-08,CLE,0,2026,25.0,17,5,3,1,2,0,5,5,9,6,6,401898392
5106272,Milos Uzan,BOS,G,2026-10-08,CLE,0,2026,15.0,6,3,3,1,0,0,0,2,7,1,2,401898392
5176420,Hayden Gray,BOS,G,2026-10-08,CLE,0,2026,8.0,6,1,1,1,0,0,0,2,2,1,2,401898392
4066328,Jarrett Allen,CLE,C,2026-10-08,BOS,1,2026,17.0,6,4,0,0,2,0,1,3,5,0,0,401898392
4432158,Evan Mobley,CLE,C,2026-10-08,BOS,1,2026,17.0,8,1,1,0,0,0,2,3,5,2,3,401898392
3908809,Donovan Mitchell,CLE,G,2026-10-08,BOS,1,2026,17.0,11,0,3,0,0,0,2,4,8,3,3,401898392
4576087,Peyton Watson,CLE,G,2026-10-08,BOS,1,2026,17.0,7,4,4,1,0,2,1,2,5,2,2,401898392
4683747,Jaylon Tyson,CLE,G,2026-10-08,BOS,1,2026,17.0,14,3,2,1,0,0,0,6,8,1,1,401898392
2995706,Mario Hezonja,CLE,F,2026-10-08,BOS,1,2026,17.0,5,5,3,1,0,0,1,2,7,0,0,401898392
4431734,Tristan Enaruna,CLE,F,2026-10-08,BOS,1,2026,17.0,13,3,1,2,1,0,1,5,7,1,1,401898392
4593815,Rashaun Agee,CLE,F,2026-10-08,BOS,1,2026,11.0,6,2,0,1,0,0,0,1,3,3,4,401898392
4702099,Zack Austin,CLE,F,2026-10-08,BOS,1,2026,1.0,0,0,0,0,0,0,0,0,1,0,0,401898392
5177362,Riley Minix,CLE,F,2026-10-08,BOS,1,2026,15.0,4,4,3,0,0,1,0,2,10,0,0,401898392
3934723,Thomas Bryant,CLE,C,2026-10-08,BOS,1,2026,9.0,8,2,1,1,0,2,1,3,4,1,2,401898392
5106261,Ernest Udeh Jr.,CLE,C,2026-10-08,BOS,1,2026,15.0,2,4,0,0,1,0,0,1,2,0,0,401898392
4066757,Sam Merrill,CLE,G,2026-10-08,BOS,1,2026,10.0,8,0,1,2,0,0,0,3,4,0,0,401898392
4701233,Craig Porter Jr.,CLE,G,2026-10-08,BOS,1,2026,16.0,5,3,10,1,2,1,0,2,3,0,0,401898392
4898369,Curtis Jones,CLE,G,2026-10-08,BOS,1,2026,1.0,0,0,0,0,0,0,0,0,1,0,0,401898392
5023693,Tyrese Proctor,CLE,G,2026-10-08,BOS,1,2026,21.0,5,2,1,1,1,0,1,2,6,0,0,401898392
5041951,Meleek Thomas,CLE,G,2026-10-08,BOS,1,2026,23.0,11,2,2,1,3,0,1,5,13,0,0,401898392
4395628,Zion Williamson,NO,F,2026-10-08,MIA,0,2026,16.0,8,1,1,0,1,0,1,3,9,2,2,401898393
4397688,Trey Murphy III,NO,F,2026-10-08,MIA,0,2026,14.0,11,1,2,2,1,0,1,3,8,3,4,401898393
5061589,Yves Missi,NO,C,2026-10-08,MIA,0,2026,19.0,11,9,0,0,0,0,0,4,6,3,5,401898393
4683634,Bennedict Mathurin,NO,G,2026-10-08,MIA,0,2026,14.0,8,4,1,1,0,0,2,3,7,1,2,401898393
5144091,Jeremiah Fears,NO,G,2026-10-08,MIA,0,2026,19.0,11,2,2,2,0,0,3,4,8,1,1,401898393
4277813,Herbert Jones,NO,F,2026-10-08,MIA,0,2026,10.0,0,3,2,0,2,0,0,0,0,0,0,401898393
4431675,Trendon Watford,NO,F,2026-10-08,MIA,0,2026,15.0,2,7,2,0,0,1,0,1,5,0,0,401898393
4433623,Caleb Houstan,NO,F,2026-10-08,MIA,0,2026,15.0,3,2,0,1,1,0,0,1,4,0,0,401898393
4683742,Julian Reese,NO,F,2026-10-08,MIA,0,2026,3.0,2,1,0,0,0,0,1,1,1,0,0,401898393
4712862,Malik Dia,NO,F,2026-10-08,MIA,0,2026,6.0,0,0,0,0,1,0,1,0,3,0,0,401898393
4997538,Karlo Matkovic,NO,F,2026-10-08,MIA,0,2026,12.0,9,3,0,1,0,0,2,4,7,0,0,401898393
4431778,Christian Koloko,NO,C,2026-10-08,MIA,0,2026,4.0,0,2,1,0,1,2,0,0,1,0,0,401898393
4869780,Derik Queen,NO,C,2026-10-08,MIA,0,2026,16.0,5,8,1,0,0,1,5,2,3,1,2,401898393
4277956,Jordan Poole,NO,G,2026-10-08,MIA,0,2026,13.0,14,1,2,3,0,0,1,4,5,3,4,401898393
4397136,Saddiq Bey,NO,G,2026-10-08,MIA,0,2026,17.0,12,5,0,2,0,0,1,3,7,4,4,401898393
4576086,Bryce McGowens,NO,G,2026-10-08,MIA,0,2026,20.0,1,3,7,0,3,0,2,0,5,1,1,401898393
4683736,Kobe Bufkin,NO,G,2026-10-08,MIA,0,2026,12.0,9,1,1,3,0,0,0,3,6,0,0,401898393
4703115,Jaron Pierre Jr.,NO,G,2026-10-08,MIA,0,2026,13.0,12,1,0,4,0,1,2,4,6,0,0,401898393
3032977,Giannis Antetokounmpo,MIA,F,2026-10-08,NO,1,2026,18.0,18,4,4,0,1,0,2,8,13,2,5,401898393
3059319,Andrew Wiggins,MIA,F,2026-10-08,NO,1,2026,15.0,13,2,0,1,1,0,0,4,5,4,5,401898393
4066261,Bam Adebayo,MIA,C,2026-10-08,NO,1,2026,16.0,9,4,2,1,1,0,0,3,5,2,3,401898393
6475,Klay Thompson,MIA,G,2026-10-08,NO,1,2026,14.0,5,1,3,1,1,3,0,2,7,0,0,401898393
4278053,Davion Mitchell,MIA,G,2026-10-08,NO,1,2026,20.0,9,1,7,1,0,0,1,4,6,0,0,401898393
3064482,Bobby Portis,MIA,F,2026-10-08,NO,1,2026,20.0,11,6,2,1,2,1,2,4,13,2,3,401898393
3899664,Simone Fontecchio,MIA,F,2026-10-08,NO,1,2026,14.0,6,3,1,1,0,0,1,2,6,1,1,401898393
4431772,Myron Gardner,MIA,F,2026-10-08,NO,1,2026,15.0,11,4,4,3,3,1,0,3,6,2,2,401898393
4693954,Ian Schieffelin,MIA,F,2026-10-08,NO,1,2026,12.0,2,2,2,0,0,0,1,1,3,0,0,401898393
4702784,J'Vonne Hadley,MIA,F,2026-10-08,NO,1,2026,12.0,5,2,1,1,0,0,0,2,5,0,0,401898393
4997528,Nikola Jovic,MIA,F,2026-10-08,NO,1,2026,21.0,8,4,2,2,2,2,0,3,8,0,0,401898393
4278076,Nick Richards,MIA,C,2026-10-08,NO,1,2026,15.0,5,9,0,0,1,1,3,2,3,1,2,401898393
2528210,Tim Hardaway Jr.,MIA,G,2026-10-08,NO,1,2026,19.0,11,3,2,2,0,0,0,4,8,1,3,401898393
4837356,Tre Donaldson,MIA,G,2026-10-08,NO,1,2026,15.0,12,1,2,2,0,0,1,5,8,0,0,401898393
5107157,Ryan Conwell,MIA,G,2026-10-08,NO,1,2026,14.0,3,1,4,0,0,0,0,0,4,3,4,401898393
1966,LeBron James,PHI,F,2026-10-08,BKN,0,2026,18.0,10,4,5,0,1,0,2,1,1,8,8,401901823
3059318,Joel Embiid,PHI,C,2026-10-08,BKN,0,2026,24.0,6,3,3,0,1,1,8,1,5,4,4,401901823
3917376,Jaylen Brown,PHI,G,2026-10-08,BKN,0,2026,24.0,18,2,2,1,0,0,0,5,9,7,7,401901823
4431678,Tyrese Maxey,PHI,G,2026-10-08,BKN,0,2026,19.0,14,2,2,2,1,0,2,5,8,2,2,401901823
5124612,VJ Edgecombe,PHI,G,2026-10-08,BKN,0,2026,23.0,11,5,1,0,0,1,1,3,6,5,6,401901823
3912848,Dean Wade,PHI,F,2026-10-08,BKN,0,2026,16.0,7,4,0,2,0,0,2,2,2,1,2,401901823
4432446,Jabari Walker,PHI,F,2026-10-08,BKN,0,2026,15.0,8,7,0,0,0,0,0,2,5,4,4,401901823
4702159,Dillon Jones,PHI,F,2026-10-08,BKN,0,2026,11.0,0,2,3,0,1,0,1,0,1,0,0,401901823
4711297,Justin Edwards,PHI,F,2026-10-08,BKN,0,2026,17.0,7,5,0,1,0,1,2,3,7,0,0,401901823
4897471,Saint Thomas,PHI,F,2026-10-08,BKN,0,2026,5.0,4,1,1,0,0,0,0,2,3,0,1,401901823
2581018,Kentavious Caldwell-Pope,PHI,G,2026-10-08,BKN,0,2026,12.0,2,1,1,0,0,1,0,1,3,0,0,401901823
4433144,Caleb Love,PHI,G,2026-10-08,BKN,0,2026,14.0,4,0,5,0,0,0,0,2,5,0,0,401901823
4592444,Jameer Nelson Jr.,PHI,G,2026-10-08,BKN,0,2026,7.0,6,1,1,0,1,0,2,2,3,2,3,401901823
4873090,Labaron Philon Jr.,PHI,G,2026-10-08,BKN,0,2026,21.0,6,3,2,1,2,0,0,2,8,1,2,401901823
5099752,Rayan Rupert,PHI,G,2026-10-08,BKN,0,2026,15.0,5,3,0,1,1,0,1,2,4,0,0,401901823
3064514,Julius Randle,BKN,F,2026-10-08,PHI,1,2026,22.0,14,6,2,0,2,0,1,4,11,6,7,401901823
4712896,Noah Clowney,BKN,F,2026-10-08,PHI,1,2026,20.0,11,1,0,2,1,1,0,3,4,3,4,401901823
3150844,Moritz Wagner,BKN,C,2026-10-08,PHI,1,2026,18.0,6,3,1,0,4,0,0,2,3,2,2,401901823
4702177,Keon Ellis,BKN,G,2026-10-08,PHI,1,2026,21.0,12,2,0,2,1,0,0,5,8,0,0,401901823
5175643,Egor Demin,BKN,G,2026-10-08,PHI,1,2026,22.0,13,1,5,1,0,0,1,5,13,2,3,401901823
4687718,Josh Minott,BKN,F,2026-10-08,PHI,1,2026,18.0,4,3,1,1,0,0,2,1,5,1,5,401901823
4702670,Grant Nelson,BKN,F,2026-10-08,PHI,1,2026,12.0,8,2,1,0,0,0,2,3,4,2,5,401901823
5105626,Tyler Bilodeau,BKN,F,2026-10-08,PHI,1,2026,12.0,5,5,0,0,0,0,0,2,4,1,2,401901823
5107173,Danny Wolf,BKN,F,2026-10-08,PHI,1,2026,16.0,9,6,4,1,0,0,2,4,7,0,0,401901823
5174655,Chaney Johnson,BKN,F,2026-10-08,PHI,1,2026,18.0,9,4,2,1,2,2,2,3,7,2,4,401901823
3907823,Terance Mann,BKN,G,2026-10-08,PHI,1,2026,12.0,0,2,1,0,1,0,0,0,4,0,0,401901823
5037873,Drake Powell,BKN,G,2026-10-08,PHI,1,2026,14.0,4,0,1,0,1,0,0,1,4,2,2,401901823
5242502,Ben Saraf,BKN,G,2026-10-08,PHI,1,2026,12.0,5,1,3,1,1,0,2,1,4,2,6,401901823
5279130,Nolan Traore,BKN,G,2026-10-08,PHI,1,2026,16.0,12,1,2,2,1,0,2,4,8,2,2,401901823
5177736,Ben Humrichous,BKN,,2026-10-08,PHI,1,2026,7.0,2,2,0,0,0,0,0,1,2,0,0,401901823
6583,Anthony Davis,WSH,F,2026-10-08,NY,0,2026,17.0,16,7,2,2,0,1,2,6,11,2,2,401906508
5142718,AJ Dybantsa,WSH,F,2026-10-08,NY,0,2026,23.0,11,2,2,0,4,0,0,5,11,1,3,401906508
5174563,Kyshawn George,WSH,F,2026-10-08,NY,0,2026,22.0,12,7,5,2,0,1,4,5,11,0,0,401906508
4278129,Deandre Ayton,WSH,C,2026-10-08,NY,0,2026,17.0,4,10,1,0,1,0,0,2,2,0,0,401906508
4277905,Trae Young,WSH,G,2026-10-08,NY,0,2026,17.0,15,0,4,3,2,0,2,4,7,4,6,401906508
2581184,Anthony Gill,WSH,F,2026-10-08,NY,0,2026,4.0,3,0,0,0,0,0,0,1,1,1,2,401906508
4432907,Justin Champagnie,WSH,F,2026-10-08,NY,0,2026,19.0,12,3,0,1,2,2,1,3,5,5,6,401906508
4433622,Chris Livingston,WSH,F,2026-10-08,NY,0,2026,6.0,5,0,0,1,0,0,0,2,2,0,0,401906508
5105841,Felix Okpara,WSH,F,2026-10-08,NY,0,2026,20.0,7,6,1,0,0,0,1,3,7,1,2,401906508
4432187,Reece Beekman,WSH,G,2026-10-08,NY,0,2026,6.0,0,0,0,0,0,0,1,0,0,0,0,401906508
4432819,Tre Mann,WSH,G,2026-10-08,NY,0,2026,16.0,6,5,4,1,0,0,3,2,6,1,2,401906508
4845374,Bub Carrington,WSH,G,2026-10-08,NY,0,2026,17.0,11,3,1,2,1,0,4,3,6,3,4,401906508
5104155,Bilal Coulibaly,WSH,G,2026-10-08,NY,0,2026,19.0,2,5,1,0,0,0,2,1,7,0,0,401906508
5144126,Will Riley,WSH,G,2026-10-08,NY,0,2026,19.0,2,4,1,0,1,0,1,1,4,0,0,401906508
5238230,Tre Johnson,WSH,G,2026-10-08,NY,0,2026,18.0,5,1,0,1,0,0,1,2,6,0,0,401906508
3934719,OG Anunoby,NY,F,2026-10-08,WSH,1,2026,19.0,10,5,1,0,1,1,1,3,6,4,5,401906508
3136195,Karl-Anthony Towns,NY,C,2026-10-08,WSH,1,2026,19.0,8,7,3,1,1,0,3,2,7,3,4,401906508
3062679,Josh Hart,NY,G,2026-10-08,WSH,1,2026,21.0,13,6,3,1,1,1,0,5,8,2,2,401906508
3147657,Mikal Bridges,NY,G,2026-10-08,WSH,1,2026,20.0,2,1,3,0,0,1,1,1,6,0,0,401906508
3934672,Jalen Brunson,NY,G,2026-10-08,WSH,1,2026,20.0,13,0,3,1,1,0,2,6,12,0,1,401906508
4838721,Tyler Nickel,NY,F,2026-10-08,WSH,1,2026,6.0,3,0,2,1,1,0,0,1,2,0,0,401906508
5211983,Pacome Dadiet,NY,F,2026-10-08,WSH,1,2026,12.0,5,5,0,1,1,0,1,2,8,0,0,401906508
5289900,Mohamed Diawara,NY,F,2026-10-08,WSH,1,2026,13.0,0,2,3,0,0,0,1,0,1,0,0,401906508
6585,Andre Drummond,NY,C,2026-10-08,WSH,1,2026,20.0,8,9,4,0,2,0,2,2,6,4,6,401906508
4432808,James Wiseman,NY,C,2026-10-08,WSH,1,2026,9.0,4,1,0,0,0,2,1,2,3,0,0,401906508
2528426,Jordan Clarkson,NY,G,2026-10-08,WSH,1,2026,9.0,7,0,0,1,0,0,0,3,5,0,0,401906508
3914044,Landry Shamet,NY,G,2026-10-08,WSH,1,2026,16.0,13,4,0,3,0,0,1,4,7,2,2,401906508
4065670,Bruce Brown,NY,G,2026-10-08,WSH,1,2026,10.0,4,1,1,0,0,0,1,2,3,0,0,401906508
4277869,Jose Alvarado,NY,G,2026-10-08,WSH,1,2026,14.0,6,2,1,0,1,0,1,2,7,2,2,401906508
4431823,Miles McBride,NY,G,2026-10-08,WSH,1,2026,16.0,6,2,0,1,0,0,0,2,7,1,1,401906508
4433225,Tyler Kolek,NY,G,2026-10-08,WSH,1,2026,10.0,2,1,3,0,1,0,0,1,4,0,0,401906508
4683730,Jaden Akins,NY,G,2026-10-08,WSH,1,2026,6.0,5,1,1,1,0,0,0,2,3,0,0,401906508
4431680,Onyeka Okongwu,ATL,F,2026-10-08,SA,0,2026,22.0,13,4,5,2,0,0,1,5,11,1,2,401898394
2490149,CJ McCollum,ATL,G,2026-10-08,SA,0,2026,19.0,14,5,4,4,0,0,1,5,11,0,0,401898394
4278039,Nickeil Alexander-Walker,ATL,G,2026-10-08,SA,0,2026,23.0,7,3,2,1,0,0,1,2,8,2,2,401898394
4397183,Aaron Wiggins,ATL,G,2026-10-08,SA,0,2026,24.0,10,2,4,2,1,2,2,2,8,4,4,401898394
4869342,Dyson Daniels,ATL,G,2026-10-08,SA,0,2026,21.0,13,11,1,1,1,0,0,6,16,0,0,401898394
2578185,Dorian Finney-Smith,ATL,F,2026-10-08,SA,0,2026,8.0,2,1,0,0,1,0,1,1,2,0,0,401898394
4280151,Corey Kispert,ATL,F,2026-10-08,SA,0,2026,21.0,10,0,2,2,0,0,0,4,11,0,0,401898394
4431714,Jalen Wilson,ATL,F,2026-10-08,SA,0,2026,14.0,2,1,1,0,0,0,0,1,3,0,0,401898394
4712902,Cameron Corhen,ATL,F,2026-10-08,SA,0,2026,4.0,0,1,0,0,0,0,0,0,0,0,0,401898394
4873201,Asa Newell,ATL,F,2026-10-08,SA,0,2026,14.0,16,1,0,1,0,0,0,5,8,5,6,401898394
5106262,Zuby Ejiofor,ATL,F,2026-10-08,SA,0,2026,14.0,7,4,0,1,1,0,1,3,4,0,0,401898394
3146557,Jock Landale,ATL,C,2026-10-08,SA,0,2026,14.0,10,5,2,2,1,2,1,4,6,0,0,401898394
4431941,RayJ Dennis,ATL,G,2026-10-08,SA,0,2026,12.0,4,2,4,0,1,1,0,2,6,0,0,401898394
4683857,Kobe Johnson,ATL,G,2026-10-08,SA,0,2026,9.0,0,0,0,0,3,0,1,0,1,0,0,401898394
5149077,Kingston Flemings,ATL,G,2026-10-08,SA,0,2026,20.0,15,3,5,2,3,0,1,6,8,1,2,401898394
4592479,Julian Champagnie,SA,F,2026-10-08,ATL,1,2026,18.0,10,0,1,2,0,0,2,4,6,0,0,401898394
5104157,Victor Wembanyama,SA,F,2026-10-08,ATL,1,2026,17.0,9,6,1,1,0,1,2,3,6,2,4,401898394
4395630,Devin Vassell,SA,G,2026-10-08,ATL,1,2026,18.0,12,3,1,2,1,1,0,4,8,2,2,401898394
4845367,Stephon Castle,SA,G,2026-10-08,ATL,1,2026,18.0,14,4,3,1,1,0,2,5,8,3,4,401898394
5037871,Dylan Harper,SA,G,2026-10-08,ATL,1,2026,19.0,16,4,4,3,1,0,0,5,7,3,4,401898394
6578,Harrison Barnes,SA,F,2026-10-08,ATL,1,2026,17.0,7,2,2,1,1,1,1,2,5,2,2,401898394
4395723,Keldon Johnson,SA,F,2026-10-08,ATL,1,2026,19.0,3,7,2,0,1,0,2,0,2,3,4,401898394
4713010,David Jones Garcia,SA,F,2026-10-08,ATL,1,2026,15.0,14,4,0,1,0,0,2,4,9,5,6,401898394
5061568,Carter Bryant,SA,F,2026-10-08,ATL,1,2026,23.0,11,5,0,2,1,1,4,3,8,3,4,401898394
3064560,Luke Kornet,SA,C,2026-10-08,ATL,1,2026,15.0,6,4,2,0,0,1,0,2,5,2,2,401898394
5105809,Tarris Reed Jr.,SA,C,2026-10-08,ATL,1,2026,17.0,2,6,1,0,0,0,0,0,2,2,2,401898394
3134916,Jordan McLaughlin,SA,G,2026-10-08,ATL,1,2026,13.0,2,1,1,0,0,0,2,1,2,0,0,401898394
3155937,Jon Elmore,SA,G,2026-10-08,ATL,1,2026,6.0,0,0,0,0,0,1,1,0,2,0,0,401898394
4433176,RJ Davis,SA,G,2026-10-08,ATL,1,2026,7.0,2,2,1,0,0,0,1,1,2,0,0,401898394
4703421,Taelon Peter,SA,G,2026-10-08,ATL,1,2026,9.0,0,1,1,0,0,0,0,0,2,0,0,401898394
5107968,Ja'Kobi Gillespie,SA,G,2026-10-08,ATL,1,2026,9.0,8,0,0,1,1,0,2,3,6,1,1,401898394
4065732,De'Andre Hunter,SAC,F,2026-10-08,LAL,0,2026,18.0,3,4,0,0,2,0,5,1,6,1,1,401898717
4431679,Precious Achiuwa,SAC,F,2026-10-08,LAL,0,2026,24.0,18,5,3,0,1,0,1,9,13,0,0,401898717
4898371,Maxime Raynaud,SAC,C,2026-10-08,LAL,0,2026,24.0,13,10,2,0,0,2,4,5,8,3,4,401898717
3064440,Zach LaVine,SAC,G,2026-10-08,LAL,0,2026,23.0,11,1,4,0,4,0,0,3,8,5,5,401898717
5142620,Darius Acuff Jr.,SAC,G,2026-10-08,LAL,0,2026,23.0,12,0,1,2,2,1,3,4,15,2,2,401898717
4395650,Leaky Black,SAC,F,2026-10-08,LAL,0,2026,11.0,4,1,1,0,1,0,0,2,2,0,0,401898717
4917149,Alex Karaban,SAC,F,2026-10-08,LAL,0,2026,20.0,7,3,2,2,1,0,2,2,3,1,1,401898717
5107897,Jonathan Mogbo,SAC,F,2026-10-08,LAL,0,2026,22.0,12,7,3,0,2,0,2,5,7,2,4,401898717
4433174,Dylan Cardwell,SAC,C,2026-10-08,LAL,0,2026,12.0,0,7,2,0,0,0,2,0,0,0,2,401898717
2583639,Elfrid Payton,SAC,G,2026-10-08,LAL,0,2026,10.0,0,3,2,0,2,0,2,0,2,0,0,401898717
4279318,Daeqwon Plowden,SAC,G,2026-10-08,LAL,0,2026,11.0,15,0,1,3,1,2,1,6,10,0,0,401898717
4397654,Adam Flagler,SAC,G,2026-10-08,LAL,0,2026,8.0,0,0,1,0,0,0,2,0,4,0,0,401898717
4702384,Nique Clifford,SAC,G,2026-10-08,LAL,0,2026,12.0,4,2,6,0,2,0,1,2,7,0,0,401898717
5106058,Emanuel Sharp,SAC,G,2026-10-08,LAL,0,2026,21.0,11,3,1,3,2,0,0,3,9,2,5,401898717
3155535,Kevon Looney,LAL,F,2026-10-08,SAC,1,2026,17.0,4,5,1,0,0,1,0,1,2,2,4,401898717
5060631,Adou Thiero,LAL,F,2026-10-08,SAC,1,2026,21.0,6,3,1,0,2,2,0,3,7,0,0,401898717
3945274,Luka Doncic,LAL,G,2026-10-08,SAC,1,2026,25.0,23,3,3,2,1,0,5,6,16,9,9,401898717
4066457,Austin Reaves,LAL,G,2026-10-08,SAC,1,2026,25.0,8,5,8,0,1,0,3,2,7,4,4,401898717
4397014,Quentin Grimes,LAL,G,2026-10-08,SAC,1,2026,29.0,12,0,0,2,2,0,6,4,8,2,2,401898717
4278077,Jarred Vanderbilt,LAL,F,2026-10-08,SAC,1,2026,9.0,4,6,0,0,1,0,1,2,2,0,0,401898717
4278580,Sandro Mamukelashvili,LAL,F,2026-10-08,SAC,1,2026,21.0,19,3,4,3,1,1,2,7,10,2,2,401898717
4397134,Cole Swider,LAL,F,2026-10-08,SAC,1,2026,4.0,1,0,0,0,0,0,0,0,2,1,1,401898717
4592691,Jake LaRavia,LAL,F,2026-10-08,SAC,1,2026,24.0,17,4,3,3,1,1,1,6,9,2,4,401898717
5107258,William Kyle III,LAL,F,2026-10-08,SAC,1,2026,3.0,2,0,0,0,0,1,1,1,2,0,0,401898717
5114350,AK Okereke,LAL,F,2026-10-08,SAC,1,2026,5.0,3,2,0,0,0,0,0,1,1,1,2,401898717
3907498,Matisse Thybulle,LAL,G,2026-10-08,SAC,1,2026,21.0,3,4,1,1,1,0,0,1,4,0,0,401898717
4683774,Bronny James,LAL,G,2026-10-08,SAC,1,2026,22.0,4,4,6,0,1,0,4,1,3,2,2,401898717
4702972,Chris Manon,LAL,G,2026-10-08,SAC,1,2026,6.0,2,0,0,0,1,0,0,0,2,2,2,401898717
4868423,Jaden Hardy,LAL,G,2026-10-08,SAC,1,2026,9.0,6,0,0,0,1,0,1,1,3,4,6,401898717
3202,Kevin Durant,HOU,F,2026-10-09,DAL,0,2026,23.0,15,0,2,1,0,1,1,7,12,0,1,401898395
4432639,Jabari Smith Jr.,HOU,F,2026-10-09,DAL,0,2026,22.0,12,4,1,2,1,0,0,4,8,2,4,401898395
4871144,Alperen Sengun,HOU,C,2026-10-09,DAL,0,2026,22.0,16,10,10,0,1,0,3,6,9,4,5,401898395
2991230,Fred VanVleet,HOU,G,2026-10-09,DAL,0,2026,24.0,17,2,7,5,2,0,1,5,12,2,3,401898395
4684740,Amen Thompson,HOU,G,2026-10-09,DAL,0,2026,24.0,8,7,2,0,1,1,6,4,8,0,0,401898395
4433192,Tari Eason,HOU,F,2026-10-09,DAL,0,2026,24.0,20,9,2,2,2,0,0,6,10,6,7,401898395
4592857,Isaiah Crawford,HOU,F,2026-10-09,DAL,0,2026,12.0,4,1,0,1,1,1,1,1,3,1,2,401898395
5105553,Julian Phillips,HOU,F,2026-10-09,DAL,0,2026,7.0,0,0,0,0,0,0,0,0,0,0,0,401898395
2991235,Steven Adams,HOU,C,2026-10-09,DAL,0,2026,14.0,2,3,1,0,1,0,1,1,1,0,0,401898395
4432827,Oscar Tshiebwe,HOU,C,2026-10-09,DAL,0,2026,12.0,5,3,1,0,0,0,2,2,2,1,2,401898395
3037789,Bogdan Bogdanovic,HOU,G,2026-10-09,DAL,0,2026,16.0,4,2,4,0,0,0,1,1,4,2,2,401898395
4683860,Quadir Copeland,HOU,G,2026-10-09,DAL,0,2026,9.0,3,1,1,0,1,0,2,0,0,3,4,401898395
4709131,Sean Pedulla,HOU,G,2026-10-09,DAL,0,2026,4.0,0,0,2,0,0,0,0,0,1,0,0,401898395
4711272,Reed Sheppard,HOU,G,2026-10-09,DAL,0,2026,19.0,16,1,1,4,1,0,1,6,10,0,0,401898395
5105837,Bruce Thornton,HOU,G,2026-10-09,DAL,0,2026,9.0,13,0,2,3,0,1,2,4,6,2,2,401898395
4278594,Naji Marshall,DAL,F,2026-10-09,HOU,1,2026,24.0,16,2,3,1,0,0,2,7,14,1,2,401898395
4873153,Morez Johnson Jr.,DAL,F,2026-10-09,HOU,1,2026,12.0,4,2,1,1,1,0,0,1,3,1,2,401898395
5041939,Cooper Flagg,DAL,F,2026-10-09,HOU,1,2026,19.0,19,6,3,1,1,1,2,7,14,4,4,401898395
5211175,Zaccharie Risacher,DAL,F,2026-10-09,HOU,1,2026,24.0,9,8,1,1,1,0,1,4,9,0,0,401898395
4432582,Max Christie,DAL,G,2026-10-09,HOU,1,2026,24.0,14,2,2,4,1,0,0,5,12,0,0,401898395
2531367,Dwight Powell,DAL,F,2026-10-09,HOU,1,2026,13.0,1,1,8,0,0,1,1,0,1,1,2,401898395
4278049,Daniel Gafford,DAL,F,2026-10-09,HOU,1,2026,8.0,7,3,0,1,1,0,1,3,4,0,0,401898395
5106040,Tobi Lawal,DAL,F,2026-10-09,HOU,1,2026,15.0,13,1,0,0,2,0,2,5,6,3,3,401898395
5148538,Tarik Biberovic,DAL,F,2026-10-09,HOU,1,2026,19.0,9,3,2,3,0,0,0,3,9,0,0,401898395
5279129,Sergio de Larrea,DAL,F,2026-10-09,HOU,1,2026,24.0,11,2,6,3,1,0,4,4,6,0,0,401898395
4701208,Moussa Cisse,DAL,C,2026-10-09,HOU,1,2026,14.0,0,6,3,0,2,0,2,0,3,0,0,401898395
4431775,Seth Lundy,DAL,G,2026-10-09,HOU,1,2026,14.0,3,1,0,1,0,0,1,1,4,0,2,401898395
4898238,John Poulakidas,DAL,G,2026-10-09,HOU,1,2026,14.0,3,0,2,1,0,0,1,1,3,0,0,401898395
5105806,Jett Howard,DAL,G,2026-10-09,HOU,1,2026,16.0,8,1,3,1,2,0,1,3,6,1,2,401898395
