date,team,opp,home
2026-10-08,CLE,BOS,1
2026-10-08,BOS,CLE,0
2026-10-08,MIA,NO,1
2026-10-08,NO,MIA,0
2026-10-08,BKN,PHI,1
2026-10-08,PHI,BKN,0
2026-10-08,NY,WSH,1
2026-10-08,WSH,NY,0
2026-10-08,SA,ATL,1
2026-10-08,ATL,SA,0
2026-10-08,LAL,SAC,1
2026-10-08,SAC,LAL,0
2026-10-09,DAL,HOU,1
2026-10-09,HOU,DAL,0
2026-10-09,CHI,MEM,1
2026-10-09,MEM,CHI,0
2026-10-10,TOR,LAC,1
2026-10-10,LAC,TOR,0
2026-10-10,IND,ATL,1
2026-10-10,ATL,IND,0
2026-10-10,WSH,DET,1
2026-10-10,DET,WSH,0
2026-10-10,MIA,MIN,1
2026-10-10,MIN,MIA,0
2026-10-10,BOS,PHI,1
2026-10-10,PHI,BOS,0
2026-10-10,GS,SAC,1
2026-10-10,SAC,GS,0
2026-10-10,PHX,SA,1
2026-10-10,SA,PHX,0
2026-10-11,HOU,DAL,1
2026-10-11,DAL,HOU,0
2026-10-11,CLE,ORL,1
2026-10-11,ORL,CLE,0
2026-10-11,CHA,MIL,1
2026-10-11,MIL,CHA,0
2026-10-11,DEN,CHI,1
2026-10-11,CHI,DEN,0
2026-10-12,POR,LON,1
2026-10-12,LON,POR,0
2026-10-12,ATL,OKC,1
2026-10-12,OKC,ATL,0
2026-10-12,WSH,BKN,1
2026-10-12,BKN,WSH,0
2026-10-12,NY,MIN,1
2026-10-12,MIN,NY,0
2026-10-12,UTAH,SA,1
2026-10-12,SA,UTAH,0
2026-10-13,ORL,CLE,1
2026-10-13,CLE,ORL,0
2026-10-13,TOR,NY,1
2026-10-13,NY,TOR,0
2026-10-13,OKC,IND,1
2026-10-13,IND,OKC,0
2026-10-13,LAL,GS,1
2026-10-13,GS,LAL,0
2026-10-13,SAC,POR,1
2026-10-13,POR,SAC,0
2026-10-14,MIA,BKN,1
2026-10-14,BKN,MIA,0
2026-10-14,BOS,CHA,1
2026-10-14,CHA,BOS,0
2026-10-14,SA,PHX,1
2026-10-14,PHX,SA,0
2026-10-14,DAL,NO,1
2026-10-14,NO,DAL,0
2026-10-14,MIL,CHI,1
2026-10-14,CHI,MIL,0
2026-10-14,MIN,DET,1
2026-10-14,DET,MIN,0
2026-10-14,LAC,DEN,1
2026-10-14,DEN,LAC,0
2026-10-15,NY,TOR,1
2026-10-15,TOR,NY,0
2026-10-15,HOU,OKC,1
2026-10-15,OKC,HOU,0
2026-10-16,ORL,MIA,1
2026-10-16,MIA,ORL,0
2026-10-16,PHI,BOS,1
2026-10-16,BOS,PHI,0
2026-10-16,DET,TOR,1
2026-10-16,TOR,DET,0
2026-10-16,IND,MIL,1
2026-10-16,MIL,IND,0
2026-10-16,DAL,ATL,1
2026-10-16,ATL,DAL,0
2026-10-16,SA,SAC,1
2026-10-16,SAC,SA,0
2026-10-16,MEM,CHA,1
2026-10-16,CHA,MEM,0
2026-10-16,NO,WSH,1
2026-10-16,WSH,NO,0
2026-10-16,CHI,MIN,1
2026-10-16,MIN,CHI,0
2026-10-16,GS,POR,1
2026-10-16,POR,GS,0
2026-10-16,PHX,UTAH,1
2026-10-16,UTAH,PHX,0
2026-10-16,LAL,DEN,1
2026-10-16,DEN,LAL,0
2026-10-20,DET,BOS,1
2026-10-20,BOS,DET,0
2026-10-20,NY,PHI,1
2026-10-20,PHI,NY,0
2026-10-20,SA,OKC,1
2026-10-20,OKC,SA,0
2026-10-21,ORL,ATL,1
2026-10-21,ATL,ORL,0
2026-10-21,WSH,MIL,1
2026-10-21,MIL,WSH,0
2026-10-21,MIA,MIN,1
2026-10-21,MIN,MIA,0
2026-10-21,BKN,CHA,1
2026-10-21,CHA,BKN,0
2026-10-21,TOR,CHI,1
2026-10-21,CHI,TOR,0
2026-10-21,MEM,UTAH,1
2026-10-21,UTAH,MEM,0
2026-10-21,NO,IND,1
2026-10-21,IND,NO,0
2026-10-21,HOU,DAL,1
2026-10-21,DAL,HOU,0
2026-10-21,LAL,GS,1
2026-10-21,GS,LAL,0
2026-10-21,POR,PHX,1
2026-10-21,PHX,POR,0
2026-10-21,LAC,SAC,1
2026-10-21,SAC,LAC,0
2026-10-22,PHI,CLE,1
2026-10-22,CLE,PHI,0
2026-10-22,OKC,DEN,1
2026-10-22,DEN,OKC,0
2026-10-23,BOS,NY,1
2026-10-23,NY,BOS,0
2026-10-23,CHA,ATL,1
2026-10-23,ATL,CHA,0
2026-10-23,IND,DAL,1
2026-10-23,DAL,IND,0
2026-10-23,ORL,MIN,1
2026-10-23,MIN,ORL,0
2026-10-23,WSH,TOR,1
2026-10-23,TOR,WSH,0
2026-10-23,MIA,DET,1
2026-10-23,DET,MIA,0
2026-10-23,MIL,CHI,1
2026-10-23,CHI,MIL,0
2026-10-23,SA,HOU,1
2026-10-23,HOU,SA,0
2026-10-23,UTAH,NO,1
2026-10-23,NO,UTAH,0
2026-10-23,GS,MEM,1
2026-10-23,MEM,GS,0
2026-10-23,LAL,LAC,1
2026-10-23,LAC,LAL,0
2026-10-23,SAC,POR,1
2026-10-23,POR,SAC,0
2026-10-24,CHA,MIA,1
2026-10-24,MIA,CHA,0
2026-10-24,CLE,BKN,1
2026-10-24,BKN,CLE,0
2026-10-24,PHI,MIL,1
2026-10-24,MIL,PHI,0
2026-10-24,ATL,HOU,1
2026-10-24,HOU,ATL,0
2026-10-24,CHI,WSH,1
2026-10-24,WSH,CHI,0
2026-10-24,DAL,SA,1
2026-10-24,SA,DAL,0
2026-10-24,DEN,NO,1
2026-10-24,NO,DEN,0
2026-10-24,PHX,GS,1
2026-10-24,GS,PHX,0
2026-10-25,UTAH,LAL,1
2026-10-25,LAL,UTAH,0
2026-10-25,BKN,IND,1
2026-10-25,IND,BKN,0
2026-10-25,NY,ORL,1
2026-10-25,ORL,NY,0
2026-10-25,MIN,TOR,1
2026-10-25,TOR,MIN,0
2026-10-25,OKC,LAC,1
2026-10-25,LAC,OKC,0
2026-10-25,PHI,DET,1
2026-10-25,DET,PHI,0
2026-10-25,SAC,MEM,1
2026-10-25,MEM,SAC,0
2026-10-26,CHA,WSH,1
2026-10-26,WSH,CHA,0
2026-10-26,CLE,MIN,1
2026-10-26,MIN,CLE,0
2026-10-26,BOS,CHI,1
2026-10-26,CHI,BOS,0
2026-10-26,MIA,DAL,1
2026-10-26,DAL,MIA,0
2026-10-26,MIL,IND,1
2026-10-26,IND,MIL,0
2026-10-26,OKC,PHX,1
2026-10-26,PHX,OKC,0
2026-10-26,HOU,ATL,1
2026-10-26,ATL,HOU,0
2026-10-26,UTAH,MEM,1
2026-10-26,MEM,UTAH,0
2026-10-26,DEN,GS,1
2026-10-26,GS,DEN,0
2026-10-27,BOS,BKN,1
2026-10-27,BKN,BOS,0
2026-10-27,NY,DET,1
2026-10-27,DET,NY,0
2026-10-27,SA,SAC,1
2026-10-27,SAC,SA,0
2026-10-27,LAL,POR,1
2026-10-27,POR,LAL,0
2026-10-28,ATL,MIA,1
2026-10-28,MIA,ATL,0
2026-10-28,CLE,WSH,1
2026-10-28,WSH,CLE,0
2026-10-28,DET,CHA,1
2026-10-28,CHA,DET,0
2026-10-28,IND,PHI,1
2026-10-28,PHI,IND,0
2026-10-28,TOR,ORL,1
2026-10-28,ORL,TOR,0
2026-10-28,CHI,NY,1
2026-10-28,NY,CHI,0
2026-10-28,MIL,HOU,1
2026-10-28,HOU,MIL,0
2026-10-28,MIN,GS,1
2026-10-28,GS,MIN,0
2026-10-28,NO,DEN,1
2026-10-28,DEN,NO,0
2026-10-28,UTAH,SA,1
2026-10-28,SA,UTAH,0
2026-10-28,DAL,OKC,1
2026-10-28,OKC,DAL,0
2026-10-28,LAC,LAL,1
2026-10-28,LAL,LAC,0
2026-10-29,ATL,CLE,1
2026-10-29,CLE,ATL,0
2026-10-29,NO,SAC,1
2026-10-29,SAC,NO,0
2026-10-29,POR,MEM,1
2026-10-29,MEM,POR,0
